company,question,difficulty,question_type,skills_assessed,compliance_level,source
JPMorgan,"An employee reports potential insider trading by a senior executive. How do you handle this investigation?",Senior,Investigation & Monitoring,Investigation & Incident Management,Senior Officer,Internal Scenario
Goldman Sachs,"A trader consistently pushes back on pre-trade compliance checks claiming they slow down profitable opportunities. How do you address this?",Mid,Ethics & Conduct,Cross-functional Collaboration,Compliance Officer,Internal Scenario
Bank of America,"You discovered a pattern of expense report violations across multiple departments. How do you address this systematically?",Senior,Investigation & Monitoring,Investigation & Incident Management,Compliance Manager,Internal Scenario
Google,"GDPR requires data deletion within 30 days but your engineering team says it takes 90 days to implement. What's your response?",Senior,Data Privacy,Crisis Management & Response,Senior Officer,Regulatory Scenario
Meta,"A whistleblower alleges that user data is being shared with third parties without proper consent mechanisms. How do you investigate?",Staff,Investigation & Monitoring,Investigation & Incident Management,Director Compliance,Internal Scenario
Amazon,"Antitrust regulators are questioning your marketplace practices. How do you coordinate the compliance response across business units?",Staff,Regulatory Compliance,Cross-functional Collaboration,Director Compliance,Regulatory Scenario
Apple,"A new regulation takes effect in 60 days but requires system changes that typically take 6 months. What's your approach?",Senior,Risk Assessment,Crisis Management & Response,Compliance Manager,Regulatory Scenario
Johnson & Johnson,"Clinical trial data shows an unexpected safety signal. How do you ensure proper regulatory reporting while managing business impact?",Staff,Regulatory Compliance,Crisis Management & Response,Director Compliance,Industry Scenario
Pfizer,"Manufacturing QA discovers a batch quality issue after products have been shipped. How do you handle the compliance obligations?",Senior,Investigation & Monitoring,Crisis Management & Response,Senior Officer,Industry Scenario
Merck,"A key opinion leader reports potential off-label promotion by your sales team. How do you investigate and respond?",Mid,Investigation & Monitoring,Investigation & Incident Management,Compliance Officer,Industry Scenario
General,"Your CEO asks you to expedite approval of a partnership that raises significant regulatory concerns. How do you respond?",Senior,Ethics & Conduct,Ethics & Conduct Management,Senior Officer,Leadership Scenario
General,"Audit findings reveal that training completion rates are low and ineffective. How do you redesign the compliance training program?",Mid,Training & Communication,Training & Communication,Compliance Officer,Process Improvement
JPMorgan,"A high-value client requests a transaction structure that appears designed to circumvent reporting requirements. What do you do?",Senior,Risk Assessment,Regulatory Knowledge & Interpretation,Senior Officer,Client Scenario
Goldman Sachs,"Investment banking teams are pressuring compliance to approve deals faster, claiming competitors have quicker processes. How do you respond?",Mid,Policy Development,Cross-functional Collaboration,Compliance Officer,Internal Pressure
Bank of America,"Branch managers report that KYC procedures are causing customer complaints and account closures. How do you balance compliance and business needs?",Mid,Policy Development,Cross-functional Collaboration,Compliance Officer,Business Balance
Google,"Engineers argue that privacy-by-design requirements significantly slow product development. How do you address this tension?",Mid,Data Privacy,Cross-functional Collaboration,Compliance Officer,Technical Challenge
Meta,"International expansion requires compliance with 15 different privacy regimes. How do you develop a scalable compliance framework?",Staff,Policy Development,Policy Development & Implementation,Director Compliance,Strategic Planning
Amazon,"Third-party sellers are using your platform for potentially counterfeit goods. How do you design monitoring and response procedures?",Senior,Risk Assessment,Risk Assessment & Analysis,Compliance Manager,Platform Risk
Apple,"Supply chain audits reveal labor compliance issues at a critical supplier. How do you address this while maintaining operations?",Senior,Risk Assessment,Crisis Management & Response,Senior Officer,Supply Chain
Johnson & Johnson,"FDA questions the validity of clinical trial endpoints you've been using for years. How do you respond and prevent future issues?",Staff,Regulatory Compliance,Regulatory Knowledge & Interpretation,Director Compliance,Regulatory Challenge
Pfizer,"Post-market surveillance identifies a safety pattern that wasn't detected in clinical trials. What's your compliance response framework?",Staff,Investigation & Monitoring,Crisis Management & Response,Director Compliance,Safety Issue
Merck,"Sales representatives are struggling to understand complex compliance rules around healthcare provider interactions. How do you improve clarity?",Junior,Training & Communication,Training & Communication,Compliance Analyst,Training Design
General,"A competitor publicly accuses your company of regulatory violations. How do you manage the compliance and reputational response?",Senior,Crisis Management,Crisis Management & Response,Senior Officer,Public Relations
General,"Regulatory guidance changes interpretation of existing rules affecting your core business model. How do you adapt?",Staff,Regulatory Compliance,Regulatory Knowledge & Interpretation,Director Compliance,Regulatory Change
JPMorgan,"Trading desk supervisors claim they don't have time for required surveillance activities. How do you ensure compliance coverage?",Mid,Policy Development,Policy Development & Implementation,Compliance Officer,Resource Allocation
Goldman Sachs,"Personal trading violations are increasing among junior staff despite training. How do you address this trend?",Mid,Training & Communication,Training & Communication,Compliance Officer,Behavioral Issue
Bank of America,"Loan officers are inconsistently applying fair lending practices across different regions. How do you standardize compliance?",Senior,Policy Development,Policy Development & Implementation,Compliance Manager,Process Standardization
Google,"Machine learning algorithms may be inadvertently causing discriminatory outcomes. How do you develop compliance monitoring?",Senior,Risk Assessment,Risk Assessment & Analysis,Senior Officer,AI Ethics
Meta,"Content moderation decisions are being challenged as potential censorship by regulators. How do you navigate this compliance issue?",Staff,Regulatory Compliance,Regulatory Knowledge & Interpretation,Director Compliance,Content Policy
Amazon,"Logistics partners in different countries have varying labor and safety standards. How do you ensure consistent compliance?",Senior,Risk Assessment,Risk Assessment & Analysis,Compliance Manager,Global Operations
Apple,"Environmental regulations are tightening around electronics manufacturing. How do you proactively adjust compliance strategies?",Senior,Regulatory Compliance,Regulatory Knowledge & Interpretation,Senior Officer,Environmental Compliance
Johnson & Johnson,"A clinical research organization you're working with has data integrity issues. How do you assess and mitigate compliance risks?",Senior,Risk Assessment,Risk Assessment & Analysis,Senior Officer,Vendor Risk
Pfizer,"Pricing transparency regulations require disclosure of information that could affect competitive positioning. How do you balance compliance and business strategy?",Staff,Ethics & Conduct,Ethics & Conduct Management,Director Compliance,Strategic Balance
Merck,"Healthcare providers are requesting off-label information that you cannot legally provide. How do you handle these situations consistently?",Mid,Training & Communication,Training & Communication,Compliance Officer,Communication Guidelines
General,"Board members are asking detailed questions about compliance program effectiveness. How do you demonstrate program value?",Senior,Audit & Reporting,Audit Coordination & Reporting,Compliance Manager,Board Reporting
General,"Limited compliance budget requires prioritizing between competing regulatory requirements. How do you make these decisions?",Senior,Risk Assessment,Risk Assessment & Analysis,Compliance Manager,Resource Management
JPMorgan,"Complex derivatives trading creates potential conflicts of interest between different client accounts. How do you design controls?",Staff,Policy Development,Policy Development & Implementation,Director Compliance,Control Design
Goldman Sachs,"Research analysts are frustrated by restrictions on company access that competitors don't seem to have. How do you maintain standards?",Mid,Ethics & Conduct,Ethics & Conduct Management,Compliance Officer,Competitive Pressure
Bank of America,"Mobile banking app updates need to maintain compliance with multiple financial regulations while improving user experience. How do you coordinate?",Mid,Cross-functional Collaboration,Cross-functional Collaboration,Compliance Officer,Technology Integration
Google,"Product teams want to launch innovative features but existing privacy regulations don't clearly address new technologies. How do you proceed?",Senior,Data Privacy,Regulatory Knowledge & Interpretation,Senior Officer,Innovation Challenge
Meta,"International data transfers face increasing regulatory scrutiny. How do you develop sustainable compliance strategies?",Staff,Data Privacy,Data Privacy & Protection,Director Compliance,Global Privacy
Amazon,"Marketplace algorithm changes could affect third-party seller compliance with various regulations. How do you assess impact?",Senior,Risk Assessment,Risk Assessment & Analysis,Senior Officer,Algorithm Governance
Apple,"New accessibility regulations require significant changes to user interfaces. How do you coordinate compliance across product teams?",Mid,Policy Development,Cross-functional Collaboration,Compliance Officer,Accessibility Compliance
Johnson & Johnson,"Regulatory agencies in different countries have conflicting requirements for the same clinical trial. How do you resolve this?",Staff,Regulatory Compliance,Regulatory Knowledge & Interpretation,Director Compliance,Regulatory Conflict
Pfizer,"Patient advocacy groups are pressuring for faster drug access while regulators emphasize safety protocols. How do you navigate this tension?",Senior,Ethics & Conduct,Ethics & Conduct Management,Senior Officer,Stakeholder Balance
Merck,"Sales team performance metrics may be inadvertently encouraging compliance violations. How do you address this systemic issue?",Senior,Policy Development,Policy Development & Implementation,Compliance Manager,Incentive Alignment
General,"Compliance technology systems are generating too many false positives, causing alert fatigue. How do you optimize monitoring effectiveness?",Mid,Investigation & Monitoring,Risk Assessment & Analysis,Compliance Officer,Technology Optimization
General,"Remote work arrangements complicate traditional compliance monitoring approaches. How do you adapt your program?",Mid,Policy Development,Policy Development & Implementation,Compliance Officer,Remote Work
JPMorgan,"High-frequency trading algorithms occasionally trigger market manipulation alerts. How do you design appropriate investigation procedures?",Senior,Investigation & Monitoring,Investigation & Incident Management,Senior Officer,Algorithmic Trading
Goldman Sachs,"Client confidentiality requirements conflict with regulatory reporting obligations in a specific transaction. How do you resolve this?",Senior,Ethics & Conduct,Regulatory Knowledge & Interpretation,Senior Officer,Confidentiality Conflict
Bank of America,"Anti-money laundering systems flag legitimate customer transactions as suspicious. How do you balance false positives with compliance effectiveness?",Mid,Risk Assessment,Risk Assessment & Analysis,Compliance Officer,AML Optimization
Google,"Employee personal data processing for HR purposes needs to comply with privacy regulations while supporting business operations. How do you structure this?",Mid,Data Privacy,Data Privacy & Protection,Compliance Officer,Employee Privacy
Meta,"Content creators are challenging platform policies as potentially violating free speech principles. How do you address compliance implications?",Senior,Policy Development,Ethics & Conduct Management,Senior Officer,Content Governance
Amazon,"Vendors are requesting access to customer data for business optimization purposes. How do you evaluate and structure these requests?",Senior,Data Privacy,Data Privacy & Protection,Senior Officer,Data Sharing
Apple,"Component suppliers in emerging markets lack robust compliance programs. How do you ensure supply chain compliance standards?",Senior,Risk Assessment,Risk Assessment & Analysis,Compliance Manager,Supply Chain Risk
Johnson & Johnson,"Compassionate use requests for experimental treatments create regulatory and ethical complexities. How do you develop decision frameworks?",Staff,Ethics & Conduct,Ethics & Conduct Management,Director Compliance,Compassionate Use
Pfizer,"Digital therapeutics partnerships require compliance with both pharmaceutical and software regulations. How do you coordinate requirements?",Staff,Regulatory Compliance,Cross-functional Collaboration,Director Compliance,Digital Health
Merck,"Healthcare economic research involves sensitive competitive information. How do you ensure compliance while maintaining research validity?",Senior,Ethics & Conduct,Ethics & Conduct Management,Senior Officer,Research Ethics
General,"Compliance program maturity assessment reveals significant gaps across multiple business lines. How do you prioritize improvements?",Senior,Audit & Reporting,Risk Assessment & Analysis,Compliance Manager,Program Assessment
General,"Merger integration requires harmonizing different compliance programs and cultures. How do you approach this systematically?",Staff,Policy Development,Policy Development & Implementation,Director Compliance,M&A Integration
JPMorgan,"Proprietary trading activities face increased regulatory scrutiny after recent market volatility. How do you strengthen compliance oversight?",Senior,Risk Assessment,Risk Assessment & Analysis,Senior Officer,Trading Oversight
Goldman Sachs,"Wealth management clients are requesting investment strategies that push regulatory boundaries. How do you provide guidance?",Mid,Ethics & Conduct,Ethics & Conduct Management,Compliance Officer,Investment Guidance
Bank of America,"Digital transformation initiatives must maintain compliance with traditional banking regulations. How do you integrate compliance into innovation?",Senior,Policy Development,Cross-functional Collaboration,Compliance Manager,Digital Banking
Google,"Artificial intelligence development raises novel ethical and regulatory questions. How do you create compliance frameworks for emerging AI applications?",Staff,Ethics & Conduct,Policy Development & Implementation,Director Compliance,AI Governance
Meta,"Platform content policies need to comply with varying international laws while maintaining consistent user experience. How do you balance these requirements?",Staff,Policy Development,Cross-functional Collaboration,Director Compliance,Global Content
Amazon,"Cloud service customers are requesting compliance certifications for highly regulated industries. How do you develop these capabilities?",Senior,Regulatory Compliance,Regulatory Knowledge & Interpretation,Senior Officer,Cloud Compliance
Apple,"Privacy features create technical challenges for law enforcement compliance requests. How do you balance privacy and legal obligations?",Staff,Data Privacy,Ethics & Conduct Management,Director Compliance,Privacy vs Legal
Johnson & Johnson,"Real-world evidence studies require balancing patient privacy with regulatory data requirements. How do you structure these programs?",Senior,Data Privacy,Data Privacy & Protection,Senior Officer,Real-World Evidence
Pfizer,"Biosimilar competition requires careful compliance with intellectual property and regulatory requirements. How do you navigate these complexities?",Senior,Regulatory Compliance,Regulatory Knowledge & Interpretation,Senior Officer,Biosimilar Strategy
Merck,"Precision medicine initiatives involve complex data sharing arrangements with academic institutions. How do you ensure compliance?",Senior,Data Privacy,Cross-functional Collaboration,Senior Officer,Precision Medicine
General,"Compliance metrics show improving numbers but business stakeholders question program effectiveness. How do you demonstrate real value?",Mid,Audit & Reporting,Audit Coordination & Reporting,Compliance Officer,Metrics Validation
General,"Regulatory examination findings require significant remediation efforts. How do you coordinate response while maintaining business continuity?",Senior,Crisis Management,Crisis Management & Response,Compliance Manager,Examination Response
JPMorgan,"Fixed income trading desks are implementing new electronic platforms that change traditional compliance monitoring approaches. How do you adapt?",Mid,Policy Development,Cross-functional Collaboration,Compliance Officer,Electronic Trading
Goldman Sachs,"Alternative investment strategies involve complex regulatory structures across multiple jurisdictions. How do you ensure comprehensive compliance?",Staff,Regulatory Compliance,Regulatory Knowledge & Interpretation,Director Compliance,Alternative Investments
Bank of America,"Small business lending program expansion requires compliance with Community Reinvestment Act obligations. How do you structure this initiative?",Senior,Regulatory Compliance,Policy Development & Implementation,Senior Officer,CRA Compliance
Google,"Search algorithm updates could inadvertently affect compliance with antitrust requirements. How do you monitor and address these risks?",Senior,Risk Assessment,Risk Assessment & Analysis,Senior Officer,Antitrust Monitoring
Meta,"Virtual reality platforms create new categories of user safety and privacy concerns. How do you develop appropriate compliance frameworks?",Staff,Policy Development,Risk Assessment & Analysis,Director Compliance,VR Compliance
Amazon,"International expansion requires understanding local compliance requirements while maintaining global operational efficiency. How do you scale compliance?",Senior,Policy Development,Cross-functional Collaboration,Compliance Manager,Global Expansion
Apple,"Subscription service offerings must comply with consumer protection regulations across different markets. How do you ensure consistent compliance?",Mid,Regulatory Compliance,Regulatory Knowledge & Interpretation,Compliance Officer,Subscription Compliance
Johnson & Johnson,"Digital health platform partnerships involve shared liability for regulatory compliance. How do you structure these arrangements?",Senior,Risk Assessment,Cross-functional Collaboration,Senior Officer,Digital Partnerships
Pfizer,"Combination product development involves coordination with multiple regulatory pathways. How do you manage compliance complexity?",Staff,Regulatory Compliance,Cross-functional Collaboration,Director Compliance,Combination Products
Merck,"Patient assistance programs must balance access goals with compliance requirements. How do you optimize program design?",Mid,Ethics & Conduct,Policy Development & Implementation,Compliance Officer,Patient Access
General,"Third-party vendor compliance program needs updating to address emerging risks. How do you redesign vendor management processes?",Mid,Risk Assessment,Risk Assessment & Analysis,Compliance Officer,Vendor Management
General,"Compliance training effectiveness is questioned after repeated violations in similar areas. How do you evaluate and improve training impact?",Mid,Training & Communication,Training & Communication,Compliance Officer,Training Effectiveness
JPMorgan,"Cryptocurrency trading activities require navigation of evolving regulatory landscape. How do you develop appropriate compliance protocols?",Senior,Regulatory Compliance,Regulatory Knowledge & Interpretation,Senior Officer,Crypto Compliance
Goldman Sachs,"ESG investment products face increasing regulatory scrutiny around claims and methodologies. How do you ensure compliance?",Senior,Risk Assessment,Regulatory Knowledge & Interpretation,Senior Officer,ESG Compliance
Bank of America,"Open banking initiatives require sharing customer data with third parties while maintaining privacy compliance. How do you structure this?",Senior,Data Privacy,Cross-functional Collaboration,Senior Officer,Open Banking
Google,"Quantum computing research may have national security implications requiring export control compliance. How do you address these considerations?",Staff,Regulatory Compliance,Risk Assessment & Analysis,Director Compliance,Export Controls
Meta,"Metaverse platforms create unprecedented regulatory questions around virtual property and identity. How do you develop compliance approaches?",Staff,Policy Development,Policy Development & Implementation,Director Compliance,Metaverse Governance
Amazon,"Autonomous delivery systems must comply with transportation and safety regulations while enabling innovation. How do you balance these requirements?",Senior,Regulatory Compliance,Cross-functional Collaboration,Senior Officer,Autonomous Systems
Apple,"Health app ecosystem requires compliance with medical device regulations for some applications. How do you categorize and manage these requirements?",Senior,Regulatory Compliance,Regulatory Knowledge & Interpretation,Senior Officer,Health Apps
Johnson & Johnson,"Gene therapy products involve novel regulatory pathways and manufacturing compliance requirements. How do you navigate this complexity?",Staff,Regulatory Compliance,Regulatory Knowledge & Interpretation,Director Compliance,Gene Therapy
Pfizer,"Decentralized clinical trials require new approaches to regulatory compliance and data integrity. How do you adapt traditional frameworks?",Senior,Policy Development,Cross-functional Collaboration,Senior Officer,Decentralized Trials
Merck,"Artificial intelligence in drug discovery raises questions about intellectual property and regulatory validation. How do you address these issues?",Staff,Ethics & Conduct,Regulatory Knowledge & Interpretation,Director Compliance,AI Drug Discovery
General,"Compliance program budget is being reduced while regulatory requirements are increasing. How do you maintain effectiveness with fewer resources?",Senior,Risk Assessment,Risk Assessment & Analysis,Compliance Manager,Budget Constraints
General,"New compliance team member has strong technical skills but limited regulatory knowledge. How do you structure their development program?",Junior,Training & Communication,Training & Communication,Compliance Analyst,Staff Development
JPMorgan,"Robo-advisory services require compliance with investment advisor regulations while scaling automated processes. How do you ensure oversight?",Mid,Policy Development,Cross-functional Collaboration,Compliance Officer,Robo-Advisory
Goldman Sachs,"SPAC transactions involve complex regulatory requirements and potential conflicts of interest. How do you structure compliance oversight?",Senior,Ethics & Conduct,Regulatory Knowledge & Interpretation,Senior Officer,SPAC Compliance
Bank of America,"Climate risk disclosure requirements need integration with existing risk management and compliance frameworks. How do you coordinate this?",Senior,Risk Assessment,Cross-functional Collaboration,Compliance Manager,Climate Risk
Google,"AI language models may generate content that violates various regulations or policies. How do you develop appropriate safeguards?",Senior,Risk Assessment,Risk Assessment & Analysis,Senior Officer,AI Content
Meta,"Cross-border data transfers face increasing regulatory restrictions. How do you maintain global platform functionality while ensuring compliance?",Staff,Data Privacy,Cross-functional Collaboration,Director Compliance,Data Localization
Amazon,"Marketplace sellers in different countries have varying compliance obligations. How do you create scalable seller compliance programs?",Senior,Policy Development,Cross-functional Collaboration,Compliance Manager,Seller Compliance
Apple,"App Store content policies must balance developer freedom with regulatory compliance across different jurisdictions. How do you manage this complexity?",Senior,Policy Development,Ethics & Conduct Management,Senior Officer,App Store Policy
Johnson & Johnson,"Rare disease drug development involves unique regulatory pathways and ethical considerations. How do you navigate these specialized requirements?",Senior,Regulatory Compliance,Ethics & Conduct Management,Senior Officer,Rare Disease
Pfizer,"Digital biomarkers in clinical trials require validation for regulatory acceptance while maintaining patient privacy. How do you structure these programs?",Staff,Data Privacy,Regulatory Knowledge & Interpretation,Director Compliance,Digital Biomarkers
Merck,"Vaccine manufacturing scale-up must maintain quality compliance while meeting urgent public health needs. How do you balance speed and compliance?",Staff,Crisis Management,Crisis Management & Response,Director Compliance,Vaccine Manufacturing
General,"Compliance culture assessment reveals resistance to new policies among long-term employees. How do you address cultural change management?",Mid,Training & Communication,Training & Communication,Compliance Officer,Culture Change
General,"Regulatory enforcement trends suggest increasing focus on individual accountability. How do you adjust compliance program to address this shift?",Senior,Policy Development,Risk Assessment & Analysis,Compliance Manager,Individual Accountability
JPMorgan,"Private banking clients request investment structures that may have regulatory implications in multiple jurisdictions. How do you provide appropriate guidance?",Senior,Ethics & Conduct,Regulatory Knowledge & Interpretation,Senior Officer,Private Banking
Goldman Sachs,"Market making activities in volatile conditions create potential compliance risks around best execution and market manipulation. How do you monitor these risks?",Senior,Risk Assessment,Investigation & Incident Management,Senior Officer,Market Making
Bank of America,"Fintech partnerships require ongoing compliance monitoring while maintaining competitive advantage. How do you structure these relationships?",Mid,Risk Assessment,Cross-functional Collaboration,Compliance Officer,Fintech Partnerships
Google,"Machine learning fairness requirements may conflict with business optimization goals. How do you balance algorithmic fairness with commercial objectives?",Senior,Ethics & Conduct,Ethics & Conduct Management,Senior Officer,AI Fairness
Meta,"Influencer marketing on platforms raises questions about advertising disclosure and consumer protection compliance. How do you address these concerns?",Mid,Policy Development,Regulatory Knowledge & Interpretation,Compliance Officer,Influencer Marketing
Amazon,"Supply chain transparency requirements demand visibility into complex global sourcing networks. How do you develop appropriate monitoring systems?",Senior,Risk Assessment,Cross-functional Collaboration,Compliance Manager,Supply Chain Transparency
Apple,"Repair services ecosystem must comply with environmental and safety regulations while supporting right-to-repair initiatives. How do you balance these requirements?",Mid,Regulatory Compliance,Cross-functional Collaboration,Compliance Officer,Repair Services
Johnson & Johnson,"Companion diagnostics development requires coordination between device and drug regulatory pathways. How do you manage this dual compliance requirement?",Staff,Regulatory Compliance,Cross-functional Collaboration,Director Compliance,Companion Diagnostics
Pfizer,"Patient data from wearable devices in clinical trials requires compliance with multiple privacy and medical device regulations. How do you structure data governance?",Senior,Data Privacy,Regulatory Knowledge & Interpretation,Senior Officer,Wearable Data
Merck,"Licensing agreements for innovative therapies involve complex regulatory and intellectual property considerations. How do you evaluate compliance risks?",Senior,Risk Assessment,Regulatory Knowledge & Interpretation,Senior Officer,Licensing Agreements
General,"Compliance program effectiveness measurement requires demonstrating ROI to senior leadership. How do you quantify compliance value?",Senior,Audit & Reporting,Audit Coordination & Reporting,Compliance Manager,ROI Measurement
General,"Emerging technology adoption requires updating compliance policies faster than traditional policy development cycles. How do you accelerate policy adaptation?",Mid,Policy Development,Policy Development & Implementation,Compliance Officer,Policy Agility