company,question,difficulty,question_type,skills_assessed,tpm_level,source
Google,"Your distributed systems project involves 5 engineering teams across 3 time zones. How do you ensure coordination without creating meeting fatigue?",Mid,Cross-team Collaboration,Technical Coordination & Integration,Senior TPM,Interview
Microsoft,"Azure service deployment is delayed by 2 weeks due to security review. How do you communicate this to 50+ dependent teams?",Senior,Stakeholder Management,Stakeholder Management & Communication,Principal TPM,Interview
Amazon,"Your microservices migration project has 12 services with interdependencies. One team just reported their API won't be ready for 3 weeks. What's your next move?",Senior,Technical Coordination,Technical Problem Solving,Senior TPM,Interview
Apple,"iOS release timeline moved up by 6 weeks. Your hardware integration project needs to accelerate. How do you re-prioritize resources?",Senior,Resource Management,Resource Planning & Allocation,Principal TPM,Interview
Meta,"Your ML model deployment project depends on data pipeline completion. Data team says they need 4 more weeks but product launch is in 2 weeks. How do you handle this?",Mid,Risk Management,Risk Assessment & Mitigation,Senior TPM,Interview
Netflix,"Your content delivery optimization project requires coordination between CDN, encoding, and client teams. How do you structure the technical dependencies?",Senior,Technical Coordination,Technical Coordination & Integration,Principal TPM,Interview
Uber,"Your real-time location tracking feature needs backend, mobile, and mapping team alignment. One team is consistently missing sprint commitments. What's your approach?",Mid,Agile & Methodology,Cross-functional Team Leadership,Senior TPM,Interview
Salesforce,"Your CRM integration project involves 3rd party APIs with rate limits. How do you plan for potential API changes mid-project?",Mid,Risk Management,Risk Assessment & Mitigation,Technical PM,Interview
Oracle,"Database migration project affects 20+ applications. How do you sequence the migration to minimize business impact?",Senior,Project Planning & Execution,Program Strategy & Roadmap Planning,Principal TPM,Interview
Adobe,"Your Creative Cloud feature requires desktop and web team coordination. Web team wants to use different technology stack. How do you resolve this?",Mid,Technical Coordination,Technical Problem Solving,Senior TPM,Interview
IBM,"Your AI platform deployment needs security clearance for enterprise clients. Approval process takes 8 weeks but launch is planned in 6 weeks. How do you adjust?",Senior,Risk Management,Risk Assessment & Mitigation,Principal TPM,Interview
Cisco,"Your network infrastructure upgrade affects multiple data centers. How do you coordinate rollouts to ensure zero downtime?",Senior,Project Planning & Execution,Technical Coordination & Integration,Senior TPM,Interview
General,"Three engineering teams are blocked waiting for your architecture decision. Each team has different technical preferences. How do you move forward?",Mid,Technical Coordination,Technical Problem Solving,Senior TPM,Interview
Google,"Your Android feature requires Play Store policy approval which typically takes 2-4 weeks. Launch is in 3 weeks. How do you mitigate this risk?",Mid,Risk Management,Risk Assessment & Mitigation,Technical PM,Interview
Microsoft,"Teams project integration requires SharePoint, Outlook, and OneDrive coordination. Each team has different sprint cycles. How do you align deliveries?",Mid,Agile & Methodology,Agile Methodology & Process Management,Senior TPM,Interview
Amazon,"Your AWS service launch depends on compliance team sign-off. They just requested additional security documentation. How do you manage timeline impact?",Senior,Stakeholder Management,Stakeholder Management & Communication,Senior TPM,Interview
Apple,"Your watchOS app needs coordination between health sensors team and UI team. Hardware team just changed sensor specifications. What's your response?",Senior,Technical Coordination,Technical Coordination & Integration,Principal TPM,Interview
Meta,"Your AR/VR project requires computer vision and graphics teams to integrate. Both teams are working on different architectures. How do you align them?",Senior,Technical Coordination,Technical Problem Solving,Principal TPM,Interview
Netflix,"Your recommendation engine update affects multiple client platforms. iOS team reports integration issues 1 week before launch. How do you handle this?",Mid,Risk Management,Risk Assessment & Mitigation,Senior TPM,Interview
Uber,"Your payment system upgrade involves backend, mobile, and fraud detection teams. Fraud team needs 2 additional weeks for ML model training. How do you adjust?",Senior,Resource Management,Resource Planning & Allocation,Senior TPM,Interview
Salesforce,"Your API integration project has 5 external partners with different technical capabilities. How do you manage varying integration timelines?",Senior,Vendor Management,Vendor & Partner Management,Principal TPM,Interview
Oracle,"Your cloud migration affects 15 legacy applications. Two applications have licensing restrictions that prevent cloud deployment. What's your strategy?",Senior,Risk Management,Risk Assessment & Mitigation,Principal TPM,Interview
Adobe,"Your photo editing AI feature requires GPU optimization team and ML team coordination. GPU team is shared across 3 other projects. How do you secure resources?",Mid,Resource Management,Resource Planning & Allocation,Senior TPM,Interview
IBM,"Your blockchain implementation requires legal approval for smart contracts. Legal review is taking longer than expected. How do you communicate delays to stakeholders?",Mid,Stakeholder Management,Stakeholder Management & Communication,Technical PM,Interview
Cisco,"Your 5G network equipment deployment requires field testing in 10 cities. Weather delays affect 3 cities. How do you adjust the testing schedule?",Mid,Project Planning & Execution,Project Planning & Execution,Senior TPM,Interview
General,"Your critical API has breaking changes that affect 8 client applications. How do you coordinate the migration without service disruption?",Senior,Technical Coordination,Technical Coordination & Integration,Principal TPM,Interview
Google,"Your Cloud Storage feature requires infrastructure and client team alignment. Infrastructure team wants to change data format mid-project. How do you evaluate this change?",Mid,Technical Coordination,Technical Problem Solving,Senior TPM,Interview
Microsoft,"Your Office 365 integration involves 4 product teams. One team wants to delay their feature by 1 sprint. How do you assess the impact?",Mid,Project Planning & Execution,Project Planning & Execution,Technical PM,Interview
Amazon,"Your Prime Video feature requires content delivery and mobile app teams. CDN team reports capacity issues in 2 regions. What's your mitigation strategy?",Senior,Risk Management,Risk Assessment & Mitigation,Senior TPM,Interview
Apple,"Your macOS update affects 6 built-in applications. Two app teams want to opt out of this release cycle. How do you handle this request?",Mid,Stakeholder Management,Stakeholder Management & Communication,Senior TPM,Interview
Meta,"Your Instagram feature requires computer vision and backend scaling. CV team needs specialized hardware that has 6-week delivery time. How do you plan around this?",Senior,Resource Management,Resource Planning & Allocation,Principal TPM,Interview
Netflix,"Your content encoding optimization affects streaming quality for 200M+ users. How do you plan the rollout to minimize risk?",Senior,Risk Management,Risk Assessment & Mitigation,Principal TPM,Interview
Uber,"Your driver safety feature requires mobile, backend, and IoT teams. IoT team is vendor-dependent and behind schedule. How do you manage this dependency?",Senior,Vendor Management,Vendor & Partner Management,Senior TPM,Interview
Salesforce,"Your Einstein AI integration requires data science and platform teams. Data team needs access to customer data that requires privacy review. How do you expedite this?",Mid,Risk Management,Risk Assessment & Mitigation,Senior TPM,Interview
Oracle,"Your database performance optimization affects 50+ enterprise clients. One major client wants custom optimization. How do you balance their request with general improvements?",Senior,Stakeholder Management,Stakeholder Management & Communication,Principal TPM,Interview
Adobe,"Your Creative Suite integration requires desktop app and cloud service coordination. Cloud team is migrating to new infrastructure. How do you align these efforts?",Senior,Technical Coordination,Technical Coordination & Integration,Senior TPM,Interview
IBM,"Your Watson AI deployment requires model training on client data. Data preparation is taking 3x longer than estimated. How do you reset expectations?",Mid,Stakeholder Management,Stakeholder Management & Communication,Technical PM,Interview
Cisco,"Your router firmware update affects network operations for enterprise clients. How do you coordinate testing and deployment across different client environments?",Senior,Project Planning & Execution,Program Strategy & Roadmap Planning,Principal TPM,Interview
General,"Your API versioning strategy affects 12 internal teams and 30 external partners. How do you manage this complex migration?",Senior,Technical Coordination,Technical Coordination & Integration,Principal TPM,Interview
Google,"Your machine learning pipeline requires data engineering and ML ops teams. Data team wants to refactor the entire pipeline mid-project. How do you evaluate this proposal?",Senior,Technical Coordination,Technical Problem Solving,Principal TPM,Interview
Microsoft,"Your Azure function depends on 3 other Azure services being updated first. One service team is blocked by external dependency. What's your approach?",Mid,Risk Management,Risk Assessment & Mitigation,Senior TPM,Interview
Amazon,"Your Alexa skill requires speech recognition and natural language processing teams. NLP team wants to try a new model that could improve accuracy by 15% but adds 4 weeks. How do you decide?",Senior,Technical Coordination,Technical Problem Solving,Senior TPM,Interview
Apple,"Your iOS security feature requires hardware and software team coordination. Hardware team discovered a chip limitation that affects your feature. How do you adapt?",Senior,Risk Management,Risk Assessment & Mitigation,Principal TPM,Interview
Meta,"Your WhatsApp feature requires encryption and messaging teams. Encryption team needs to wait for security audit completion. How do you manage the timeline impact?",Mid,Risk Management,Risk Assessment & Mitigation,Senior TPM,Interview
Netflix,"Your personalization algorithm update requires ML and A/B testing teams. Testing team wants to extend test duration by 2 weeks for better statistical significance. How do you balance this?",Mid,Project Planning & Execution,Project Planning & Execution,Technical PM,Interview
Uber,"Your marketplace feature requires driver and rider app teams plus backend services. Rider team is prioritizing another P0 issue. How do you negotiate resources?",Mid,Resource Management,Resource Planning & Allocation,Senior TPM,Interview
Salesforce,"Your integration platform requires API and security teams. Security team wants to implement new authentication that adds complexity. How do you assess this trade-off?",Mid,Technical Coordination,Technical Problem Solving,Senior TPM,Interview
Oracle,"Your enterprise software update affects deployment scripts for 100+ clients. Scripts need to be customized for each client's environment. How do you scale this effort?",Senior,Project Planning & Execution,Resource Planning & Allocation,Principal TPM,Interview
Adobe,"Your video editing feature requires GPU acceleration and cross-platform teams. GPU team is shared with gaming division and has conflicting priorities. How do you resolve this?",Senior,Resource Management,Cross-functional Team Leadership,Principal TPM,Interview
IBM,"Your cloud analytics platform requires data ingestion and visualization teams. Ingestion team wants to change data format for better performance. How do you coordinate this change?",Mid,Technical Coordination,Technical Coordination & Integration,Senior TPM,Interview
Cisco,"Your network monitoring tool requires firmware and software teams. Firmware team discovered memory limitations that affect your monitoring capabilities. What's your solution?",Senior,Technical Coordination,Technical Problem Solving,Principal TPM,Interview
General,"Your microservices architecture migration involves 8 service teams. Three teams want to use different service mesh technologies. How do you standardize this?",Senior,Technical Coordination,Technical Problem Solving,Principal TPM,Interview
Google,"Your Search algorithm update requires indexing and ranking teams. Indexing team wants to rebuild indexes which takes 2 weeks. Launch is in 10 days. How do you proceed?",Senior,Risk Management,Risk Assessment & Mitigation,Principal TPM,Interview
Microsoft,"Your Power Platform integration requires Power Apps, Power BI, and Power Automate teams. Each team has different release schedules. How do you coordinate a unified launch?",Mid,Project Planning & Execution,Agile Methodology & Process Management,Senior TPM,Interview
Amazon,"Your logistics optimization requires warehouse management and route planning teams. Route team wants to integrate with third-party traffic data. How do you evaluate this addition?",Mid,Vendor Management,Vendor & Partner Management,Senior TPM,Interview
Apple,"Your iCloud feature requires server and client teams. Server team wants to migrate to new data centers during your project timeline. How do you coordinate this?",Senior,Technical Coordination,Technical Coordination & Integration,Senior TPM,Interview
Meta,"Your content moderation system requires AI and policy teams. Policy team wants to update guidelines that affect AI model training. How do you manage this interdependency?",Mid,Stakeholder Management,Stakeholder Management & Communication,Senior TPM,Interview
Netflix,"Your streaming quality improvement requires encoding and CDN teams. CDN team reports bandwidth limitations in key markets. What's your optimization strategy?",Senior,Technical Coordination,Technical Problem Solving,Principal TPM,Interview
Uber,"Your fraud detection system requires data science and real-time processing teams. Processing team needs infrastructure upgrades that take 3 weeks. How do you adjust?",Mid,Resource Management,Resource Planning & Allocation,Senior TPM,Interview
Salesforce,"Your mobile app requires iOS, Android, and backend teams. Backend team wants to change API structure for better performance. How do you coordinate this change across mobile teams?",Mid,Technical Coordination,Technical Coordination & Integration,Senior TPM,Interview
Oracle,"Your database backup solution requires storage and networking teams. Storage team is implementing new archival policies that affect your backup strategy. How do you adapt?",Mid,Technical Coordination,Technical Problem Solving,Senior TPM,Interview
Adobe,"Your PDF processing service requires document parsing and cloud infrastructure teams. Parsing team wants to use machine learning which requires GPU resources. How do you plan for this?",Senior,Resource Management,Resource Planning & Allocation,Senior TPM,Interview
IBM,"Your enterprise integration requires on-premises and cloud teams. On-premises team needs additional security certifications that take 4 weeks. How do you manage this delay?",Mid,Risk Management,Risk Assessment & Mitigation,Technical PM,Interview
Cisco,"Your software-defined networking solution requires hardware abstraction and management software teams. Hardware team changed specifications affecting your software design. How do you respond?",Senior,Technical Coordination,Technical Problem Solving,Principal TPM,Interview
General,"Your authentication system redesign affects 15 applications across 5 teams. Two teams want custom authentication flows. How do you balance customization with standardization?",Senior,Technical Coordination,Technical Coordination & Integration,Principal TPM,Interview
Google,"Your YouTube feature requires video processing and recommendation teams. Processing team wants to try new compression algorithm that could save 20% bandwidth but needs 3 weeks testing. How do you decide?",Senior,Technical Coordination,Technical Problem Solving,Principal TPM,Interview
Microsoft,"Your Dynamics 365 integration requires CRM and ERP teams. ERP team is dealing with a critical bug affecting customers. How do you adjust your integration timeline?",Mid,Risk Management,Risk Assessment & Mitigation,Senior TPM,Interview
Amazon,"Your S3 performance improvement requires storage and networking teams. Networking team wants to implement new protocols that require client updates. How do you coordinate this rollout?",Senior,Technical Coordination,Technical Coordination & Integration,Principal TPM,Interview
Apple,"Your CarPlay feature requires automotive and iOS teams. Automotive partners have different integration capabilities and timelines. How do you manage these variations?",Senior,Vendor Management,Vendor & Partner Management,Principal TPM,Interview
Meta,"Your VR social platform requires graphics rendering and networking teams. Rendering team needs new hardware development that takes 8 weeks. How do you plan around this?",Senior,Resource Management,Resource Planning & Allocation,Principal TPM,Interview
Netflix,"Your content recommendation requires viewing analytics and ML teams. Analytics team wants to add new data sources that require privacy review. How do you handle this dependency?",Mid,Risk Management,Risk Assessment & Mitigation,Senior TPM,Interview
Uber,"Your autonomous vehicle project requires perception and planning teams. Perception team wants to add new sensor types that require hardware changes. How do you evaluate this request?",Senior,Technical Coordination,Technical Problem Solving,Principal TPM,Interview
Salesforce,"Your marketing automation requires email and analytics teams. Email team is migrating to new infrastructure that affects delivery tracking. How do you coordinate this migration?",Mid,Technical Coordination,Technical Coordination & Integration,Senior TPM,Interview
Oracle,"Your multi-tenant database solution requires isolation and performance teams. Isolation team wants to implement new security measures that affect performance. How do you balance these requirements?",Senior,Technical Coordination,Technical Problem Solving,Principal TPM,Interview
Adobe,"Your digital asset management requires storage and search teams. Search team wants to implement AI-powered tagging that requires model training infrastructure. How do you plan this?",Mid,Resource Management,Resource Planning & Allocation,Senior TPM,Interview
IBM,"Your hybrid cloud solution requires public and private cloud teams. Private cloud team has compliance requirements that affect public cloud integration. How do you address this?",Senior,Risk Management,Risk Assessment & Mitigation,Principal TPM,Interview
Cisco,"Your IoT platform requires device management and data analytics teams. Device team wants to change telemetry format that affects analytics processing. How do you coordinate this change?",Mid,Technical Coordination,Technical Coordination & Integration,Senior TPM,Interview
General,"Your API gateway project affects 20 microservices across 8 teams. Gateway team wants to implement rate limiting that could affect service performance. How do you roll this out safely?",Senior,Risk Management,Risk Assessment & Mitigation,Principal TPM,Interview
Google,"Your Chrome feature requires browser engine and security teams. Security team discovered vulnerability that requires architecture changes. How do you incorporate this into your timeline?",Senior,Risk Management,Risk Assessment & Mitigation,Principal TPM,Interview
Microsoft,"Your Xbox Live feature requires gaming and networking teams. Networking team is implementing new protocols for reduced latency. How do you test this with your gaming features?",Mid,Technical Coordination,Technical Coordination & Integration,Senior TPM,Interview
Amazon,"Your recommendation engine requires collaborative filtering and content-based teams. Both teams want to use different ML frameworks. How do you standardize the approach?",Mid,Technical Coordination,Technical Problem Solving,Senior TPM,Interview
Apple,"Your health monitoring feature requires sensor data and privacy teams. Privacy team needs to implement new data anonymization that affects real-time processing. How do you handle this?",Senior,Technical Coordination,Technical Problem Solving,Principal TPM,Interview
Meta,"Your ad targeting system requires ML and user experience teams. UX team wants privacy controls that limit ML model effectiveness. How do you balance these requirements?",Senior,Stakeholder Management,Stakeholder Management & Communication,Principal TPM,Interview
Netflix,"Your live streaming feature requires encoding and distribution teams. Distribution team needs CDN upgrades in 5 regions that take 4 weeks. How do you plan the feature rollout?",Senior,Project Planning & Execution,Program Strategy & Roadmap Planning,Principal TPM,Interview
Uber,"Your pricing algorithm requires economics and engineering teams. Economics team wants dynamic pricing that requires real-time data processing capabilities. How do you scope this technically?",Mid,Technical Coordination,Technical Coordination & Integration,Senior TPM,Interview
Salesforce,"Your workflow automation requires process engine and integration teams. Integration team wants to support 50+ third-party connectors with different capabilities. How do you manage this complexity?",Senior,Project Planning & Execution,Program Strategy & Roadmap Planning,Principal TPM,Interview
Oracle,"Your performance monitoring requires metrics collection and visualization teams. Collection team wants to increase data granularity by 10x affecting storage costs. How do you evaluate this?",Mid,Resource Management,Resource Planning & Allocation,Senior TPM,Interview
Adobe,"Your font rendering requires typography and graphics teams. Typography team wants to support new OpenType features that require graphics engine updates. How do you coordinate this?",Mid,Technical Coordination,Technical Coordination & Integration,Senior TPM,Interview
IBM,"Your natural language processing requires linguistics and engineering teams. Linguistics team wants to add support for 12 new languages requiring new training data. How do you resource this?",Senior,Resource Management,Resource Planning & Allocation,Principal TPM,Interview
Cisco,"Your network automation requires configuration management and monitoring teams. Monitoring team wants real-time alerts that require new infrastructure. How do you plan this infrastructure need?",Mid,Resource Management,Resource Planning & Allocation,Senior TPM,Interview
General,"Your data pipeline migration affects 25 downstream consumers. Five consumers want custom data formats for their specific use cases. How do you handle these customization requests?",Senior,Stakeholder Management,Stakeholder Management & Communication,Principal TPM,Interview
Google,"Your Maps feature requires routing and traffic teams. Traffic team wants to integrate real-time accident data that requires new data partnerships. How do you manage this external dependency?",Senior,Vendor Management,Vendor & Partner Management,Principal TPM,Interview
Microsoft,"Your AI assistant requires speech and language understanding teams. Speech team wants to improve accuracy by 25% but needs 6 weeks for model retraining. Launch is in 4 weeks. How do you proceed?",Senior,Technical Coordination,Technical Problem Solving,Principal TPM,Interview
Amazon,"Your inventory management requires warehouse and prediction teams. Prediction team wants to incorporate weather data that requires new data sources and processing. How do you evaluate this enhancement?",Mid,Vendor Management,Vendor & Partner Management,Senior TPM,Interview
Apple,"Your camera feature requires image processing and machine learning teams. ML team wants to use on-device processing that requires new chip capabilities. How do you coordinate with hardware teams?",Senior,Technical Coordination,Technical Coordination & Integration,Principal TPM,Interview
Meta,"Your messaging encryption requires cryptography and messaging teams. Cryptography team wants to implement post-quantum algorithms that affect message processing performance. How do you plan this transition?",Senior,Technical Coordination,Technical Problem Solving,Principal TPM,Interview
Netflix,"Your content delivery requires edge computing and caching teams. Caching team wants to implement ML-based cache optimization that requires new infrastructure. How do you justify and plan this investment?",Senior,Resource Management,Resource Planning & Allocation,Principal TPM,Interview
Uber,"Your matching algorithm requires supply and demand prediction teams. Both teams want to use different data science approaches that could conflict. How do you align their methodologies?",Mid,Technical Coordination,Technical Problem Solving,Senior TPM,Interview
Salesforce,"Your customer service platform requires AI chatbot and human agent teams. AI team wants to handle 80% of inquiries but agent team is concerned about customer satisfaction. How do you balance automation with human touch?",Senior,Stakeholder Management,Stakeholder Management & Communication,Principal TPM,Interview
Oracle,"Your disaster recovery solution requires backup and replication teams. Replication team wants to change data synchronization method affecting backup strategies. How do you coordinate this architectural change?",Senior,Technical Coordination,Technical Coordination & Integration,Principal TPM,Interview
Adobe,"Your collaborative editing requires real-time sync and conflict resolution teams. Sync team wants to implement operational transforms that require changes to conflict resolution logic. How do you manage this interdependent change?",Senior,Technical Coordination,Technical Problem Solving,Principal TPM,Interview
IBM,"Your quantum computing simulation requires quantum algorithms and classical optimization teams. Algorithm team wants to use quantum-inspired methods on classical hardware. How do you bridge these different computing paradigms?",Senior,Technical Coordination,Technical Problem Solving,Principal TPM,Interview
Cisco,"Your edge computing platform requires device management and application orchestration teams. Device team wants to support heterogeneous hardware that complicates orchestration. How do you manage this complexity?",Senior,Technical Coordination,Technical Coordination & Integration,Principal TPM,Interview
General,"Your compliance monitoring system requires audit trail and reporting teams. Audit team wants immutable logs that require blockchain integration affecting reporting performance. How do you evaluate this architectural decision?",Senior,Technical Coordination,Technical Problem Solving,Principal TPM,Interview
Google,"Your assistant integration requires voice recognition and natural language teams. Recognition team achieved 95% accuracy but NL team says they need 98% for their algorithms to work well. How do you bridge this gap?",Mid,Technical Coordination,Technical Problem Solving,Senior TPM,Interview
Microsoft,"Your enterprise security solution requires threat detection and response teams. Detection team wants to use behavioral analytics that requires 6 months of baseline data. How do you plan for this data collection period?",Senior,Project Planning & Execution,Program Strategy & Roadmap Planning,Principal TPM,Interview
Amazon,"Your supply chain optimization requires logistics and machine learning teams. ML team wants to incorporate economic indicators that require new data partnerships and processing capabilities. How do you scope this addition?",Senior,Vendor Management,Vendor & Partner Management,Principal TPM,Interview
Apple,"Your augmented reality feature requires computer vision and graphics rendering teams. Vision team wants to use neural networks that require specialized processing capabilities. How do you plan for hardware requirements?",Senior,Resource Management,Resource Planning & Allocation,Principal TPM,Interview
Meta,"Your content moderation requires policy and machine learning teams. Policy team updated guidelines affecting 40% of ML training data. How do you manage model retraining while maintaining service quality?",Senior,Risk Management,Risk Assessment & Mitigation,Principal TPM,Interview
Netflix,"Your global expansion requires content licensing and technical infrastructure teams. Licensing secured rights for 15 new countries but infrastructure needs 8 weeks for compliance setup. How do you sequence this launch?",Senior,Project Planning & Execution,Program Strategy & Roadmap Planning,Principal TPM,Interview
Uber,"Your safety feature requires background checks and real-time monitoring teams. Background team wants to add new verification steps that affect driver onboarding timeline. How do you balance safety with user experience?",Mid,Stakeholder Management,Stakeholder Management & Communication,Senior TPM,Interview
Salesforce,"Your analytics platform requires data processing and visualization teams. Processing team wants to implement stream processing that changes data availability patterns for visualization. How do you coordinate this architectural shift?",Senior,Technical Coordination,Technical Coordination & Integration,Principal TPM,Interview
Oracle,"Your cloud migration requires legacy system and modern platform teams. Legacy team identified dependencies that require custom integration work affecting migration timeline. How do you re-plan this migration?",Senior,Risk Management,Risk Assessment & Mitigation,Principal TPM,Interview
Adobe,"Your creative AI requires machine learning and user interface teams. ML team developed capabilities that need new UI paradigms for effective user interaction. How do you coordinate this user experience innovation?",Senior,Technical Coordination,Technical Problem Solving,Principal TPM,Interview
IBM,"Your blockchain implementation requires distributed systems and smart contract teams. Systems team wants to optimize consensus algorithm that affects smart contract execution model. How do you manage this low-level change?",Senior,Technical Coordination,Technical Coordination & Integration,Principal TPM,Interview
Cisco,"Your 5G implementation requires radio access and core network teams. Radio team wants to implement beamforming that requires core network changes for optimal routing. How do you coordinate these interdependent optimizations?",Senior,Technical Coordination,Technical Problem Solving,Principal TPM,Interview
General,"Your multi-cloud strategy requires AWS, Azure, and GCP teams. Each team wants to use cloud-specific services that create vendor lock-in. How do you balance optimization with portability?",Senior,Technical Coordination,Technical Problem Solving,Director TPM,Interview
Google,"Your privacy-preserving analytics requires differential privacy and data science teams. Privacy team's noise addition is affecting ML model accuracy below acceptable thresholds. How do you find the right balance?",Senior,Technical Coordination,Technical Problem Solving,Principal TPM,Interview
Microsoft,"Your mixed reality platform requires hardware and software teams across HoloLens and Xbox divisions. Each division has different performance requirements and constraints. How do you create a unified platform strategy?",Senior,Cross-team Collaboration,Cross-functional Team Leadership,Director TPM,Interview
Amazon,"Your sustainability initiative requires carbon tracking across all AWS services and optimization teams. Tracking requires instrumentation that could affect service performance. How do you implement this without impacting customers?",Senior,Technical Coordination,Program Strategy & Roadmap Planning,Director TPM,Interview
Apple,"Your universal app platform requires iOS, macOS, and iPadOS teams to share code while maintaining platform-specific experiences. Teams have different development cycles and priorities. How do you align this effort?",Senior,Cross-team Collaboration,Cross-functional Team Leadership,Director TPM,Interview
Meta,"Your metaverse platform requires VR, AR, and social networking teams to create integrated experiences. Each team has different technology stacks and user interaction models. How do you architect this convergence?",Senior,Technical Coordination,Program Strategy & Roadmap Planning,Director TPM,Interview
Netflix,"Your interactive content platform requires video streaming, gaming, and content creation teams. Each team has different latency and quality requirements. How do you create a unified technical architecture?",Senior,Technical Coordination,Technical Coordination & Integration,Director TPM,Interview
Uber,"Your autonomous vehicle platform requires perception, planning, mapping, and fleet management teams across multiple cities with different regulations. How do you coordinate this complex multi-team, multi-location effort?",Senior,Cross-team Collaboration,Program Strategy & Roadmap Planning,Director TPM,Interview
General,"Your company is acquiring a startup with different technology stack, development processes, and team culture. How do you integrate their team and technology while maintaining both products' development velocity?",Senior,Cross-team Collaboration,Cross-functional Team Leadership,Director TPM,Interview
Salesforce,"Your AI-powered customer platform requires Einstein AI, Service Cloud, and Marketing Cloud teams to share customer insights while maintaining data privacy. How do you architect this data sharing across product boundaries?",Senior,Technical Coordination,Program Strategy & Roadmap Planning,Director TPM,Interview
Oracle,"Your hybrid database solution requires on-premises Oracle Database and cloud Autonomous Database teams to provide seamless migration paths. Each team has different optimization strategies. How do you create unified customer experience?",Senior,Technical Coordination,Cross-functional Team Leadership,Director TPM,Interview