company,question,difficulty,question_type,skills_assessed,bd_level,source
Google,"A major cloud competitor wants to partner on AI APIs but could potentially compete with your core products. How do you evaluate this partnership?",Senior,Partnership Strategy,Partnership Strategy & Development,Director BD,Interview
Microsoft,"You're building a partner ecosystem for Azure but key ISVs are hesitant due to competitive concerns. What's your approach?",Senior,Ecosystem Development,Platform & Ecosystem Development,Senior BD,Interview
Amazon,"A retail partner wants exclusive access to certain AWS services in exchange for higher revenue commitments. How do you structure this?",Mid,Deal Negotiation,Deal Negotiation & Structuring,BD Manager,Interview
Apple,"You need to convince a major app developer to adopt your new SDK when they're already successful on the current platform. What's your strategy?",Mid,Partnership Strategy,Stakeholder Management & Communication,BD Manager,Interview
Meta,"A content creator platform wants deeper Instagram integration but is also building competing social features. How do you navigate this?",Senior,Strategic Alliances,Strategic Alliance Management,Senior BD,Interview
Salesforce,"Your integration partner is planning to build native functionality that could replace your solution. How do you protect the partnership?",Senior,Integration Management,Integration Planning & Management,Director BD,Interview
Adobe,"A design tool startup wants to integrate with Creative Cloud but lacks the technical resources for a full integration. How do you help?",Mid,Integration Management,Cross-functional Collaboration & Leadership,BD Manager,Interview
Oracle,"You're trying to expand your partner channel but existing partners are concerned about territory overlap. How do you manage this?",Mid,Channel Development,Channel Management & Optimization,BD Manager,Interview
Stripe,"A fintech partner wants to white-label your payment infrastructure but maintain their own branding and customer relationships. How do you structure this deal?",Senior,Revenue Partnerships,Revenue Generation & Optimization,Senior BD,Interview
Shopify,"An enterprise client wants a custom marketplace integration that could benefit other merchants. How do you turn this into a scalable partnership opportunity?",Mid,Platform Partnerships,Platform & Ecosystem Development,BD Manager,Interview
Uber,"A logistics company wants to partner on delivery services but operates in overlapping markets. How do you structure a win-win collaboration?",Senior,Partnership Strategy,Market Analysis & Opportunity Assessment,Director BD,Interview
Airbnb,"A property management company controls significant inventory but wants revenue guarantees before committing. How do you negotiate this?",Senior,Deal Negotiation,Deal Negotiation & Structuring,Senior BD,Interview
General,"Your largest channel partner is consistently missing quarterly targets but represents 40% of your pipeline. What's your action plan?",Mid,Channel Development,Channel Management & Optimization,BD Manager,Interview
General,"Two key partners in your ecosystem see each other as direct competitors and are pressuring you to choose sides. How do you handle this?",Senior,Ecosystem Development,Strategic Alliance Management,Director BD,Interview
General,"A potential partner wants access to your customer data in exchange for strategic integration benefits. How do you evaluate and structure this?",Senior,Partnership Strategy,Partnership Strategy & Development,Senior BD,Interview
Google,"YouTube wants to partner with a music streaming service that directly competes with YouTube Music. How do you approach this internal conflict?",Senior,Strategic Alliances,Strategic Alliance Management,Director BD,Interview
Microsoft,"Teams integration partners are concerned about Microsoft building competing features. How do you maintain partner confidence while continuing innovation?",Senior,Platform Partnerships,Stakeholder Management & Communication,Director BD,Interview
Amazon,"A major seller wants preferential placement and pricing on AWS Marketplace in exchange for volume commitments. How do you evaluate this request?",Mid,Revenue Partnerships,Revenue Generation & Optimization,BD Manager,Interview
Apple,"App Store partners are requesting lower commission rates for certain app categories. How do you balance partner demands with business objectives?",Senior,Deal Negotiation,Deal Negotiation & Structuring,VP BD,Interview
Meta,"WhatsApp Business API partners want more favorable pricing as they scale. How do you create a pricing structure that grows with partners?",Mid,Revenue Partnerships,Revenue Generation & Optimization,BD Manager,Interview
Salesforce,"A major consulting partner wants co-exclusive rights to certain industry verticals. How do you structure territory agreements that don't limit growth?",Senior,Channel Development,Channel Management & Optimization,Senior BD,Interview
Adobe,"Creative agencies want early access to beta features for their enterprise clients. How do you manage partner expectations around unreleased products?",Mid,Partnership Strategy,Stakeholder Management & Communication,BD Manager,Interview
Oracle,"A systems integrator wants joint go-to-market funding but hasn't demonstrated clear ROI from previous investments. How do you structure performance-based partnerships?",Mid,Channel Development,Channel Management & Optimization,BD Manager,Interview
Stripe,"A major e-commerce platform wants to negotiate volume-based pricing but seasonal fluctuations make commitments difficult. How do you create flexible agreements?",Mid,Deal Negotiation,Deal Negotiation & Structuring,BD Manager,Interview
Shopify,"Third-party logistics providers want guaranteed merchant volume in exchange for preferential rates. How do you balance merchant choice with partner commitments?",Senior,Strategic Alliances,Strategic Alliance Management,Senior BD,Interview
Uber,"City governments want data sharing agreements for traffic optimization but this raises privacy concerns. How do you navigate public-private partnerships?",Senior,Partnership Strategy,Partnership Strategy & Development,Director BD,Interview
Airbnb,"Tourism boards want promotional partnerships but some local regulations conflict with your business model. How do you structure compliant partnerships?",Senior,Strategic Alliances,Market Analysis & Opportunity Assessment,Senior BD,Interview
General,"You discover a key partner is sharing your proprietary information with competitors. How do you address this while preserving the relationship?",Senior,Integration Management,Strategic Alliance Management,Director BD,Interview
General,"A startup partner you've invested resources in gets acquired by a competitor. How do you protect your interests and maintain the partnership value?",Senior,Partnership Strategy,Partnership Strategy & Development,VP BD,Interview
General,"Your partner's new CEO wants to renegotiate all existing agreements 18 months into a 5-year deal. What's your negotiation strategy?",Senior,Deal Negotiation,Deal Negotiation & Structuring,Senior BD,Interview
Google,"Cloud partners want guaranteed customer leads but you're also investing in direct sales. How do you balance channel conflict?",Mid,Channel Development,Channel Management & Optimization,BD Manager,Interview
Microsoft,"Office 365 add-in developers are concerned about feature overlap with native Microsoft capabilities. How do you communicate your product roadmap to partners?",Mid,Platform Partnerships,Stakeholder Management & Communication,BD Manager,Interview
Amazon,"Marketplace sellers want more transparency into the algorithm that affects their visibility. How do you balance transparency with competitive advantage?",Senior,Platform Partnerships,Platform & Ecosystem Development,Senior BD,Interview
Apple,"iOS developers want more revenue sharing options beyond the standard App Store model. How do you evaluate alternative partnership structures?",Senior,Revenue Partnerships,Revenue Generation & Optimization,Director BD,Interview
Meta,"Instagram commerce partners want lower transaction fees for high-volume merchants. How do you create scalable pricing that rewards growth?",Mid,Revenue Partnerships,Revenue Generation & Optimization,BD Manager,Interview
Salesforce,"AppExchange partners are requesting co-marketing support but your marketing team has limited bandwidth. How do you prioritize partner marketing investments?",Mid,Channel Development,Cross-functional Collaboration & Leadership,BD Manager,Interview
Adobe,"Enterprise customers want their preferred agencies to have priority support access. How do you create tiered partner programs that add value?",Mid,Partnership Strategy,Partnership Strategy & Development,BD Manager,Interview
Oracle,"Database migration partners want technical certification programs but the investment is significant. How do you build scalable partner enablement?",Mid,Channel Development,Integration Planning & Management,BD Manager,Interview
Stripe,"Payment processors in emerging markets want localized settlement options. How do you expand your partner network globally while managing risk?",Senior,Strategic Alliances,Market Analysis & Opportunity Assessment,Senior BD,Interview
Shopify,"App developers want access to real-time merchant data for better optimization. How do you balance data sharing with privacy requirements?",Senior,Integration Management,Integration Planning & Management,Senior BD,Interview
Uber,"Restaurant partners want more control over delivery pricing and customer relationships. How do you evolve partnership terms as the market matures?",Senior,Partnership Strategy,Partnership Strategy & Development,Director BD,Interview
Airbnb,"Property management companies want white-label booking solutions for their direct channels. How do you evaluate partnerships that could reduce platform dependency?",Senior,Strategic Alliances,Strategic Alliance Management,Director BD,Interview
General,"Your competitor just acquired your second-largest partner. How do you respond strategically while maintaining ecosystem stability?",Senior,Partnership Strategy,Market Analysis & Opportunity Assessment,Director BD,Interview
General,"A high-value partner threatens to leave unless you match a competitor's more favorable terms. How do you handle this negotiation?",Senior,Deal Negotiation,Deal Negotiation & Structuring,Senior BD,Interview
General,"You need to sunset a partnership program due to strategic changes but have 200+ active partners. How do you manage this transition?",Senior,Channel Development,Stakeholder Management & Communication,Director BD,Interview
Google,"Android device manufacturers want more control over the user experience but this conflicts with platform consistency. How do you balance partner needs with platform integrity?",Senior,Platform Partnerships,Platform & Ecosystem Development,Director BD,Interview
Microsoft,"Xbox game developers want revenue sharing changes for subscription services. How do you negotiate model changes that affect the entire ecosystem?",Senior,Revenue Partnerships,Revenue Generation & Optimization,VP BD,Interview
Amazon,"Third-party logistics partners want access to Prime delivery standards and branding. How do you expand your logistics network while protecting the Prime brand?",Senior,Strategic Alliances,Strategic Alliance Management,Senior BD,Interview
Apple,"CarPlay partners want deeper vehicle integration but this requires significant technical resources. How do you prioritize partner integration requests?",Mid,Integration Management,Integration Planning & Management,BD Manager,Interview
Meta,"VR content developers want exclusive platform features for their premium experiences. How do you create differentiated partnership tiers?",Mid,Platform Partnerships,Platform & Ecosystem Development,BD Manager,Interview
Salesforce,"Integration partners want access to customer usage analytics to improve their solutions. How do you share data while protecting customer privacy?",Senior,Integration Management,Integration Planning & Management,Senior BD,Interview
Adobe,"Stock photography partners want more favorable revenue splits as their content becomes more popular. How do you create scalable content partnership models?",Mid,Revenue Partnerships,Revenue Generation & Optimization,BD Manager,Interview
Oracle,"Cloud migration partners want performance guarantees for their customer implementations. How do you structure partnerships with measurable outcomes?",Senior,Channel Development,Channel Management & Optimization,Senior BD,Interview
Stripe,"E-commerce platforms want embedded payment solutions with their own branding. How do you balance white-label requests with brand recognition?",Mid,Integration Management,Integration Planning & Management,BD Manager,Interview
Shopify,"Fulfillment partners want predictable order volume forecasts to optimize their operations. How do you create data-sharing agreements that benefit both sides?",Mid,Strategic Alliances,Strategic Alliance Management,BD Manager,Interview
Uber,"Insurance partners want access to driver and trip data for better risk assessment. How do you monetize data while ensuring privacy compliance?",Senior,Partnership Strategy,Partnership Strategy & Development,Senior BD,Interview
Airbnb,"Local experience providers want guaranteed booking volumes in exchange for exclusive rates. How do you structure supply partnerships in competitive markets?",Mid,Strategic Alliances,Strategic Alliance Management,BD Manager,Interview
General,"A key integration partner's platform is experiencing frequent outages affecting your customers. How do you address performance issues while maintaining the partnership?",Mid,Integration Management,Integration Planning & Management,BD Manager,Interview
General,"Your partner ecosystem is growing rapidly but partner quality is declining. How do you implement quality controls without limiting growth?",Senior,Ecosystem Development,Channel Management & Optimization,Senior BD,Interview
General,"A major partner wants to acquire one of your smaller partners, potentially consolidating too much power. How do you influence this situation?",Senior,Partnership Strategy,Market Analysis & Opportunity Assessment,Director BD,Interview
Google,"Google Workspace partners want deeper AI integration but this requires access to sensitive user data. How do you balance innovation with privacy?",Senior,Integration Management,Integration Planning & Management,Senior BD,Interview
Microsoft,"Power Platform partners want custom connector capabilities that could impact system security. How do you enable partner innovation while maintaining platform security?",Senior,Platform Partnerships,Platform & Ecosystem Development,Senior BD,Interview
Amazon,"AWS consulting partners want joint solution development but this requires significant engineering resources. How do you prioritize partner co-innovation projects?",Senior,Strategic Alliances,Cross-functional Collaboration & Leadership,Senior BD,Interview
Apple,"Health app developers want access to more detailed biometric data for research purposes. How do you expand data sharing while maintaining user trust?",Senior,Platform Partnerships,Partnership Strategy & Development,Director BD,Interview
Meta,"Messaging app partners want integration with WhatsApp Business but compete with Meta's messaging strategy. How do you manage competitive partnerships?",Senior,Strategic Alliances,Strategic Alliance Management,Director BD,Interview
Salesforce,"Customer service partners want AI model training data to improve their solutions. How do you monetize data assets while protecting customer interests?",Senior,Partnership Strategy,Partnership Strategy & Development,Senior BD,Interview
Adobe,"Video editing partners want access to Adobe's AI models for their own applications. How do you license technology assets to partners?",Senior,Integration Management,Integration Planning & Management,Senior BD,Interview
Oracle,"Database partners want migration tools that make switching between platforms easier. How do you balance customer choice with platform lock-in?",Senior,Platform Partnerships,Platform & Ecosystem Development,Director BD,Interview
Stripe,"Financial services partners want co-branded credit products with shared underwriting. How do you structure complex financial partnerships?",Senior,Strategic Alliances,Deal Negotiation & Structuring,Director BD,Interview
Shopify,"Marketing automation partners want real-time access to sales data across all merchant channels. How do you create unified data partnerships?",Mid,Integration Management,Integration Planning & Management,BD Manager,Interview
Uber,"Autonomous vehicle partners want exclusive testing territories in exchange for data sharing. How do you structure innovation partnerships with geographic components?",Senior,Strategic Alliances,Market Analysis & Opportunity Assessment,Director BD,Interview
Airbnb,"Smart home technology partners want to pre-install their solutions in host properties. How do you create hardware partnerships that scale globally?",Mid,Strategic Alliances,Strategic Alliance Management,BD Manager,Interview
General,"Your largest partner is developing competing capabilities but wants to maintain the partnership for other product lines. How do you manage this partial competition?",Senior,Partnership Strategy,Strategic Alliance Management,Director BD,Interview
General,"A promising startup partner needs additional funding to meet their partnership commitments. How do you evaluate strategic investment opportunities?",Senior,Partnership Strategy,Partnership Strategy & Development,VP BD,Interview
General,"Partners are requesting API rate limit increases due to growing usage but this impacts your infrastructure costs. How do you balance partner growth with operational efficiency?",Mid,Platform Partnerships,Platform & Ecosystem Development,BD Manager,Interview
Google,"Chrome extension developers want more prominent placement in the Web Store for productivity tools. How do you balance discovery fairness with partner success?",Mid,Platform Partnerships,Platform & Ecosystem Development,BD Manager,Interview
Microsoft,"LinkedIn partners want access to professional network data for recruitment tools. How do you monetize network effects while protecting user privacy?",Senior,Partnership Strategy,Partnership Strategy & Development,Senior BD,Interview
Amazon,"Alexa skill developers want revenue sharing opportunities beyond traditional advertising. How do you create sustainable monetization for voice partners?",Mid,Revenue Partnerships,Revenue Generation & Optimization,BD Manager,Interview
Apple,"Mac software partners want distribution alternatives to the Mac App Store for enterprise applications. How do you balance platform control with partner flexibility?",Senior,Channel Development,Channel Management & Optimization,Senior BD,Interview
Meta,"Instagram creators want more direct monetization tools that don't rely on brand partnerships. How do you develop creator economy partnerships?",Mid,Revenue Partnerships,Revenue Generation & Optimization,BD Manager,Interview
Salesforce,"Marketing cloud partners want lead scoring integration that requires sharing customer behavior data. How do you enable data-driven partnerships while maintaining compliance?",Senior,Integration Management,Integration Planning & Management,Senior BD,Interview
Adobe,"Creative professionals want subscription bundling with complementary software partners. How do you create ecosystem bundles that benefit all parties?",Mid,Strategic Alliances,Strategic Alliance Management,BD Manager,Interview
Oracle,"Enterprise customers want their preferred consulting partners to have enhanced support privileges. How do you create partner programs that add customer value without increasing costs?",Mid,Channel Development,Channel Management & Optimization,BD Manager,Interview
Stripe,"Cross-border payment partners want localized settlement in emerging markets. How do you expand global capabilities through strategic partnerships?",Senior,Strategic Alliances,Market Analysis & Opportunity Assessment,Senior BD,Interview
Shopify,"Inventory management partners want real-time synchronization across multiple sales channels. How do you enable complex integrations while maintaining platform performance?",Mid,Integration Management,Integration Planning & Management,BD Manager,Interview
Uber,"Fleet management partners want predictive maintenance data from vehicles. How do you create value-added data partnerships that improve operational efficiency?",Senior,Partnership Strategy,Partnership Strategy & Development,Senior BD,Interview
Airbnb,"Travel insurance partners want dynamic pricing based on real-time booking and location data. How do you structure data partnerships that enable innovative products?",Mid,Strategic Alliances,Strategic Alliance Management,BD Manager,Interview
General,"A key partner's success is creating market dominance concerns among other ecosystem participants. How do you maintain ecosystem balance?",Senior,Ecosystem Development,Market Analysis & Opportunity Assessment,Director BD,Interview
General,"Your partnership team is scaling rapidly but deal quality and partner satisfaction are declining. How do you improve partnership operations?",Senior,Channel Development,Cross-functional Collaboration & Leadership,Director BD,Interview
General,"A major industry shift threatens the relevance of your largest partner category. How do you evolve your ecosystem strategy?",Senior,Partnership Strategy,Market Analysis & Opportunity Assessment,VP BD,Interview
Google,"YouTube creators want more transparent monetization and content recommendation algorithms. How do you balance transparency with competitive advantage?",Senior,Platform Partnerships,Stakeholder Management & Communication,Senior BD,Interview
Microsoft,"Teams app developers want access to meeting transcription data for productivity analytics. How do you enable innovation while protecting sensitive workplace information?",Senior,Integration Management,Integration Planning & Management,Senior BD,Interview
Amazon,"Prime Video content partners want more favorable revenue sharing as streaming competition intensifies. How do you maintain content partnerships in a competitive landscape?",Senior,Revenue Partnerships,Revenue Generation & Optimization,Director BD,Interview
Apple,"iOS app developers want alternative payment processing options to reduce App Store fees. How do you respond to partner pressure for platform changes?",Senior,Platform Partnerships,Deal Negotiation & Structuring,VP BD,Interview
Meta,"AR/VR hardware partners want exclusive content access to differentiate their devices. How do you balance exclusivity with ecosystem openness?",Senior,Strategic Alliances,Strategic Alliance Management,Director BD,Interview
Salesforce,"Industry-specific solution partners want vertical marketplace prominence in exchange for exclusive integrations. How do you structure category exclusivity agreements?",Mid,Channel Development,Channel Management & Optimization,BD Manager,Interview
Adobe,"Stock content partners want AI-generated content policies that protect their business model. How do you navigate technology disruption in partner relationships?",Senior,Partnership Strategy,Market Analysis & Opportunity Assessment,Senior BD,Interview
Oracle,"Cloud database partners want federated query capabilities across multiple database types. How do you enable technical partnerships that require deep integration?",Senior,Integration Management,Integration Planning & Management,Senior BD,Interview
Stripe,"Fraud detection partners want access to transaction patterns across your entire network. How do you share sensitive data for mutual benefit while maintaining security?",Senior,Strategic Alliances,Partnership Strategy & Development,Senior BD,Interview
Shopify,"Social commerce partners want seamless checkout experiences across multiple platforms. How do you create unified commerce partnerships?",Mid,Integration Management,Integration Planning & Management,BD Manager,Interview
Uber,"City planning partners want aggregated transportation data for infrastructure decisions. How do you monetize civic partnerships while maintaining user privacy?",Senior,Partnership Strategy,Partnership Strategy & Development,Director BD,Interview
Airbnb,"Sustainable travel partners want carbon offset integration for all bookings. How do you implement values-based partnerships that align with business goals?",Mid,Strategic Alliances,Strategic Alliance Management,BD Manager,Interview
General,"Your partner program has 1000+ partners but only 10% are actively contributing meaningful value. How do you optimize partner portfolio performance?",Senior,Channel Development,Channel Management & Optimization,Senior BD,Interview
General,"A disruptive technology threatens to make your current partner ecosystem obsolete. How do you manage ecosystem transformation?",Senior,Partnership Strategy,Market Analysis & Opportunity Assessment,VP BD,Interview
General,"Partners are requesting exclusivity arrangements that would limit your ability to work with competitors. How do you evaluate exclusivity requests?",Senior,Deal Negotiation,Deal Negotiation & Structuring,Senior BD,Interview
Google,"Android Auto partners want more control over in-vehicle user interfaces. How do you balance partner customization with safety and consistency requirements?",Senior,Platform Partnerships,Platform & Ecosystem Development,Director BD,Interview
Microsoft,"Azure AI partners want model fine-tuning capabilities using customer data. How do you enable AI partnerships while maintaining data governance?",Senior,Integration Management,Integration Planning & Management,Senior BD,Interview
Amazon,"Marketplace advertising partners want programmatic buying access to sponsored product placements. How do you open advertising inventory while maintaining merchant trust?",Senior,Revenue Partnerships,Revenue Generation & Optimization,Senior BD,Interview
Apple,"Fitness app partners want Apple Watch sensor data for more accurate health tracking. How do you expand health partnerships while protecting sensitive biometric information?",Senior,Platform Partnerships,Partnership Strategy & Development,Director BD,Interview
Meta,"Business messaging partners want chatbot integration across Instagram and WhatsApp. How do you create unified messaging partnerships across different platforms?",Mid,Integration Management,Integration Planning & Management,BD Manager,Interview
Salesforce,"AI training partners want access to anonymized CRM data to improve industry-specific models. How do you monetize data assets while ensuring customer consent?",Senior,Partnership Strategy,Partnership Strategy & Development,Senior BD,Interview
Adobe,"Creative workflow partners want deeper integration with cloud storage and collaboration tools. How do you create seamless creative ecosystem partnerships?",Mid,Strategic Alliances,Strategic Alliance Management,BD Manager,Interview
Oracle,"Cybersecurity partners want real-time database activity monitoring for threat detection. How do you enable security partnerships that require deep system access?",Senior,Integration Management,Integration Planning & Management,Senior BD,Interview
Stripe,"Buy-now-pay-later partners want embedded lending products for e-commerce transactions. How do you structure complex financial product partnerships?",Senior,Strategic Alliances,Deal Negotiation & Structuring,Senior BD,Interview
Shopify,"Logistics optimization partners want machine learning access to shipping and delivery data. How do you create data science partnerships that improve merchant outcomes?",Senior,Partnership Strategy,Partnership Strategy & Development,Senior BD,Interview
Uber,"Micro-mobility partners want integrated booking and payment across transportation modes. How do you create multi-modal transportation partnerships?",Mid,Strategic Alliances,Strategic Alliance Management,BD Manager,Interview
Airbnb,"Local government partners want tourism impact data and tax collection automation. How do you structure civic partnerships that support regulatory compliance?",Senior,Strategic Alliances,Market Analysis & Opportunity Assessment,Senior BD,Interview
General,"Your biggest competitor just launched a partner program with more attractive terms than yours. How do you respond competitively while maintaining existing partnerships?",Senior,Partnership Strategy,Market Analysis & Opportunity Assessment,Director BD,Interview
General,"A key partner wants to expand internationally but their business model doesn't work in certain regions. How do you support partner growth while managing market differences?",Senior,Strategic Alliances,Market Analysis & Opportunity Assessment,Senior BD,Interview
General,"Your company is considering an acquisition that would directly compete with several key partners. How do you manage this potential conflict?",Senior,Partnership Strategy,Strategic Alliance Management,VP BD,Interview
Google,"Google Pay partners want cryptocurrency payment integration despite regulatory uncertainty. How do you evaluate partnerships in emerging technology areas?",Senior,Strategic Alliances,Market Analysis & Opportunity Assessment,Senior BD,Interview
Microsoft,"GitHub partners want advanced code analysis tools that require scanning private repositories. How do you balance partner innovation needs with user privacy?",Senior,Platform Partnerships,Partnership Strategy & Development,Senior BD,Interview
Amazon,"AWS edge computing partners want guaranteed hardware placement in specific geographic locations. How do you structure infrastructure partnerships with physical constraints?",Senior,Strategic Alliances,Strategic Alliance Management,Senior BD,Interview
Apple,"HomeKit partners want more lenient certification requirements for smart home devices. How do you balance ecosystem growth with quality and security standards?",Mid,Platform Partnerships,Platform & Ecosystem Development,BD Manager,Interview
Meta,"Portal device partners want custom enterprise features for video conferencing. How do you create B2B partnerships that extend consumer product capabilities?",Mid,Strategic Alliances,Strategic Alliance Management,BD Manager,Interview
Salesforce,"Non-profit partners want discounted pricing that extends to their technology vendors. How do you create social impact partnerships that support entire ecosystems?",Mid,Partnership Strategy,Partnership Strategy & Development,BD Manager,Interview
Adobe,"Education partners want classroom licensing models that include student home use. How do you structure academic partnerships that account for hybrid learning?",Mid,Strategic Alliances,Deal Negotiation & Structuring,BD Manager,Interview
Oracle,"Healthcare partners want HIPAA-compliant cloud solutions with enhanced audit capabilities. How do you create compliance-focused partnerships in regulated industries?",Senior,Strategic Alliances,Integration Planning & Management,Senior BD,Interview
Stripe,"Climate tech partners want carbon-aware payment routing to support sustainability goals. How do you evaluate partnerships that align with ESG objectives?",Mid,Strategic Alliances,Strategic Alliance Management,BD Manager,Interview
Shopify,"Augmented reality partners want 3D product visualization integration for online stores. How do you implement emerging technology partnerships that enhance customer experience?",Mid,Integration Management,Integration Planning & Management,BD Manager,Interview
Uber,"Delivery robot partners want autonomous last-mile delivery integration in select cities. How do you pilot innovative partnerships while managing operational complexity?",Senior,Strategic Alliances,Market Analysis & Opportunity Assessment,Senior BD,Interview
Airbnb,"Wellness retreat partners want curated experience packages with guaranteed occupancy rates. How do you create niche market partnerships that command premium pricing?",Mid,Strategic Alliances,Strategic Alliance Management,BD Manager,Interview
General,"Your partnership metrics show high partner acquisition but low partner lifetime value. How do you shift from quantity to quality in partner relationships?",Senior,Channel Development,Channel Management & Optimization,Senior BD,Interview
General,"A successful partner wants to become a direct competitor while maintaining their current partnership agreement. How do you navigate this transition?",Senior,Partnership Strategy,Strategic Alliance Management,Director BD,Interview
General,"Your partner success team reports that partners need more technical support than your current model provides. How do you scale partner enablement cost-effectively?",Mid,Channel Development,Cross-functional Collaboration & Leadership,BD Manager,Interview
General,"Market research indicates your partners are more trusted by customers than your direct sales team. How do you leverage this insight strategically?",Senior,Partnership Strategy,Market Analysis & Opportunity Assessment,Senior BD,Interview
General,"A major economic downturn is causing partners to reduce their commitments and investments. How do you maintain ecosystem health during challenging times?",Senior,Partnership Strategy,Stakeholder Management & Communication,Director BD,Interview
General,"Your CEO wants to reduce dependency on channel partners and increase direct sales. How do you present the value proposition for maintaining strong partner relationships?",Senior,Partnership Strategy,Stakeholder Management & Communication,VP BD,Interview
General,"A key partner's founder is stepping down and the new leadership team wants to restructure all existing agreements. How do you manage relationship transitions?",Senior,Partnership Strategy,Stakeholder Management & Communication,Senior BD,Interview
General,"Partners are asking for more transparency into your product roadmap to better plan their own development cycles. How do you balance transparency with competitive advantage?",Mid,Partnership Strategy,Stakeholder Management & Communication,BD Manager,Interview
General,"Your fastest-growing partner market is also your least profitable due to higher support costs. How do you optimize the economics of international partnerships?",Senior,Partnership Strategy,Market Analysis & Opportunity Assessment,Senior BD,Interview
General,"A compliance audit reveals that several partners haven't completed required security certifications. How do you enforce partnership standards without disrupting business?",Mid,Channel Development,Channel Management & Optimization,BD Manager,Interview
General,"Your partnership pipeline is strong but conversion rates are declining. How do you identify and address bottlenecks in the partner acquisition process?",Mid,Channel Development,Channel Management & Optimization,BD Manager,Interview
General,"A strategic partner acquisition by a competitor gives them access to proprietary information about your platform. How do you protect your intellectual property?",Senior,Partnership Strategy,Strategic Alliance Management,Director BD,Interview
General,"Your partner program has been successful in North America but similar strategies aren't working in Asian markets. How do you adapt partnership approaches for different regions?",Senior,Partnership Strategy,Market Analysis & Opportunity Assessment,Senior BD,Interview
General,"New privacy regulations require significant changes to data sharing agreements with all partners. How do you manage mass contract renegotiation efficiently?",Senior,Strategic Alliances,Deal Negotiation & Structuring,Senior BD,Interview
General,"Your engineering team wants to deprecate an API that 50+ partners depend on for their core functionality. How do you manage technical transitions that impact partners?",Senior,Integration Management,Cross-functional Collaboration & Leadership,Senior BD,Interview