company,question,difficulty,question_type,skills_assessed,consulting_level,source
McKinsey,"A client CEO disagrees with your analysis and becomes defensive during the presentation. How do you handle this?",Senior,Client Management,Client Relationship Management,Manager,Interview
BCG,"Your team discovers the project scope has changed significantly but the timeline remains the same. What's your approach?",Mid,Project Leadership,Project Management & Leadership,Senior Consultant,Interview
Bain,"A key stakeholder is undermining your recommendations in private meetings. How do you address this?",Senior,Client Management,Client Relationship Management,Senior Manager,Interview
Deloitte,"You realize your initial hypothesis was wrong three weeks into a six-week project. What do you do?",Mid,Problem Solving,Structured Problem Solving,Consultant,Interview
PwC,"The client's data shows conflicting trends compared to industry benchmarks. How do you proceed?",Junior,Data Analysis,Data Analysis & Insights,Business Analyst,Interview
EY,"A junior team member is struggling to keep up with the project pace. How do you manage this?",Mid,Team Leadership,Team Leadership & Development,Senior Consultant,Interview
KPMG,"The client requests a change that would compromise the quality of your deliverable. How do you respond?",Senior,Client Management,Client Relationship Management,Manager,Interview
Accenture,"You need to present bad news to a client who has high expectations. What's your strategy?",Mid,Communication,Communication & Presentation,Consultant,Interview
Oliver Wyman,"Your analysis contradicts the client's existing strategy that they're heavily invested in. How do you proceed?",Senior,Strategic Thinking,Strategic Thinking & Framework Application,Senior Manager,Interview
LEK,"A client team member leaks confidential project information. How do you handle this situation?",Senior,Client Management,Client Relationship Management,Principal,Interview
AT Kearney,"You discover a significant error in your team's analysis the day before the final presentation. What do you do?",Senior,Problem Solving,Structured Problem Solving,Manager,Interview
Roland Berger,"The client wants to implement your recommendations faster than you believe is feasible. How do you respond?",Mid,Change Management,Change Management & Implementation,Senior Consultant,Interview
General,"A client says your recommendations are too theoretical and won't work in practice. How do you address this?",Mid,Client Management,Client Relationship Management,Consultant,Interview
McKinsey,"Your project is over budget and the client is questioning the value delivered. How do you handle this conversation?",Senior,Client Management,Client Relationship Management,Senior Manager,Interview
BCG,"Two client departments have conflicting priorities that affect your project. How do you navigate this?",Mid,Client Management,Client Relationship Management,Manager,Interview
Bain,"You need to deliver a presentation to the board with only half the expected analysis complete. What's your approach?",Senior,Communication,Communication & Presentation,Senior Manager,Interview
Deloitte,"A competitor's proposal surfaces during your project that offers similar solutions at lower cost. How do you respond?",Senior,Client Management,Client Relationship Management,Principal,Interview
PwC,"Your team member disagrees with your methodology in front of the client. How do you handle this?",Mid,Team Leadership,Team Leadership & Development,Manager,Interview
EY,"The client wants to extend the project scope without additional budget. How do you manage this request?",Mid,Project Leadership,Project Management & Leadership,Senior Consultant,Interview
KPMG,"You discover the client has been implementing competing recommendations from another consultant. What do you do?",Senior,Client Management,Client Relationship Management,Senior Manager,Interview
Accenture,"A key client stakeholder leaves the company mid-project. How do you adjust your approach?",Mid,Change Management,Change Management & Implementation,Consultant,Interview
Oliver Wyman,"Your data analysis reveals problems the client doesn't want to acknowledge. How do you proceed?",Senior,Communication,Communication & Presentation,Manager,Interview
LEK,"The client team lacks the skills to implement your recommendations. How do you address this gap?",Mid,Change Management,Change Management & Implementation,Senior Consultant,Interview
AT Kearney,"You're asked to present to a hostile audience that opposes your project. How do you prepare?",Senior,Communication,Communication & Presentation,Senior Manager,Interview
Roland Berger,"A junior consultant on your team makes a significant error that the client notices. How do you handle it?",Mid,Team Leadership,Team Leadership & Development,Manager,Interview
General,"The client's culture strongly resists the changes you're recommending. What's your strategy?",Mid,Change Management,Change Management & Implementation,Consultant,Interview
McKinsey,"You have conflicting deadlines from multiple senior stakeholders. How do you prioritize?",Mid,Project Leadership,Project Management & Leadership,Senior Consultant,Interview
BCG,"The client questions your team's qualifications for their industry. How do you establish credibility?",Junior,Client Management,Client Relationship Management,Business Analyst,Interview
Bain,"Your analysis supports a decision that would result in significant layoffs. How do you present this?",Senior,Communication,Communication & Presentation,Principal,Interview
Deloitte,"A client executive tries to influence your analysis to support their preferred outcome. How do you respond?",Senior,Client Management,Client Relationship Management,Manager,Interview
PwC,"You need to work with a client team that has failed on similar projects before. How do you build confidence?",Mid,Client Management,Client Relationship Management,Senior Consultant,Interview
EY,"The project timeline is unrealistic but the client insists on the deadline. How do you manage expectations?",Mid,Project Leadership,Project Management & Leadership,Manager,Interview
KPMG,"Your recommendation could negatively impact a client's personal interests. How do you navigate this?",Senior,Client Management,Client Relationship Management,Senior Manager,Interview
Accenture,"The client wants to see progress but you're still in the data gathering phase. How do you respond?",Junior,Communication,Communication & Presentation,Consultant,Interview
Oliver Wyman,"You discover your team's approach is similar to a failed project the client tried before. What do you do?",Mid,Problem Solving,Structured Problem Solving,Senior Consultant,Interview
LEK,"A client stakeholder provides contradictory information compared to documented facts. How do you address this?",Mid,Client Management,Client Relationship Management,Consultant,Interview
AT Kearney,"Your project requires client data that they're reluctant to share. How do you gain access?",Mid,Client Management,Client Relationship Management,Senior Consultant,Interview
Roland Berger,"The client wants to implement only part of your integrated solution. How do you respond?",Senior,Strategic Thinking,Strategic Thinking & Framework Application,Manager,Interview
General,"You need to give feedback to a client about their team's poor performance. How do you approach this?",Senior,Communication,Communication & Presentation,Senior Manager,Interview
McKinsey,"A client asks you to present findings that support a predetermined conclusion. How do you handle this?",Senior,Client Management,Client Relationship Management,Principal,Interview
BCG,"Your team is behind schedule due to client delays in providing information. How do you manage this?",Mid,Project Leadership,Project Management & Leadership,Manager,Interview
Bain,"The client's expectations have grown beyond the original project scope. How do you realign them?",Mid,Client Management,Client Relationship Management,Senior Consultant,Interview
Deloitte,"You identify a major strategic risk the client hasn't considered. How do you raise this concern?",Senior,Strategic Thinking,Strategic Thinking & Framework Application,Senior Manager,Interview
PwC,"A client team member questions your methodology publicly in a meeting. How do you respond?",Mid,Communication,Communication & Presentation,Consultant,Interview
EY,"The client wants detailed progress reports that would consume significant project time. How do you balance this?",Mid,Project Leadership,Project Management & Leadership,Senior Consultant,Interview
KPMG,"Your analysis reveals the client's current strategy is fundamentally flawed. How do you communicate this?",Senior,Communication,Communication & Presentation,Manager,Interview
Accenture,"The client team has conflicting opinions about project priorities. How do you build consensus?",Mid,Client Management,Client Relationship Management,Senior Consultant,Interview
Oliver Wyman,"You need to deliver results with incomplete data due to time constraints. What's your approach?",Mid,Problem Solving,Structured Problem Solving,Consultant,Interview
LEK,"A client executive micromanages your team's daily activities. How do you address this?",Mid,Client Management,Client Relationship Management,Manager,Interview
AT Kearney,"Your recommendations require significant organizational change that the client fears. How do you proceed?",Senior,Change Management,Change Management & Implementation,Senior Manager,Interview
Roland Berger,"The client questions the ROI of your recommendations during implementation. How do you respond?",Senior,Communication,Communication & Presentation,Principal,Interview
General,"You discover the client has unrealistic expectations about implementation timelines. How do you reset them?",Mid,Change Management,Change Management & Implementation,Senior Consultant,Interview
McKinsey,"A key client decision-maker is avoiding meetings and not responding to communications. What do you do?",Senior,Client Management,Client Relationship Management,Manager,Interview
BCG,"Your team's recommendations conflict with the client's recent strategic investments. How do you address this?",Senior,Strategic Thinking,Strategic Thinking & Framework Application,Senior Manager,Interview
Bain,"The client wants to see competitive benchmarking that could compromise confidentiality. How do you handle this?",Senior,Client Management,Client Relationship Management,Principal,Interview
Deloitte,"A client stakeholder privately disagrees with the project but publicly supports it. How do you manage this?",Senior,Client Management,Client Relationship Management,Manager,Interview
PwC,"Your project timeline conflicts with the client's budget planning cycle. How do you adjust?",Mid,Project Leadership,Project Management & Leadership,Senior Consultant,Interview
EY,"The client team lacks analytical skills needed to understand your recommendations. How do you bridge this gap?",Mid,Communication,Communication & Presentation,Consultant,Interview
KPMG,"You need to present complex financial analysis to non-financial stakeholders. What's your approach?",Mid,Communication,Communication & Presentation,Senior Consultant,Interview
Accenture,"The client wants to pilot your recommendations in a high-risk environment. How do you advise them?",Senior,Strategic Thinking,Strategic Thinking & Framework Application,Manager,Interview
Oliver Wyman,"Your analysis shows the client's industry is declining faster than expected. How do you present this?",Senior,Communication,Communication & Presentation,Senior Manager,Interview
LEK,"A client asks you to validate analysis that you believe is incorrect. How do you respond?",Senior,Client Management,Client Relationship Management,Principal,Interview
AT Kearney,"The client wants to announce your recommendations before implementation planning is complete. What do you do?",Mid,Change Management,Change Management & Implementation,Manager,Interview
Roland Berger,"Your project success depends on client resources that are being reassigned. How do you address this?",Mid,Project Leadership,Project Management & Leadership,Senior Consultant,Interview
General,"A client stakeholder tries to get you to support their personal agenda. How do you maintain objectivity?",Senior,Client Management,Client Relationship Management,Manager,Interview
McKinsey,"You need to recommend downsizing to a client who values employee loyalty. How do you approach this?",Senior,Communication,Communication & Presentation,Senior Manager,Interview
BCG,"The client's IT systems can't support your recommended solution. How do you adapt?",Mid,Problem Solving,Structured Problem Solving,Senior Consultant,Interview
Bain,"A client executive questions your team's experience with their specific challenges. How do you build confidence?",Mid,Client Management,Client Relationship Management,Consultant,Interview
Deloitte,"Your project requires collaboration between departments that historically don't work well together. How do you facilitate this?",Mid,Change Management,Change Management & Implementation,Manager,Interview
PwC,"The client wants to fast-track implementation without proper testing. How do you advise them?",Senior,Strategic Thinking,Strategic Thinking & Framework Application,Senior Manager,Interview
EY,"You discover the client's problem is different from what was originally scoped. How do you redirect the project?",Mid,Problem Solving,Structured Problem Solving,Senior Consultant,Interview
KPMG,"A client team member consistently provides inaccurate information. How do you address this?",Mid,Client Management,Client Relationship Management,Consultant,Interview
Accenture,"Your recommendations would eliminate a department that sponsors your project. How do you navigate this?",Senior,Client Management,Client Relationship Management,Principal,Interview
Oliver Wyman,"The client wants to benchmark against competitors they consider inferior. How do you respond?",Mid,Strategic Thinking,Strategic Thinking & Framework Application,Senior Consultant,Interview
LEK,"You need to present negative findings to a client who expected positive results. What's your strategy?",Mid,Communication,Communication & Presentation,Manager,Interview
AT Kearney,"A client asks you to make recommendations outside your area of expertise. How do you handle this?",Mid,Client Management,Client Relationship Management,Senior Consultant,Interview
Roland Berger,"Your team identifies a solution that would reduce the client's need for future consulting. How do you proceed?",Senior,Client Management,Client Relationship Management,Senior Manager,Interview
General,"The client's board has different expectations than the executive team about your project. How do you align them?",Senior,Communication,Communication & Presentation,Principal,Interview
McKinsey,"You need to recommend a strategy that goes against industry best practices. How do you justify this?",Senior,Strategic Thinking,Strategic Thinking & Framework Application,Manager,Interview
BCG,"A client stakeholder leaks preliminary findings to the media. How do you manage the situation?",Senior,Client Management,Client Relationship Management,Senior Manager,Interview
Bain,"Your analysis shows the client should exit a market they're passionate about. How do you present this?",Senior,Communication,Communication & Presentation,Principal,Interview
Deloitte,"The client wants to implement your recommendations using internal resources only. How do you support this?",Mid,Change Management,Change Management & Implementation,Senior Consultant,Interview
PwC,"You discover a conflict of interest between your firm and the client's situation. How do you address this?",Senior,Client Management,Client Relationship Management,Principal,Interview
EY,"A client executive tries to get you to recommend their preferred vendor. How do you maintain independence?",Senior,Client Management,Client Relationship Management,Manager,Interview
KPMG,"Your project timeline overlaps with the client's busy season. How do you adjust your approach?",Mid,Project Leadership,Project Management & Leadership,Senior Consultant,Interview
Accenture,"The client questions whether your recommendations are worth the implementation cost. How do you respond?",Senior,Communication,Communication & Presentation,Manager,Interview
Oliver Wyman,"You need to work with a client team that has been burned by consultants before. How do you build trust?",Mid,Client Management,Client Relationship Management,Consultant,Interview
LEK,"A client asks you to prioritize recommendations based on politics rather than impact. How do you respond?",Senior,Client Management,Client Relationship Management,Senior Manager,Interview
AT Kearney,"Your analysis reveals the client's CEO's pet project isn't viable. How do you communicate this?",Senior,Communication,Communication & Presentation,Principal,Interview
Roland Berger,"The client wants to modify your methodology mid-project to get different results. How do you handle this?",Senior,Problem Solving,Structured Problem Solving,Manager,Interview
General,"You need to present to a client audience with varying levels of technical expertise. How do you prepare?",Mid,Communication,Communication & Presentation,Senior Consultant,Interview
McKinsey,"A client stakeholder challenges your credentials in front of the team. How do you respond?",Mid,Client Management,Client Relationship Management,Consultant,Interview
BCG,"Your recommendations require the client to admit previous strategic mistakes. How do you frame this?",Senior,Communication,Communication & Presentation,Senior Manager,Interview
Bain,"The client wants to implement recommendations that you believe will fail. How do you advise them?",Senior,Strategic Thinking,Strategic Thinking & Framework Application,Manager,Interview
Deloitte,"You discover the client has been withholding relevant information that affects your analysis. What do you do?",Senior,Client Management,Client Relationship Management,Senior Manager,Interview
PwC,"A client team member takes credit for your team's work in a public forum. How do you address this?",Mid,Client Management,Client Relationship Management,Senior Consultant,Interview
EY,"Your project success requires client behavior change that they're resistant to. How do you drive adoption?",Mid,Change Management,Change Management & Implementation,Manager,Interview
KPMG,"The client wants detailed financial projections but their data quality is poor. How do you proceed?",Mid,Data Analysis,Data Analysis & Insights,Senior Consultant,Interview
Accenture,"You need to recommend organizational changes to a family-owned business. How do you approach this sensitively?",Senior,Change Management,Change Management & Implementation,Senior Manager,Interview
Oliver Wyman,"A client executive asks you to stay quiet about findings that could damage their reputation. How do you respond?",Senior,Client Management,Client Relationship Management,Principal,Interview
LEK,"Your project requires client employees to learn new skills they don't want to develop. How do you address this?",Mid,Change Management,Change Management & Implementation,Manager,Interview
AT Kearney,"The client's expectations for your deliverable keep changing throughout the project. How do you manage this?",Mid,Project Leadership,Project Management & Leadership,Senior Consultant,Interview
Roland Berger,"You need to present recommendations that could make the client's current leadership obsolete. How do you handle this?",Senior,Communication,Communication & Presentation,Principal,Interview
General,"A client asks you to benchmark them against companies you cannot name due to confidentiality. How do you respond?",Mid,Client Management,Client Relationship Management,Senior Consultant,Interview
McKinsey,"Your team's recommendations would require the client to lay off longtime employees. How do you present this?",Senior,Communication,Communication & Presentation,Manager,Interview
BCG,"The client wants to publicize your preliminary findings before the analysis is complete. How do you manage this?",Mid,Client Management,Client Relationship Management,Senior Consultant,Interview
Bain,"You discover the client's main competitor is using a strategy similar to your recommendations. How does this affect your approach?",Mid,Strategic Thinking,Strategic Thinking & Framework Application,Manager,Interview
Deloitte,"A client stakeholder undermines the project by questioning its value in public meetings. How do you address this?",Senior,Client Management,Client Relationship Management,Senior Manager,Interview
PwC,"Your analysis shows the client needs to invest more money than they have budgeted. How do you present this?",Senior,Communication,Communication & Presentation,Manager,Interview
EY,"The client team responsible for implementation has a poor track record of executing projects. How do you increase success odds?",Mid,Change Management,Change Management & Implementation,Senior Consultant,Interview
KPMG,"You need to recommend a solution that requires technology the client doesn't understand. How do you build buy-in?",Mid,Communication,Communication & Presentation,Senior Consultant,Interview
Accenture,"A client executive wants you to validate a decision they've already made privately. How do you maintain objectivity?",Senior,Client Management,Client Relationship Management,Manager,Interview
Oliver Wyman,"Your recommendations would significantly change the client's business model. How do you help them understand the implications?",Senior,Strategic Thinking,Strategic Thinking & Framework Application,Senior Manager,Interview
LEK,"The client wants to implement your recommendations in phases but you believe it needs to be done all at once. How do you advise?",Senior,Change Management,Change Management & Implementation,Principal,Interview
AT Kearney,"You discover mid-project that the client's initial problem statement was incorrect. How do you redirect?",Mid,Problem Solving,Structured Problem Solving,Senior Consultant,Interview
Roland Berger,"A client asks you to present only positive findings and omit the challenges. How do you respond?",Senior,Communication,Communication & Presentation,Manager,Interview
General,"Your project requires the client to make decisions they've been avoiding for years. How do you create urgency?",Senior,Change Management,Change Management & Implementation,Senior Manager,Interview
McKinsey,"The client's board questions whether they need consultants for this type of work. How do you justify your value?",Senior,Client Management,Client Relationship Management,Principal,Interview
BCG,"You need to present complex market analysis to operational managers who prefer simple solutions. How do you adapt?",Mid,Communication,Communication & Presentation,Senior Consultant,Interview
Bain,"A client stakeholder tries to get you to support their budget request using your analysis. How do you maintain neutrality?",Senior,Client Management,Client Relationship Management,Manager,Interview
Deloitte,"Your recommendations require the client to partner with companies they consider competitors. How do you address their concerns?",Senior,Strategic Thinking,Strategic Thinking & Framework Application,Senior Manager,Interview
PwC,"The client wants to announce cost savings from your recommendations before implementation begins. How do you advise them?",Mid,Communication,Communication & Presentation,Senior Consultant,Interview
EY,"You discover the client's organizational culture will resist every recommendation you're making. How do you adapt your approach?",Senior,Change Management,Change Management & Implementation,Manager,Interview
KPMG,"A client team member constantly interrupts your presentations with irrelevant questions. How do you manage this?",Mid,Communication,Communication & Presentation,Consultant,Interview
Accenture,"Your analysis shows the client's current strategy has fundamental flaws that will take years to fix. How do you present this timeline?",Senior,Strategic Thinking,Strategic Thinking & Framework Application,Senior Manager,Interview
Oliver Wyman,"The client wants you to benchmark their performance against unrealistic industry leaders. How do you set appropriate expectations?",Mid,Data Analysis,Data Analysis & Insights,Senior Consultant,Interview
LEK,"You need to recommend downsizing to a client who has never laid off employees. How do you prepare them for this decision?",Senior,Communication,Communication & Presentation,Principal,Interview
AT Kearney,"A client executive asks you to recommend their preferred solution even though your analysis shows it's suboptimal. How do you respond?",Senior,Client Management,Client Relationship Management,Manager,Interview
Roland Berger,"Your project timeline requires client decisions faster than their normal approval process allows. How do you accelerate this?",Mid,Project Leadership,Project Management & Leadership,Senior Consultant,Interview
General,"The client team assigned to your project lacks decision-making authority for your recommendations. How do you address this?",Mid,Client Management,Client Relationship Management,Manager,Interview
McKinsey,"You need to present recommendations that would eliminate the job of someone in your audience. How do you handle this sensitively?",Senior,Communication,Communication & Presentation,Senior Manager,Interview
BCG,"A client stakeholder questions your data sources in front of senior leadership. How do you defend your analysis?",Mid,Data Analysis,Data Analysis & Insights,Senior Consultant,Interview
Bain,"The client wants to implement your operational recommendations but ignore your strategic ones. How do you explain why both are needed?",Senior,Strategic Thinking,Strategic Thinking & Framework Application,Manager,Interview
Deloitte,"You discover the client's problem requires expertise your team doesn't have. How do you ensure project success?",Mid,Problem Solving,Structured Problem Solving,Senior Consultant,Interview
PwC,"A client asks you to make recommendations about an acquisition target you cannot name due to confidentiality. How do you proceed?",Senior,Client Management,Client Relationship Management,Principal,Interview
EY,"Your recommendations require the client to change suppliers they've worked with for decades. How do you build support for this change?",Mid,Change Management,Change Management & Implementation,Manager,Interview
KPMG,"The client wants to use your analysis to support a merger you believe would be unsuccessful. How do you advise them?",Senior,Strategic Thinking,Strategic Thinking & Framework Application,Senior Manager,Interview
Accenture,"You need to work with a client team that has conflicting departmental goals. How do you align them toward common objectives?",Mid,Client Management,Client Relationship Management,Senior Consultant,Interview
Oliver Wyman,"A client executive tries to influence your team's analysis by offering additional work. How do you maintain independence?",Senior,Client Management,Client Relationship Management,Principal,Interview
LEK,"Your recommendations would require the client to admit their current measurement systems are inadequate. How do you frame this?",Mid,Communication,Communication & Presentation,Senior Consultant,Interview
AT Kearney,"The client wants detailed implementation support but your contract only covers strategy development. How do you manage this expectation?",Mid,Client Management,Client Relationship Management,Manager,Interview
Roland Berger,"You discover the client's industry is facing disruption that makes your original recommendations obsolete. How do you pivot?",Senior,Strategic Thinking,Strategic Thinking & Framework Application,Senior Manager,Interview
General,"A client stakeholder provides feedback that contradicts everything your analysis shows. How do you reconcile this?",Mid,Problem Solving,Structured Problem Solving,Senior Consultant,Interview
McKinsey,"Your project requires candid feedback from client employees who fear retribution. How do you gather honest input?",Mid,Data Analysis,Data Analysis & Insights,Senior Consultant,Interview
BCG,"The client wants to use your recommendations to justify decisions they made before hiring you. How do you maintain credibility?",Senior,Client Management,Client Relationship Management,Manager,Interview
Bain,"You need to present findings that show the client's recent major investment was a mistake. How do you deliver this message?",Senior,Communication,Communication & Presentation,Senior Manager,Interview
Deloitte,"A client team member takes over your presentation and starts giving incorrect information. How do you regain control?",Mid,Communication,Communication & Presentation,Consultant,Interview
PwC,"Your analysis shows the client needs to exit markets they're emotionally attached to. How do you build acceptance for this recommendation?",Senior,Strategic Thinking,Strategic Thinking & Framework Application,Principal,Interview
EY,"The client wants to implement recommendations that require skills their organization doesn't have. How do you address this capability gap?",Mid,Change Management,Change Management & Implementation,Manager,Interview
KPMG,"You need to recommend process changes to a client who takes pride in their current way of doing things. How do you approach this?",Mid,Change Management,Change Management & Implementation,Senior Consultant,Interview
Accenture,"A client executive asks you to present your recommendations as their own ideas. How do you respond?",Mid,Client Management,Client Relationship Management,Senior Consultant,Interview
Oliver Wyman,"Your project success requires client data that multiple departments control and guard closely. How do you gain access?",Mid,Client Management,Client Relationship Management,Manager,Interview
LEK,"The client wants to cherry-pick recommendations that support their existing strategy while ignoring others. How do you explain why this won't work?",Senior,Strategic Thinking,Strategic Thinking & Framework Application,Senior Manager,Interview
AT Kearney,"You discover the client's main success metric is flawed and misleading. How do you introduce better measurement approaches?",Senior,Data Analysis,Data Analysis & Insights,Manager,Interview
Roland Berger,"A client stakeholder tries to get you to recommend against a competitor they personally dislike. How do you maintain objectivity?",Senior,Client Management,Client Relationship Management,Principal,Interview
General,"Your recommendations require the client to invest significantly more than they expected. How do you justify this increased investment?",Senior,Communication,Communication & Presentation,Manager,Interview
McKinsey,"The client team responsible for implementation has failed at similar changes before. How do you increase the odds of success this time?",Mid,Change Management,Change Management & Implementation,Senior Consultant,Interview
BCG,"You need to present market research that contradicts the client's assumptions about their customers. How do you deliver this effectively?",Mid,Communication,Communication & Presentation,Senior Consultant,Interview
Bain,"A client asks you to validate their expansion plans when your analysis suggests they should consolidate instead. How do you redirect them?",Senior,Strategic Thinking,Strategic Thinking & Framework Application,Manager,Interview
Deloitte,"Your project requires honest feedback about leadership performance from employees who report to those leaders. How do you gather this?",Senior,Data Analysis,Data Analysis & Insights,Senior Manager,Interview
PwC,"The client wants to announce your recommendations publicly before getting internal buy-in. How do you advise against this?",Mid,Change Management,Change Management & Implementation,Manager,Interview
EY,"You discover the client's competitive advantage is eroding faster than they realize. How do you create urgency around your recommendations?",Senior,Strategic Thinking,Strategic Thinking & Framework Application,Senior Manager,Interview
KPMG,"A client stakeholder consistently provides conflicting direction about project priorities. How do you get clarity?",Mid,Client Management,Client Relationship Management,Senior Consultant,Interview
Accenture,"Your recommendations would require the client to restructure in ways that affect executive compensation. How do you navigate this sensitivity?",Senior,Change Management,Change Management & Implementation,Principal,Interview
Oliver Wyman,"The client wants you to present analysis that you believe oversimplifies a complex situation. How do you balance clarity with accuracy?",Mid,Communication,Communication & Presentation,Senior Consultant,Interview
LEK,"You need to recommend organizational changes to a client who believes their current structure is their competitive advantage. How do you approach this?",Senior,Strategic Thinking,Strategic Thinking & Framework Application,Manager,Interview
AT Kearney,"A client executive asks you to support their position in an internal political battle. How do you maintain neutrality?",Senior,Client Management,Client Relationship Management,Senior Manager,Interview
Roland Berger,"Your analysis shows the client needs to make changes that go against their founder's original vision. How do you present this sensitively?",Senior,Communication,Communication & Presentation,Principal,Interview
General,"The client wants detailed ROI projections for recommendations that involve significant uncertainty. How do you provide useful guidance?",Senior,Data Analysis,Data Analysis & Insights,Manager,Interview
McKinsey,"You discover the client has been implementing similar recommendations from another consultant with poor results. How do you differentiate your approach?",Senior,Client Management,Client Relationship Management,Senior Manager,Interview
BCG,"A client team member questions your methodology during a presentation to their board. How do you address this professionally?",Senior,Communication,Communication & Presentation,Manager,Interview
Bain,"Your recommendations require the client to develop capabilities in areas where they have no experience. How do you support this transition?",Mid,Change Management,Change Management & Implementation,Senior Consultant,Interview
Deloitte,"The client wants to pilot your recommendations in their most challenging market first. How do you advise them about this approach?",Senior,Strategic Thinking,Strategic Thinking & Framework Application,Manager,Interview
PwC,"You need to present findings that show the client's recent acquisition was overpriced. How do you deliver this message constructively?",Senior,Communication,Communication & Presentation,Senior Manager,Interview
EY,"A client stakeholder tries to get you to present preliminary findings as final recommendations. How do you manage this pressure?",Mid,Client Management,Client Relationship Management,Senior Consultant,Interview
KPMG,"Your project requires client employees to work differently than they have for years. How do you build support for this change?",Mid,Change Management,Change Management & Implementation,Manager,Interview
Accenture,"The client wants to use your brand to validate decisions to their stakeholders. How do you ensure this doesn't compromise your independence?",Senior,Client Management,Client Relationship Management,Principal,Interview
Oliver Wyman,"You discover the client's success depends on market conditions that are rapidly changing. How do you factor this uncertainty into your recommendations?",Senior,Strategic Thinking,Strategic Thinking & Framework Application,Senior Manager,Interview
LEK,"A client asks you to recommend specific vendors when you believe they should develop capabilities internally. How do you explain this perspective?",Mid,Strategic Thinking,Strategic Thinking & Framework Application,Senior Consultant,Interview
AT Kearney,"Your analysis shows the client's problem is cultural rather than strategic. How do you redirect the project to address the real issue?",Senior,Problem Solving,Structured Problem Solving,Manager,Interview
Roland Berger,"The client wants you to present recommendations that require board approval when you know the board is unlikely to approve them. How do you proceed?",Senior,Strategic Thinking,Strategic Thinking & Framework Application,Senior Manager,Interview
General,"You need to recommend changes to a client process that the process owner is in your audience. How do you present this diplomatically?",Mid,Communication,Communication & Presentation,Senior Consultant,Interview