company,question,difficulty,question_type,skills_assessed,tech_consulting_level,source
General,"A client's legacy system migration is 6 months behind schedule and over budget. How do you get it back on track?",Mid,System Implementation,Project Management & Delivery,Senior Consultant,Interview Experience
General,"The CEO wants to move everything to the cloud but IT is resistant. How do you navigate this?",Senior,Cloud Migration,Change Management & Adoption,Manager,Interview Experience
General,"Your automation project eliminated 200 jobs and employees are upset. What's your approach?",Senior,Process Automation,Change Management & Adoption,Senior Manager,Interview Experience
Accenture,"A Fortune 500 retail client wants to implement AI-powered inventory management but has no data strategy. Where do you start?",Senior,Data & Analytics,Data Strategy & Analytics,Manager,Interview Experience
Accenture,"The client's digital transformation budget was cut by 40% mid-project. How do you re-prioritize deliverables?",Senior,Digital Transformation,Technology Strategy & Planning,Senior Manager,Interview Experience
IBM,"A banking client's mainframe integration with new APIs is failing security audits. How do you address this?",Senior,System Implementation,Cybersecurity & Risk Management,Senior Consultant,Interview Experience
IBM,"The client wants to use Watson AI but their data quality is poor. How do you proceed?",Mid,Data & Analytics,Data Strategy & Analytics,Consultant,Interview Experience
Deloitte Digital,"A healthcare client needs HIPAA-compliant cloud migration but wants to maintain on-premise control. How do you balance this?",Senior,Cloud Migration,Cybersecurity & Risk Management,Manager,Interview Experience
Deloitte Digital,"The CMO and CTO disagree on the customer experience platform approach. How do you facilitate alignment?",Senior,Digital Transformation,Client Relationship Management,Senior Manager,Interview Experience
PwC Digital,"A manufacturing client's ERP implementation is causing production delays. How do you minimize business disruption?",Senior,System Implementation,Change Management & Adoption,Manager,Interview Experience
PwC Digital,"The client wants real-time analytics but their current infrastructure can't handle the load. What's your recommendation?",Mid,Data & Analytics,Technology Strategy & Planning,Senior Consultant,Interview Experience
EY Digital,"A fintech startup needs enterprise-grade security but has limited budget. How do you prioritize security investments?",Mid,Cybersecurity Strategy,Cybersecurity & Risk Management,Consultant,Interview Experience
EY Digital,"The client's agile transformation is meeting resistance from traditional project managers. How do you drive adoption?",Senior,Change Management,Change Management & Adoption,Senior Manager,Interview Experience
KPMG Digital,"A retail client's omnichannel platform integration is creating customer data silos. How do you unify the experience?",Senior,System Implementation,System Implementation & Integration,Manager,Interview Experience
KPMG Digital,"The CFO questions ROI on the digital transformation investment. How do you demonstrate value?",Senior,Digital Transformation,Client Relationship Management,Senior Manager,Interview Experience
Capgemini,"A telecommunications client wants to modernize billing systems without service disruption. What's your approach?",Senior,System Implementation,Technology Strategy & Planning,Manager,Interview Experience
Capgemini,"The client's microservices architecture is creating more complexity than expected. How do you simplify?",Senior,System Implementation,Technology Strategy & Planning,Senior Consultant,Interview Experience
Cognizant,"A healthcare client needs AI-powered diagnostics but clinicians don't trust the technology. How do you build confidence?",Senior,Digital Transformation,Change Management & Adoption,Manager,Interview Experience
Cognizant,"The client's automation initiative is saving money but customer satisfaction is declining. How do you balance efficiency and service?",Senior,Process Automation,Process Analysis & Automation,Senior Manager,Interview Experience
Infosys,"A government client needs digital services but has strict compliance requirements. How do you ensure both innovation and compliance?",Senior,Digital Transformation,Cybersecurity & Risk Management,Manager,Interview Experience
Infosys,"The client's legacy Java applications need cloud migration but the development team lacks cloud skills. How do you address this gap?",Mid,Cloud Migration,Technology Strategy & Planning,Senior Consultant,Interview Experience
TCS,"A banking client's digital lending platform is experiencing performance issues during peak hours. How do you optimize?",Senior,System Implementation,Technology Strategy & Planning,Manager,Interview Experience
TCS,"The client wants to implement blockchain for supply chain but stakeholders don't understand the technology. How do you educate and drive adoption?",Senior,Digital Transformation,Change Management & Adoption,Senior Manager,Interview Experience
General,"A client discovered their vendor lock-in prevents cloud migration flexibility. How do you develop an exit strategy?",Senior,Cloud Migration,Technology Strategy & Planning,Manager,Interview Experience
General,"The client's data governance policies are blocking their analytics initiatives. How do you balance compliance and innovation?",Senior,Data & Analytics,Data Strategy & Analytics,Senior Manager,Interview Experience
General,"A cybersecurity breach occurred during your system implementation. How do you respond and maintain client trust?",Senior,Cybersecurity Strategy,Cybersecurity & Risk Management,Senior Manager,Interview Experience
General,"The client's business users reject the new ERP system because it's too complex. How do you improve user adoption?",Mid,System Implementation,Change Management & Adoption,Senior Consultant,Interview Experience
General,"A startup client grew from 50 to 500 employees and their systems can't scale. How do you architect for rapid growth?",Mid,System Implementation,Technology Strategy & Planning,Consultant,Interview Experience
General,"The client's marketing and sales teams have conflicting CRM requirements. How do you design a solution that satisfies both?",Mid,System Implementation,Client Relationship Management,Senior Consultant,Interview Experience
General,"A client's API strategy is creating security vulnerabilities across their ecosystem. How do you secure their integrations?",Senior,Cybersecurity Strategy,Cybersecurity & Risk Management,Manager,Interview Experience
Accenture,"The client wants to use low-code platforms to reduce development time but IT is concerned about governance. How do you address this?",Mid,Digital Transformation,Technology Strategy & Planning,Senior Consultant,Interview Experience
Accenture,"A retail client's personalization engine is making biased recommendations. How do you ensure ethical AI implementation?",Senior,Data & Analytics,Data Strategy & Analytics,Manager,Interview Experience
IBM,"The client's hybrid cloud setup is causing data synchronization issues. How do you ensure data consistency?",Senior,Cloud Migration,Technology Strategy & Planning,Manager,Interview Experience
IBM,"A manufacturing client wants predictive maintenance but their machines aren't IoT-enabled. How do you retrofit and implement?",Senior,Digital Transformation,Technology Strategy & Planning,Senior Manager,Interview Experience
Deloitte Digital,"The client's customer service chatbot is frustrating users with poor responses. How do you improve the AI training?",Mid,Digital Transformation,Technology Strategy & Planning,Consultant,Interview Experience
Deloitte Digital,"A financial services client needs real-time fraud detection but current systems have 2-second latency. How do you optimize?",Senior,Data & Analytics,Technology Strategy & Planning,Manager,Interview Experience
PwC Digital,"The client's supply chain visibility project requires integration with 50+ vendor systems. How do you manage this complexity?",Senior,System Implementation,System Implementation & Integration,Senior Manager,Interview Experience
PwC Digital,"A healthcare client's telemedicine platform needs to handle 10x traffic surge during health crises. How do you ensure scalability?",Senior,System Implementation,Technology Strategy & Planning,Manager,Interview Experience
EY Digital,"The client's data lake has become a data swamp with poor quality and governance. How do you clean and organize it?",Senior,Data & Analytics,Data Strategy & Analytics,Senior Manager,Interview Experience
EY Digital,"A client's digital workplace transformation is creating productivity gaps for older employees. How do you ensure inclusive adoption?",Senior,Change Management,Change Management & Adoption,Manager,Interview Experience
KPMG Digital,"The client's e-commerce platform crashes during Black Friday sales. How do you prevent future occurrences?",Senior,System Implementation,Technology Strategy & Planning,Manager,Interview Experience
KPMG Digital,"A manufacturing client's industrial IoT sensors are generating terabytes of data but providing little insight. How do you extract value?",Senior,Data & Analytics,Data Strategy & Analytics,Senior Manager,Interview Experience
Capgemini,"The client's DevOps transformation is slowing down releases instead of accelerating them. How do you troubleshoot the process?",Senior,Digital Transformation,Process Analysis & Automation,Manager,Interview Experience
Capgemini,"A telecommunications client needs 5G network optimization but lacks the internal expertise. How do you build capability?",Senior,Digital Transformation,Technology Strategy & Planning,Senior Manager,Interview Experience
Cognizant,"The client's RPA implementation is breaking when business processes change. How do you build more resilient automation?",Mid,Process Automation,Process Analysis & Automation,Senior Consultant,Interview Experience
Cognizant,"A pharmaceutical client needs AI for drug discovery but faces regulatory compliance challenges. How do you navigate this?",Senior,Digital Transformation,Cybersecurity & Risk Management,Manager,Interview Experience
Infosys,"The client's digital twin implementation for manufacturing isn't providing expected insights. How do you optimize the model?",Senior,Digital Transformation,Data Strategy & Analytics,Manager,Interview Experience
Infosys,"A government client's citizen services portal has accessibility issues that violate regulations. How do you remediate quickly?",Mid,Digital Transformation,Cybersecurity & Risk Management,Senior Consultant,Interview Experience
TCS,"The client's blockchain supply chain solution is too slow for real-time tracking. How do you improve performance?",Senior,Digital Transformation,Technology Strategy & Planning,Manager,Interview Experience
TCS,"A banking client's digital transformation is creating silos instead of integration. How do you break down these barriers?",Senior,Digital Transformation,System Implementation & Integration,Senior Manager,Interview Experience
General,"A client's cloud costs have tripled after migration but performance hasn't improved. How do you optimize spending?",Senior,Cloud Migration,Technology Strategy & Planning,Manager,Interview Experience
General,"The client's machine learning models are drifting and producing inaccurate predictions. How do you maintain model quality?",Senior,Data & Analytics,Data Strategy & Analytics,Manager,Interview Experience
General,"A cybersecurity audit revealed 200+ vulnerabilities across the client's systems. How do you prioritize remediation?",Senior,Cybersecurity Strategy,Cybersecurity & Risk Management,Senior Manager,Interview Experience
General,"The client's customer data platform has inconsistent customer profiles across touchpoints. How do you achieve a single customer view?",Senior,Data & Analytics,Data Strategy & Analytics,Manager,Interview Experience
General,"A client's agile transformation is creating chaos instead of efficiency. How do you stabilize while maintaining agility?",Senior,Change Management,Change Management & Adoption,Senior Manager,Interview Experience
General,"The client wants to implement quantum computing for optimization but the technology is immature. How do you advise?",Senior,Technology Strategy,Technology Strategy & Planning,Principal,Interview Experience
General,"A client's API-first strategy is creating performance bottlenecks in their mobile apps. How do you optimize the architecture?",Mid,System Implementation,Technology Strategy & Planning,Senior Consultant,Interview Experience
General,"The client's edge computing deployment is causing data governance issues. How do you maintain centralized control?",Senior,Technology Strategy,Data Strategy & Analytics,Manager,Interview Experience
Accenture,"A retail client's inventory optimization AI is recommending impossible stock levels. How do you debug and improve the algorithm?",Senior,Data & Analytics,Data Strategy & Analytics,Manager,Interview Experience
Accenture,"The client's digital marketing platform integration is creating duplicate customer communications. How do you prevent this?",Mid,System Implementation,System Implementation & Integration,Senior Consultant,Interview Experience
IBM,"A client's Watson deployment for customer service isn't understanding industry-specific terminology. How do you improve the training?",Mid,Digital Transformation,Technology Strategy & Planning,Consultant,Interview Experience
IBM,"The client's hybrid cloud security model has gaps between on-premise and cloud environments. How do you close them?",Senior,Cybersecurity Strategy,Cybersecurity & Risk Management,Manager,Interview Experience
Deloitte Digital,"A client's digital transformation is successful technically but employees are still using old processes. How do you drive behavioral change?",Senior,Change Management,Change Management & Adoption,Senior Manager,Interview Experience
Deloitte Digital,"The client's customer experience analytics show declining satisfaction despite system improvements. How do you investigate?",Senior,Data & Analytics,Data Strategy & Analytics,Manager,Interview Experience
PwC Digital,"A client's ERP upgrade broke critical integrations with partner systems. How do you restore connectivity quickly?",Senior,System Implementation,System Implementation & Integration,Manager,Interview Experience
PwC Digital,"The client's data warehouse modernization project is behind schedule due to data quality issues. How do you accelerate?",Senior,Data & Analytics,Data Strategy & Analytics,Senior Manager,Interview Experience
EY Digital,"A client's automation reduced processing time but increased error rates. How do you balance speed and accuracy?",Senior,Process Automation,Process Analysis & Automation,Manager,Interview Experience
EY Digital,"The client's cloud migration revealed licensing compliance issues that could cost millions. How do you resolve this?",Senior,Cloud Migration,Cybersecurity & Risk Management,Senior Manager,Interview Experience
KPMG Digital,"A client's omnichannel platform is creating inventory visibility issues across channels. How do you synchronize?",Senior,System Implementation,System Implementation & Integration,Manager,Interview Experience
KPMG Digital,"The client's predictive analytics model for demand forecasting is 30% inaccurate. How do you improve precision?",Senior,Data & Analytics,Data Strategy & Analytics,Manager,Interview Experience
Capgemini,"A client's microservices architecture has too many dependencies causing cascade failures. How do you improve resilience?",Senior,System Implementation,Technology Strategy & Planning,Senior Manager,Interview Experience
Capgemini,"The client's IoT implementation for smart buildings is generating false alerts. How do you refine the system?",Mid,Digital Transformation,Technology Strategy & Planning,Senior Consultant,Interview Experience
Cognizant,"A client's robotic process automation is struggling with exception handling. How do you make it more intelligent?",Mid,Process Automation,Process Analysis & Automation,Senior Consultant,Interview Experience
Cognizant,"The client's AI-powered recommendation engine has cold start problems for new users. How do you address this?",Senior,Data & Analytics,Data Strategy & Analytics,Manager,Interview Experience
Infosys,"A client's digital platform modernization is creating performance degradation. How do you maintain service levels during transition?",Senior,System Implementation,Technology Strategy & Planning,Manager,Interview Experience
Infosys,"The client's machine learning pipeline is taking too long to retrain models. How do you optimize the MLOps process?",Senior,Data & Analytics,Technology Strategy & Planning,Manager,Interview Experience
TCS,"A client's blockchain implementation for trade finance is too complex for users. How do you simplify the interface?",Senior,Digital Transformation,Change Management & Adoption,Manager,Interview Experience
TCS,"The client's cloud-native application is experiencing memory leaks in production. How do you diagnose and fix this?",Senior,System Implementation,Technology Strategy & Planning,Manager,Interview Experience
General,"A client's digital twin implementation requires real-time data but their network latency is too high. How do you solve this?",Senior,Digital Transformation,Technology Strategy & Planning,Manager,Interview Experience
General,"The client's data mesh architecture is creating governance challenges across domains. How do you maintain consistency?",Senior,Data & Analytics,Data Strategy & Analytics,Senior Manager,Interview Experience
General,"A client's zero-trust security implementation is blocking legitimate business processes. How do you balance security and usability?",Senior,Cybersecurity Strategy,Cybersecurity & Risk Management,Manager,Interview Experience
General,"The client's containerization strategy is causing resource contention issues. How do you optimize orchestration?",Senior,System Implementation,Technology Strategy & Planning,Manager,Interview Experience
General,"A client's real-time analytics platform can't handle peak loads during business events. How do you scale elastically?",Senior,Data & Analytics,Technology Strategy & Planning,Manager,Interview Experience
General,"The client's legacy integration middleware is becoming a single point of failure. How do you modernize without disruption?",Senior,System Implementation,System Implementation & Integration,Senior Manager,Interview Experience
General,"A client's AI governance framework is slowing down innovation. How do you balance oversight and agility?",Senior,Digital Transformation,Technology Strategy & Planning,Senior Manager,Interview Experience
General,"The client's multi-cloud strategy is creating data residency compliance issues. How do you ensure regulatory adherence?",Senior,Cloud Migration,Cybersecurity & Risk Management,Manager,Interview Experience
Accenture,"A retail client's price optimization algorithm is causing competitive disadvantage. How do you recalibrate the strategy?",Senior,Data & Analytics,Data Strategy & Analytics,Senior Manager,Interview Experience
Accenture,"The client's customer journey mapping reveals 15 different systems for one process. How do you consolidate?",Senior,Digital Transformation,System Implementation & Integration,Manager,Interview Experience
IBM,"A client wants to implement quantum-safe cryptography but needs to maintain legacy system compatibility. How do you plan the transition?",Senior,Cybersecurity Strategy,Cybersecurity & Risk Management,Principal,Interview Experience
IBM,"The client's cognitive automation is making decisions that humans can't explain. How do you add transparency?",Senior,Digital Transformation,Technology Strategy & Planning,Manager,Interview Experience
Deloitte Digital,"A client's design thinking workshops produced 50 ideas but no clear implementation roadmap. How do you prioritize and execute?",Mid,Digital Transformation,Technology Strategy & Planning,Senior Consultant,Interview Experience
Deloitte Digital,"The client's customer sentiment analysis is missing cultural nuances in global markets. How do you improve accuracy?",Senior,Data & Analytics,Data Strategy & Analytics,Manager,Interview Experience
PwC Digital,"A client's ERP rollout across 20 countries is facing different regulatory requirements. How do you manage complexity?",Senior,System Implementation,Project Management & Delivery,Senior Manager,Interview Experience
PwC Digital,"The client's data lineage is unclear making impact analysis impossible. How do you establish traceability?",Senior,Data & Analytics,Data Strategy & Analytics,Manager,Interview Experience
EY Digital,"A client's process mining revealed that automated workflows are less efficient than manual ones. How do you optimize?",Senior,Process Automation,Process Analysis & Automation,Manager,Interview Experience
EY Digital,"The client's cloud security posture has drifted from compliance standards. How do you continuously monitor and correct?",Senior,Cybersecurity Strategy,Cybersecurity & Risk Management,Manager,Interview Experience
KPMG Digital,"A client's supply chain digitization project needs to integrate with thousands of small suppliers. How do you scale onboarding?",Senior,Digital Transformation,System Implementation & Integration,Senior Manager,Interview Experience
KPMG Digital,"The client's business intelligence reports are accurate but nobody uses them. How do you drive data-driven decision making?",Senior,Data & Analytics,Change Management & Adoption,Manager,Interview Experience
Capgemini,"A client's edge AI implementation is experiencing model synchronization issues across locations. How do you maintain consistency?",Senior,Digital Transformation,Technology Strategy & Planning,Manager,Interview Experience
Capgemini,"The client's API management platform is becoming a bottleneck for development teams. How do you optimize for developer productivity?",Mid,System Implementation,Technology Strategy & Planning,Senior Consultant,Interview Experience
Cognizant,"A client's intelligent document processing is struggling with handwritten forms. How do you improve OCR accuracy?",Mid,Digital Transformation,Technology Strategy & Planning,Senior Consultant,Interview Experience
Cognizant,"The client's chatbot escalates 80% of conversations to humans. How do you reduce escalation rates?",Mid,Digital Transformation,Technology Strategy & Planning,Consultant,Interview Experience
Infosys,"A client's digital workplace is creating collaboration overload with too many tools. How do you simplify the ecosystem?",Senior,Digital Transformation,Change Management & Adoption,Manager,Interview Experience
Infosys,"The client's automated testing pipeline has a 40% false positive rate. How do you improve test reliability?",Mid,System Implementation,Technology Strategy & Planning,Senior Consultant,Interview Experience
TCS,"A client's smart city platform is generating insights but city officials don't know how to act on them. How do you bridge this gap?",Senior,Digital Transformation,Change Management & Adoption,Manager,Interview Experience
TCS,"The client's legacy modernization is revealing technical debt that wasn't in the original assessment. How do you adjust the plan?",Senior,System Implementation,Project Management & Delivery,Senior Manager,Interview Experience
General,"A client's data fabric implementation is creating more complexity than the original point-to-point integrations. How do you simplify?",Senior,Data & Analytics,Technology Strategy & Planning,Senior Manager,Interview Experience
General,"The client's serverless architecture is experiencing cold start latency issues affecting user experience. How do you optimize?",Senior,System Implementation,Technology Strategy & Planning,Manager,Interview Experience
General,"A client's MLOps pipeline is producing models that work in development but fail in production. How do you ensure consistency?",Senior,Data & Analytics,Technology Strategy & Planning,Manager,Interview Experience
General,"The client's incident response automation is creating alert fatigue for the operations team. How do you refine the system?",Senior,Process Automation,Technology Strategy & Planning,Manager,Interview Experience
General,"A client's data democratization initiative is leading to inconsistent metrics across departments. How do you maintain data integrity?",Senior,Data & Analytics,Data Strategy & Analytics,Manager,Interview Experience
General,"The client's legacy system contains critical business logic that nobody understands. How do you modernize without losing functionality?",Senior,System Implementation,Technology Strategy & Planning,Senior Manager,Interview Experience
General,"A client's performance monitoring shows system degradation but the root cause is unclear. How do you diagnose complex distributed systems?",Senior,System Implementation,Technology Strategy & Planning,Manager,Interview Experience
General,"The client's innovation lab produces great prototypes but can't scale them to production. How do you bridge this gap?",Senior,Digital Transformation,Technology Strategy & Planning,Senior Manager,Interview Experience
Accenture,"A media client's content recommendation algorithm is creating filter bubbles that reduce user engagement. How do you balance personalization and discovery?",Senior,Data & Analytics,Data Strategy & Analytics,Manager,Interview Experience
Accenture,"The client's omnichannel personalization is inconsistent across touchpoints due to data latency. How do you synchronize real-time profiles?",Senior,System Implementation,Technology Strategy & Planning,Manager,Interview Experience
IBM,"A client's cognitive search implementation returns too many irrelevant results. How do you improve search precision and relevance?",Mid,Digital Transformation,Technology Strategy & Planning,Senior Consultant,Interview Experience
IBM,"The client's hybrid cloud disaster recovery plan hasn't been tested end-to-end. How do you validate business continuity without disruption?",Senior,Cloud Migration,Cybersecurity & Risk Management,Manager,Interview Experience
Deloitte Digital,"A client's digital transformation metrics show technical success but business KPIs haven't improved. How do you realign?",Senior,Digital Transformation,Technology Strategy & Planning,Senior Manager,Interview Experience
Deloitte Digital,"The client's customer data platform is compliant with GDPR but users can't exercise their data rights easily. How do you improve usability?",Senior,Data & Analytics,Cybersecurity & Risk Management,Manager,Interview Experience
PwC Digital,"A client's global ERP implementation has different business rules in each region. How do you balance standardization and localization?",Senior,System Implementation,System Implementation & Integration,Senior Manager,Interview Experience
PwC Digital,"The client's predictive maintenance model predicts failures that don't occur. How do you reduce false positives?",Senior,Data & Analytics,Data Strategy & Analytics,Manager,Interview Experience
EY Digital,"A client's document automation is working but the business processes around it haven't adapted. How do you redesign workflows?",Senior,Process Automation,Process Analysis & Automation,Manager,Interview Experience
EY Digital,"The client's cloud costs are predictable but their revenue is variable. How do you create a flexible cost model?",Senior,Cloud Migration,Technology Strategy & Planning,Manager,Interview Experience
KPMG Digital,"A client's digital marketplace platform has scaling issues during peak demand periods. How do you architect for elasticity?",Senior,System Implementation,Technology Strategy & Planning,Manager,Interview Experience
KPMG Digital,"The client's advanced analytics team produces insights but the business doesn't have processes to act on them. How do you operationalize analytics?",Senior,Data & Analytics,Change Management & Adoption,Senior Manager,Interview Experience
Capgemini,"A client's container orchestration is consuming more resources than the applications it runs. How do you optimize the overhead?",Senior,System Implementation,Technology Strategy & Planning,Manager,Interview Experience
Capgemini,"The client's digital product development is fast but quality is inconsistent. How do you balance speed and reliability?",Senior,Digital Transformation,Technology Strategy & Planning,Manager,Interview Experience
Cognizant,"A client's intelligent automation handles 90% of cases but the 10% exceptions require significant manual effort. How do you improve coverage?",Senior,Process Automation,Process Analysis & Automation,Manager,Interview Experience
Cognizant,"The client's machine learning feature engineering is manual and time-consuming. How do you automate feature discovery?",Senior,Data & Analytics,Technology Strategy & Planning,Manager,Interview Experience
Infosys,"A client's agile at scale implementation has teams moving fast but in different directions. How do you align without slowing down?",Senior,Change Management,Change Management & Adoption,Senior Manager,Interview Experience
Infosys,"The client's cloud migration revealed applications with hardcoded dependencies. How do you modernize tightly coupled systems?",Senior,Cloud Migration,Technology Strategy & Planning,Manager,Interview Experience
TCS,"A client's blockchain consortium has trust issues between participants. How do you establish governance and resolve disputes?",Senior,Digital Transformation,Client Relationship Management,Senior Manager,Interview Experience
TCS,"The client's big data platform processes are correct but too slow for business needs. How do you optimize without changing accuracy?",Senior,Data & Analytics,Technology Strategy & Planning,Manager,Interview Experience
General,"A client's digital ecosystem has grown organically and now has redundant capabilities. How do you rationalize without disrupting business?",Senior,Technology Strategy,Technology Strategy & Planning,Senior Manager,Interview Experience
General,"The client's AI model performance degrades over time but retraining is expensive. How do you maintain quality cost-effectively?",Senior,Data & Analytics,Technology Strategy & Planning,Manager,Interview Experience
General,"A client's security-by-design implementation is slowing development velocity. How do you embed security without friction?",Senior,Cybersecurity Strategy,Cybersecurity & Risk Management,Manager,Interview Experience
General,"The client's data lake has good storage but poor discoverability. How do you make data assets more accessible?",Senior,Data & Analytics,Data Strategy & Analytics,Manager,Interview Experience
General,"A client's microservices architecture has service sprawl with unclear boundaries. How do you rationalize and optimize?",Senior,System Implementation,Technology Strategy & Planning,Senior Manager,Interview Experience
General,"The client's DevSecOps pipeline catches vulnerabilities late in the cycle. How do you shift security left?",Senior,Cybersecurity Strategy,Technology Strategy & Planning,Manager,Interview Experience
General,"A client's digital transformation ROI is positive but below expectations. How do you accelerate value realization?",Senior,Digital Transformation,Technology Strategy & Planning,Senior Manager,Interview Experience
General,"The client's cloud-first strategy works for new applications but legacy systems remain on-premise. How do you achieve true hybrid integration?",Senior,Cloud Migration,System Implementation & Integration,Manager,Interview Experience
General,"A client's real-time decisioning system is accurate but the business rules change frequently. How do you build adaptable systems?",Senior,System Implementation,Technology Strategy & Planning,Manager,Interview Experience
General,"The client's data governance policies are comprehensive but difficult to enforce across a distributed organization. How do you ensure compliance?",Senior,Data & Analytics,Data Strategy & Analytics,Senior Manager,Interview Experience
General,"A client's API ecosystem is growing but lacks consistency in design and documentation. How do you standardize without breaking existing integrations?",Senior,System Implementation,Technology Strategy & Planning,Manager,Interview Experience
General,"The client's artificial intelligence ethics board slows down AI initiatives. How do you balance responsible AI with innovation speed?",Senior,Digital Transformation,Technology Strategy & Planning,Senior Manager,Interview Experience
General,"A client discovered their disaster recovery plan doesn't work after a real incident. How do you rebuild confidence and capability?",Senior,Cybersecurity Strategy,Cybersecurity & Risk Management,Senior Manager,Interview Experience
General,"The client's low-code platform is democratizing development but creating quality concerns. How do you maintain standards while enabling citizen developers?",Senior,Digital Transformation,Technology Strategy & Planning,Manager,Interview Experience
General,"A client's edge computing deployment has intermittent connectivity issues affecting real-time processing. How do you ensure resilience?",Senior,System Implementation,Technology Strategy & Planning,Manager,Interview Experience
General,"The client's data mesh implementation has cultural resistance from centralized teams. How do you manage organizational change?",Senior,Data & Analytics,Change Management & Adoption,Senior Manager,Interview Experience
General,"A client's quantum computing pilot showed promise but scaling to production seems impossible. How do you plan the evolution?",Senior,Technology Strategy,Technology Strategy & Planning,Principal,Interview Experience
General,"The client's observability platform generates too much data for teams to process effectively. How do you optimize signal-to-noise ratio?",Senior,System Implementation,Technology Strategy & Planning,Manager,Interview Experience
General,"A client's supply chain transparency initiative requires competitors to share data. How do you design incentive structures?",Senior,Digital Transformation,Client Relationship Management,Senior Manager,Interview Experience
General,"The client's customer experience orchestration is personalized but feels invasive to users. How do you balance customization and privacy?",Senior,Digital Transformation,Technology Strategy & Planning,Manager,Interview Experience
General,"A client's talent management system recommends biased hiring decisions. How do you ensure algorithmic fairness?",Senior,Data & Analytics,Technology Strategy & Planning,Manager,Interview Experience
General,"The client's digital twin accuracy depends on sensor data that's often unreliable. How do you handle uncertainty in modeling?",Senior,Digital Transformation,Technology Strategy & Planning,Manager,Interview Experience
General,"A client's automated customer service is efficient but customers prefer human interaction for complex issues. How do you optimize the handoff?",Senior,Digital Transformation,Change Management & Adoption,Manager,Interview Experience
General,"The client's blockchain implementation for payments is secure but transaction costs are higher than traditional methods. How do you justify the investment?",Senior,Digital Transformation,Technology Strategy & Planning,Manager,Interview Experience
General,"A client's machine learning models work well individually but create conflicting recommendations when combined. How do you orchestrate multiple AI systems?",Senior,Data & Analytics,Technology Strategy & Planning,Senior Manager,Interview Experience
General,"The client's digital workplace transformation improved productivity but reduced innovation and serendipitous collaboration. How do you balance structure and creativity?",Senior,Digital Transformation,Change Management & Adoption,Senior Manager,Interview Experience
General,"How would you convince a traditional manufacturing CEO to invest in IoT when they can't see immediate ROI?",Junior,Digital Transformation,Client Relationship Management,Analyst,Interview Experience
General,"A startup client wants enterprise-grade security but has a startup budget. What's your minimum viable security approach?",Junior,Cybersecurity Strategy,Technology Strategy & Planning,Analyst,Interview Experience
General,"The client's IT team says cloud migration will take 3 years but the business needs it done in 6 months. How do you bridge this gap?",Mid,Cloud Migration,Project Management & Delivery,Consultant,Interview Experience
General,"A client's employees are using shadow IT solutions because official systems are too slow. How do you address this?",Mid,IT Strategy,Change Management & Adoption,Consultant,Interview Experience
General,"The client wants to use AI for hiring but HR is concerned about bias. How do you navigate this concern?",Mid,Data & Analytics,Change Management & Adoption,Senior Consultant,Interview Experience
General,"A family business client resists digital transformation because they fear losing their personal touch. How do you position technology as an enabler?",Junior,Digital Transformation,Client Relationship Management,Analyst,Interview Experience
General,"The client's board doesn't understand why they need cybersecurity investments when they haven't been breached. How do you educate them?",Junior,Cybersecurity Strategy,Client Relationship Management,Consultant,Interview Experience
General,"A client's system integration project keeps getting delayed because vendors can't agree on standards. How do you facilitate alignment?",Mid,System Implementation,Project Management & Delivery,Senior Consultant,Interview Experience
General,"The client wants to automate everything but employees are worried about job security. How do you address their concerns?",Mid,Process Automation,Change Management & Adoption,Consultant,Interview Experience
General,"A non-profit client has limited IT budget but needs to modernize their donor management system. How do you maximize impact with minimal investment?",Junior,System Implementation,Technology Strategy & Planning,Analyst,Interview Experience
General,"The client's technical team loves the new system but end users hate it. How do you improve adoption?",Junior,Change Management,Change Management & Adoption,Consultant,Interview Experience
General,"A client discovers their main competitor just launched a feature they planned to build. How do you adapt your digital strategy?",Mid,Digital Transformation,Technology Strategy & Planning,Senior Consultant,Interview Experience
General,"The client's data shows declining customer satisfaction but increasing efficiency metrics. How do you reconcile this conflict?",Mid,Data & Analytics,Technology Strategy & Planning,Senior Consultant,Interview Experience
General,"A client wants to implement cutting-edge technology but their infrastructure is 10 years old. How do you sequence the modernization?",Mid,Technology Strategy,Technology Strategy & Planning,Senior Consultant,Interview Experience
General,"The client's successful pilot project fails when scaled to production. What went wrong and how do you fix it?",Mid,System Implementation,Project Management & Delivery,Senior Consultant,Interview Experience
General,"A client's merger requires integrating two completely different technology stacks. How do you approach this challenge?",Senior,System Implementation,System Implementation & Integration,Manager,Interview Experience
General,"The client's customers are demanding features that would compromise security. How do you balance customer demands with security requirements?",Mid,Cybersecurity Strategy,Client Relationship Management,Senior Consultant,Interview Experience
General,"A client's digital transformation is technically successful but employee morale has plummeted. How do you address the human side?",Mid,Change Management,Change Management & Adoption,Senior Consultant,Interview Experience
General,"The client wants to be data-driven but their executives make decisions based on intuition. How do you change this culture?",Mid,Data & Analytics,Change Management & Adoption,Senior Consultant,Interview Experience
General,"A client's automation project is saving money but customers are complaining about reduced service quality. How do you optimize both?",Mid,Process Automation,Technology Strategy & Planning,Senior Consultant,Interview Experience
General,"The client's new mobile app has great reviews but low adoption rates. How do you increase user engagement?",Junior,Digital Transformation,Technology Strategy & Planning,Consultant,Interview Experience
General,"A client's cloud migration saved costs but increased complexity for their IT team. How do you simplify operations?",Mid,Cloud Migration,Technology Strategy & Planning,Senior Consultant,Interview Experience
General,"The client's AI chatbot is accurate but users find it frustrating to interact with. How do you improve the user experience?",Junior,Digital Transformation,Change Management & Adoption,Consultant,Interview Experience
General,"A client's business intelligence reports are comprehensive but executives only look at one dashboard. How do you make data more consumable?",Junior,Data & Analytics,Change Management & Adoption,Consultant,Interview Experience
General,"The client's agile transformation is moving fast but quality is declining. How do you balance speed and quality?",Mid,Change Management,Technology Strategy & Planning,Senior Consultant,Interview Experience
General,"A client wants to use blockchain but can't articulate why beyond 'because it's innovative.' How do you evaluate the real business case?",Junior,Digital Transformation,Technology Strategy & Planning,Analyst,Interview Experience