company,question,difficulty,question_type,skills_assessed,banking_level,source
JPMorgan Chase,A long-term client's cash flow deteriorated and they're requesting a payment deferral. How do you handle this?,Mid,Relationship Management,Credit Analysis & Underwriting|Relationship Management & Development,Relationship Manager,Interview
Bank of America,You're competing against 3 banks for a $50M credit facility. What's your strategy to win the deal?,Senior,Business Development,Business Development & Sales|Communication & Negotiation,VP,Interview
Wells Fargo,A client wants to expand into a new market but their debt-to-equity ratio is already high. How do you assess this?,Mid,Credit Analysis,Credit Analysis & Underwriting|Risk Assessment & Management,Credit Analyst,Interview
Citi,Your client's industry is facing regulatory changes that could impact their revenue. How do you adjust their credit line?,Senior,Risk Assessment,Risk Assessment & Management|Regulatory Compliance & Documentation,VP,Interview
US Bank,A manufacturing client needs working capital financing but has seasonal cash flow patterns. What financing structure do you recommend?,Mid,Lending,Credit Analysis & Underwriting|Financial Analysis & Modeling,Relationship Manager,Interview
PNC,You discover a client has been providing inaccurate financial statements. How do you address this situation?,Senior,Regulatory Compliance,Regulatory Compliance & Documentation|Communication & Negotiation,SVP,Interview
Truist,A real estate developer wants to finance three projects simultaneously but only has equity for one. How do you structure this?,Senior,Credit Analysis,Credit Analysis & Underwriting|Portfolio Management & Monitoring,VP,Interview
Capital One,Your client's main competitor just received a large investment. How does this affect your credit assessment?,Mid,Risk Assessment,Risk Assessment & Management|Industry & Market Knowledge,Credit Analyst,Interview
TD Bank,A client wants to acquire a smaller competitor but needs financing that exceeds your bank's single borrower limit. What's your approach?,Senior,Lending,Business Development & Sales|Credit Analysis & Underwriting,SVP,Interview
Regions,You notice unusual cash deposits in a client's account that don't match their business model. How do you investigate?,Mid,Regulatory Compliance,Regulatory Compliance & Documentation|Risk Assessment & Management,Relationship Manager,Interview
JPMorgan Chase,A technology startup client is burning cash faster than projected but has a promising product. Do you extend their line of credit?,Senior,Credit Analysis,Credit Analysis & Underwriting|Risk Assessment & Management,VP,Interview
Bank of America,Your client's CFO left unexpectedly and they can't provide updated financials. How do you manage the existing credit facility?,Mid,Portfolio Management,Portfolio Management & Monitoring|Relationship Management & Development,Relationship Manager,Interview
Wells Fargo,A retail client wants to finance inventory for the holiday season but their sales last year were disappointing. What's your decision?,Mid,Lending,Credit Analysis & Underwriting|Financial Analysis & Modeling,Credit Analyst,Interview
Citi,You're asked to provide trade finance for a client's international expansion into an emerging market. What factors do you consider?,Senior,Treasury Services,Treasury & Cash Management|Risk Assessment & Management,VP,Interview
US Bank,A healthcare client needs equipment financing but faces potential reimbursement cuts. How do you structure the loan?,Mid,Credit Analysis,Credit Analysis & Underwriting|Industry & Market Knowledge,Relationship Manager,Interview
PNC,Your client's accounts receivable have increased significantly but cash collections remain flat. What's your concern?,Mid,Risk Assessment,Financial Analysis & Modeling|Risk Assessment & Management,Credit Analyst,Interview
Truist,A construction client has three projects running behind schedule and over budget. How do you address the credit risk?,Senior,Portfolio Management,Portfolio Management & Monitoring|Credit Analysis & Underwriting,VP,Interview
Capital One,You're meeting with a potential client who currently banks with a competitor. What's your approach to win their business?,Junior,Business Development,Business Development & Sales|Communication & Negotiation,Relationship Manager,Interview
TD Bank,A client's loan covenant requires maintaining a minimum debt service coverage ratio of 1.25x but they're projecting 1.20x. What do you do?,Mid,Regulatory Compliance,Regulatory Compliance & Documentation|Credit Analysis & Underwriting,Credit Analyst,Interview
Regions,Your client wants to diversify their business model but it would take them into an industry you're not familiar with. How do you proceed?,Mid,Risk Assessment,Industry & Market Knowledge|Credit Analysis & Underwriting,Relationship Manager,Interview
JPMorgan Chase,A family-owned business client is going through a succession dispute. How does this affect your credit decision?,Senior,Relationship Management,Relationship Management & Development|Risk Assessment & Management,VP,Interview
Bank of America,You need to renew a $25M credit facility but the client's margins have compressed due to increased competition. What's your approach?,Senior,Credit Analysis,Credit Analysis & Underwriting|Portfolio Management & Monitoring,SVP,Interview
Wells Fargo,A client in the energy sector is facing commodity price volatility. How do you structure their revolving credit facility?,Senior,Lending,Credit Analysis & Underwriting|Risk Assessment & Management,VP,Interview
Citi,Your client wants to establish international banking relationships for their global expansion. What services do you recommend?,Mid,Treasury Services,Treasury & Cash Management|Business Development & Sales,Relationship Manager,Interview
US Bank,A restaurant chain client wants to open 10 new locations but their existing locations have declining same-store sales. What's your credit decision?,Mid,Credit Analysis,Credit Analysis & Underwriting|Financial Analysis & Modeling,Credit Analyst,Interview
PNC,You discover that a client has been using their equipment line of credit for working capital purposes. How do you handle this?,Mid,Regulatory Compliance,Regulatory Compliance & Documentation|Portfolio Management & Monitoring,Relationship Manager,Interview
Truist,A client's industry is consolidating and they want to be an acquirer rather than a target. What financing options do you explore?,Senior,Business Development,Business Development & Sales|Credit Analysis & Underwriting,VP,Interview
Capital One,Your client's business model depends heavily on one major customer who represents 60% of their revenue. How do you assess this risk?,Mid,Risk Assessment,Risk Assessment & Management|Credit Analysis & Underwriting,Credit Analyst,Interview
TD Bank,A transportation client's insurance costs have doubled due to new regulations. How does this impact their credit profile?,Mid,Risk Assessment,Risk Assessment & Management|Regulatory Compliance & Documentation,Relationship Manager,Interview
Regions,You're asked to provide a letter of credit for a client's international supplier. What due diligence do you perform?,Mid,Treasury Services,Treasury & Cash Management|Regulatory Compliance & Documentation,Credit Analyst,Interview
JPMorgan Chase,A technology client has strong recurring revenue but negative cash flow due to high growth investments. How do you evaluate creditworthiness?,Senior,Credit Analysis,Credit Analysis & Underwriting|Financial Analysis & Modeling,VP,Interview
Bank of America,Your client wants to refinance existing debt with multiple lenders to simplify their banking relationships. What's your strategy?,Senior,Business Development,Business Development & Sales|Relationship Management & Development,SVP,Interview
Wells Fargo,A manufacturing client's key supplier just filed for bankruptcy. How do you assess the impact on their business?,Mid,Risk Assessment,Risk Assessment & Management|Industry & Market Knowledge,Relationship Manager,Interview
Citi,You're managing a syndicated loan where one participant wants to exit. How do you handle this situation?,Senior,Portfolio Management,Portfolio Management & Monitoring|Communication & Negotiation,VP,Interview
US Bank,A client in the hospitality industry is requesting payment deferrals due to seasonal slowdowns. What factors influence your decision?,Mid,Credit Analysis,Credit Analysis & Underwriting|Portfolio Management & Monitoring,Credit Analyst,Interview
PNC,Your client's financial statements show improving profits but worsening cash flow. What questions do you ask?,Mid,Financial Analysis,Financial Analysis & Modeling|Communication & Negotiation,Relationship Manager,Interview
Truist,A healthcare provider client faces potential Medicare reimbursement changes. How do you stress test their credit capacity?,Senior,Risk Assessment,Risk Assessment & Management|Financial Analysis & Modeling,VP,Interview
Capital One,You're competing for a client who values relationship banking over just competitive pricing. How do you position your bank?,Mid,Business Development,Business Development & Sales|Relationship Management & Development,Relationship Manager,Interview
TD Bank,A client wants to hedge interest rate exposure on their floating rate debt. What products do you recommend?,Mid,Treasury Services,Treasury & Cash Management|Risk Assessment & Management,Credit Analyst,Interview
Regions,Your client's management team lacks experience in their new market expansion. How does this affect your credit decision?,Mid,Risk Assessment,Risk Assessment & Management|Credit Analysis & Underwriting,Relationship Manager,Interview
JPMorgan Chase,A retail client needs bridge financing for a store renovation but construction costs have increased 30%. What's your approach?,Mid,Lending,Credit Analysis & Underwriting|Risk Assessment & Management,Credit Analyst,Interview
Bank of America,You discover a client has contingent liabilities not disclosed in their financial statements. How do you address this?,Senior,Regulatory Compliance,Regulatory Compliance & Documentation|Credit Analysis & Underwriting,VP,Interview
Wells Fargo,A client's environmental compliance audit revealed potential remediation costs. How do you factor this into credit analysis?,Senior,Risk Assessment,Risk Assessment & Management|Regulatory Compliance & Documentation,SVP,Interview
Citi,Your client wants to establish a cash management system across multiple countries. What considerations are important?,Senior,Treasury Services,Treasury & Cash Management|Regulatory Compliance & Documentation,VP,Interview
US Bank,A agricultural client faces crop yield uncertainty due to weather patterns. How do you structure their seasonal credit line?,Mid,Credit Analysis,Credit Analysis & Underwriting|Risk Assessment & Management,Relationship Manager,Interview
PNC,You need to present a credit committee recommendation for a client in a cyclical industry at the peak of their cycle. What's your approach?,Senior,Credit Analysis,Credit Analysis & Underwriting|Communication & Negotiation,VP,Interview
Truist,A client's digital transformation initiative requires significant capital investment with uncertain returns. How do you evaluate this?,Senior,Risk Assessment,Risk Assessment & Management|Industry & Market Knowledge,SVP,Interview
Capital One,Your client wants to expand their employee base by 50% but margins are already tight. What financing structure do you recommend?,Mid,Lending,Credit Analysis & Underwriting|Financial Analysis & Modeling,Credit Analyst,Interview
TD Bank,A client's audit reveals material weaknesses in internal controls. How does this impact your relationship and credit decisions?,Senior,Regulatory Compliance,Regulatory Compliance & Documentation|Portfolio Management & Monitoring,VP,Interview
Regions,You're asked to finance a client's acquisition where the target company has underfunded pension obligations. What's your analysis?,Senior,Credit Analysis,Credit Analysis & Underwriting|Risk Assessment & Management,SVP,Interview
JPMorgan Chase,A client in the gig economy needs working capital financing but has irregular cash flows. What creative solutions do you offer?,Mid,Lending,Credit Analysis & Underwriting|Business Development & Sales,Relationship Manager,Interview
Bank of America,Your client's industry is being disrupted by new technology. How do you assess their long-term viability?,Senior,Risk Assessment,Risk Assessment & Management|Industry & Market Knowledge,VP,Interview
Wells Fargo,A real estate client wants to develop affordable housing but profit margins are lower than their typical projects. How do you evaluate this?,Mid,Credit Analysis,Credit Analysis & Underwriting|Risk Assessment & Management,Credit Analyst,Interview
Citi,You're managing a client relationship where the CEO and CFO disagree on the company's strategic direction. How do you navigate this?,Senior,Relationship Management,Relationship Management & Development|Communication & Negotiation,SVP,Interview
US Bank,A client needs documentary collections for their international trade. What risks do you explain to them?,Mid,Treasury Services,Treasury & Cash Management|Risk Assessment & Management,Relationship Manager,Interview
PNC,Your client's largest competitor just announced a major acquisition. How does this affect your client's credit profile?,Mid,Risk Assessment,Risk Assessment & Management|Industry & Market Knowledge,Credit Analyst,Interview
Truist,A client wants to finance R&D for a new product line but their current products are losing market share. What's your credit decision?,Senior,Credit Analysis,Credit Analysis & Underwriting|Risk Assessment & Management,VP,Interview
Capital One,You're asked to provide treasury services for a client with operations in high-risk countries. What compliance measures do you implement?,Senior,Treasury Services,Treasury & Cash Management|Regulatory Compliance & Documentation,SVP,Interview
TD Bank,A manufacturing client's key equipment is becoming obsolete but they lack capital for upgrades. How do you address this challenge?,Mid,Lending,Credit Analysis & Underwriting|Business Development & Sales,Relationship Manager,Interview
Regions,Your client's financial performance varies significantly from their projections. How do you adjust your ongoing monitoring?,Mid,Portfolio Management,Portfolio Management & Monitoring|Financial Analysis & Modeling,Credit Analyst,Interview
JPMorgan Chase,A client wants to exit a unprofitable division but the proceeds won't cover associated debt. What financing solutions do you explore?,Senior,Credit Analysis,Credit Analysis & Underwriting|Business Development & Sales,VP,Interview
Bank of America,You're managing a credit facility for a client going through Chapter 11 reorganization. What's your strategy?,Senior,Portfolio Management,Portfolio Management & Monitoring|Regulatory Compliance & Documentation,SVP,Interview
Wells Fargo,A client's supply chain disruptions are affecting their inventory levels and working capital needs. How do you adjust their facility?,Mid,Credit Analysis,Credit Analysis & Underwriting|Risk Assessment & Management,Relationship Manager,Interview
Citi,Your client wants to establish banking relationships in emerging markets for their expansion. What due diligence do you perform?,Senior,Treasury Services,Treasury & Cash Management|Risk Assessment & Management,VP,Interview
US Bank,A healthcare client faces potential malpractice litigation that could impact their cash flow. How do you assess this risk?,Mid,Risk Assessment,Risk Assessment & Management|Credit Analysis & Underwriting,Credit Analyst,Interview
PNC,You discover a client has been engaging in related party transactions not previously disclosed. What actions do you take?,Senior,Regulatory Compliance,Regulatory Compliance & Documentation|Portfolio Management & Monitoring,VP,Interview
Truist,A client in the renewable energy sector needs project financing but faces regulatory uncertainty. How do you structure the deal?,Senior,Lending,Credit Analysis & Underwriting|Risk Assessment & Management,SVP,Interview
Capital One,Your client's working capital needs are increasing faster than their sales growth. What does this indicate and how do you respond?,Mid,Financial Analysis,Financial Analysis & Modeling|Credit Analysis & Underwriting,Relationship Manager,Interview
TD Bank,A client wants to establish a sweep account to optimize their cash management. What terms and conditions do you recommend?,Mid,Treasury Services,Treasury & Cash Management|Business Development & Sales,Credit Analyst,Interview
Regions,You're competing for a client who currently has banking relationships with five different institutions. What's your consolidation strategy?,Senior,Business Development,Business Development & Sales|Relationship Management & Development,VP,Interview
JPMorgan Chase,A client's foreign exchange exposure has increased significantly due to international expansion. What hedging products do you recommend?,Senior,Treasury Services,Treasury & Cash Management|Risk Assessment & Management,SVP,Interview
Bank of America,Your client's debt service coverage ratio is approaching covenant levels. What proactive measures do you take?,Mid,Portfolio Management,Portfolio Management & Monitoring|Communication & Negotiation,Relationship Manager,Interview
Wells Fargo,A client in the food service industry faces rising commodity prices and labor costs. How do you adjust their credit analysis?,Mid,Risk Assessment,Risk Assessment & Management|Financial Analysis & Modeling,Credit Analyst,Interview
Citi,You're asked to provide standby letters of credit for a client's performance guarantees. What risks do you evaluate?,Mid,Treasury Services,Treasury & Cash Management|Risk Assessment & Management,Relationship Manager,Interview
US Bank,A client's business model depends on government contracts that are up for renewal. How do you assess continuation risk?,Mid,Risk Assessment,Risk Assessment & Management|Credit Analysis & Underwriting,Credit Analyst,Interview
PNC,Your client wants to implement an acquisition strategy to achieve economies of scale. What financing structures do you explore?,Senior,Business Development,Business Development & Sales|Credit Analysis & Underwriting,VP,Interview
Truist,A client's cybersecurity breach has resulted in regulatory fines and customer losses. How do you reassess their credit risk?,Senior,Risk Assessment,Risk Assessment & Management|Regulatory Compliance & Documentation,SVP,Interview
Capital One,You're managing a relationship where the client consistently pushes for lower pricing. How do you demonstrate value beyond rate?,Mid,Relationship Management,Relationship Management & Development|Communication & Negotiation,Relationship Manager,Interview
TD Bank,A client needs invoice factoring to improve cash flow but it would subordinate the bank's position. What's your recommendation?,Mid,Lending,Credit Analysis & Underwriting|Risk Assessment & Management,Credit Analyst,Interview
Regions,Your client's industry consolidation creates opportunities for growth but also increased competition. How do you evaluate this dynamic?,Senior,Risk Assessment,Risk Assessment & Management|Industry & Market Knowledge,VP,Interview
JPMorgan Chase,A family business client is considering selling to a private equity firm. How does this potential change affect your relationship strategy?,Senior,Relationship Management,Relationship Management & Development|Business Development & Sales,SVP,Interview
Bank of America,You discover a client has been experiencing employee turnover in key positions. How does this impact your credit assessment?,Mid,Risk Assessment,Risk Assessment & Management|Credit Analysis & Underwriting,Relationship Manager,Interview
Wells Fargo,A client wants to finance sustainability initiatives that may not provide immediate returns. How do you evaluate these projects?,Senior,Credit Analysis,Credit Analysis & Underwriting|Risk Assessment & Management,VP,Interview
Citi,Your client needs multicurrency account management for their global operations. What compliance considerations are important?,Senior,Treasury Services,Treasury & Cash Management|Regulatory Compliance & Documentation,SVP,Interview
US Bank,A client's lease obligations are significant relative to their cash flow. How do you factor this into debt capacity analysis?,Mid,Financial Analysis,Financial Analysis & Modeling|Credit Analysis & Underwriting,Credit Analyst,Interview
PNC,You're asked to provide financing for a client's management buyout from their parent company. What due diligence is required?,Senior,Lending,Credit Analysis & Underwriting|Risk Assessment & Management,VP,Interview
Truist,A client's geographic concentration creates market risk. What diversification strategies do you discuss with them?,Mid,Risk Assessment,Risk Assessment & Management|Business Development & Sales,Relationship Manager,Interview
Capital One,Your client wants to expand their digital presence but lacks technological expertise. How do you assess execution risk?,Mid,Risk Assessment,Risk Assessment & Management|Credit Analysis & Underwriting,Credit Analyst,Interview
TD Bank,A client's cash conversion cycle has lengthened due to extended payment terms with customers. What working capital solutions do you offer?,Mid,Lending,Credit Analysis & Underwriting|Treasury & Cash Management,Relationship Manager,Interview
Regions,You're managing a credit facility where the client's performance has consistently exceeded projections. How do you leverage this for relationship growth?,Mid,Business Development,Business Development & Sales|Relationship Management & Development,Credit Analyst,Interview
JPMorgan Chase,A client faces potential product liability issues that could result in significant legal costs. How do you monitor this risk?,Senior,Risk Assessment,Risk Assessment & Management|Portfolio Management & Monitoring,VP,Interview
Bank of America,Your client wants to establish a captive insurance company. What banking services do they need and what risks exist?,Senior,Treasury Services,Treasury & Cash Management|Risk Assessment & Management,SVP,Interview
Wells Fargo,A client's capital expenditure plans exceed their internal cash generation capabilities. What financing mix do you recommend?,Mid,Credit Analysis,Credit Analysis & Underwriting|Financial Analysis & Modeling,Relationship Manager,Interview
Citi,You're asked to provide trade finance for a client's transactions with sanctioned countries. How do you respond?,Senior,Regulatory Compliance,Regulatory Compliance & Documentation|Treasury & Cash Management,VP,Interview
US Bank,A client's profit margins are under pressure but they want to maintain dividend payments to shareholders. What concerns do you raise?,Mid,Financial Analysis,Financial Analysis & Modeling|Communication & Negotiation,Credit Analyst,Interview
PNC,Your client is considering a joint venture with an international partner. What credit implications do you evaluate?,Senior,Credit Analysis,Credit Analysis & Underwriting|Risk Assessment & Management,VP,Interview
Truist,A client's succession planning involves transferring ownership to the next generation. How do you ensure credit continuity?,Senior,Relationship Management,Relationship Management & Development|Credit Analysis & Underwriting,SVP,Interview
Capital One,You're competing for a client who values sustainable banking practices. How do you position your institution?,Mid,Business Development,Business Development & Sales|Relationship Management & Development,Relationship Manager,Interview
TD Bank,A client needs foreign currency loans to match their international revenue streams. What structuring considerations are important?,Senior,Treasury Services,Treasury & Cash Management|Risk Assessment & Management,Credit Analyst,Interview
Regions,Your client's accounts payable have increased significantly while their vendor relationships remain stable. What questions do you ask?,Mid,Financial Analysis,Financial Analysis & Modeling|Risk Assessment & Management,Relationship Manager,Interview
JPMorgan Chase,A client wants to monetize their intellectual property through licensing deals. How do you evaluate this revenue stream for credit purposes?,Senior,Credit Analysis,Credit Analysis & Underwriting|Risk Assessment & Management,VP,Interview
Bank of America,You're managing a relationship where the client's board is considering strategic alternatives including a sale. How do you maintain the relationship?,Senior,Relationship Management,Relationship Management & Development|Communication & Negotiation,SVP,Interview
Wells Fargo,A client's warranty obligations have increased due to product quality issues. How does this affect their credit profile?,Mid,Risk Assessment,Risk Assessment & Management|Credit Analysis & Underwriting,Credit Analyst,Interview
Citi,Your client needs to establish banking relationships for their newly formed subsidiary. What corporate structure considerations affect your approach?,Mid,Treasury Services,Treasury & Cash Management|Credit Analysis & Underwriting,Relationship Manager,Interview
US Bank,A client's customer concentration has decreased but their geographic concentration has increased. How do you evaluate this trade-off?,Mid,Risk Assessment,Risk Assessment & Management|Portfolio Management & Monitoring,Credit Analyst,Interview
PNC,You discover a client has been deferring maintenance capex to improve cash flow. What impact does this have on your credit decision?,Mid,Credit Analysis,Credit Analysis & Underwriting|Risk Assessment & Management,Relationship Manager,Interview
Truist,A client wants to enter a new geographic market through acquisition but lacks local market knowledge. How do you assess this risk?,Senior,Risk Assessment,Risk Assessment & Management|Credit Analysis & Underwriting,VP,Interview
Capital One,Your client's cash flow is seasonal but their debt service is level throughout the year. What financing structure adjustments do you consider?,Mid,Lending,Credit Analysis & Underwriting|Financial Analysis & Modeling,Credit Analyst,Interview
TD Bank,A client needs ACH processing for their expanding e-commerce business. What fraud prevention measures do you implement?,Mid,Treasury Services,Treasury & Cash Management|Regulatory Compliance & Documentation,Relationship Manager,Interview
Regions,You're asked to provide a financial guarantee for a client's performance contract. What are the key risk factors you evaluate?,Mid,Treasury Services,Treasury & Cash Management|Risk Assessment & Management,Credit Analyst,Interview
JPMorgan Chase,A client's industry is facing disruption from regulatory changes. How do you help them navigate this transition while managing credit risk?,Senior,Risk Assessment,Risk Assessment & Management|Relationship Management & Development,VP,Interview
Bank of America,Your client wants to establish an employee stock ownership plan (ESOP). What banking implications do you consider?,Senior,Credit Analysis,Credit Analysis & Underwriting|Treasury & Cash Management,SVP,Interview
Wells Fargo,A client's working capital needs fluctuate significantly based on project timing. What revolving credit features do you recommend?,Mid,Lending,Credit Analysis & Underwriting|Treasury & Cash Management,Relationship Manager,Interview
Citi,You're managing a client who operates in multiple currencies and wants to centralize their treasury function. What services do you propose?,Senior,Treasury Services,Treasury & Cash Management|Business Development & Sales,VP,Interview
US Bank,A client's financial performance is strong but their industry outlook is deteriorating. How do you balance current performance against future risk?,Senior,Risk Assessment,Risk Assessment & Management|Credit Analysis & Underwriting,SVP,Interview
PNC,Your client wants to implement a supply chain finance program. What role can the bank play and what are the benefits?,Mid,Business Development,Business Development & Sales|Treasury & Cash Management,Relationship Manager,Interview
Truist,A client faces potential tariff impacts on their imported raw materials. How do you assess and mitigate this risk?,Mid,Risk Assessment,Risk Assessment & Management|Financial Analysis & Modeling,Credit Analyst,Interview
Capital One,You're competing for a treasury management mandate from a client with complex international needs. What's your differentiation strategy?,Senior,Business Development,Business Development & Sales|Treasury & Cash Management,VP,Interview
TD Bank,A client's receivables quality has deteriorated but their sales have increased. What additional analysis do you perform?,Mid,Financial Analysis,Financial Analysis & Modeling|Risk Assessment & Management,Credit Analyst,Interview
Regions,Your client wants to finance energy efficiency improvements that will reduce operating costs. How do you evaluate the payback period in your credit analysis?,Mid,Credit Analysis,Credit Analysis & Underwriting|Financial Analysis & Modeling,Relationship Manager,Interview
JPMorgan Chase,A client's private equity sponsor wants to implement a dividend recapitalization. How do you assess the impact on credit quality?,Senior,Credit Analysis,Credit Analysis & Underwriting|Risk Assessment & Management,VP,Interview
Bank of America,You're asked to finance a client's expansion into cryptocurrency-related services. What additional due diligence do you perform?,Senior,Regulatory Compliance,Regulatory Compliance & Documentation|Risk Assessment & Management,SVP,Interview
Wells Fargo,A client's management team wants to take the company private through a leveraged buyout. What role does the bank play in this transaction?,Senior,Lending,Credit Analysis & Underwriting|Business Development & Sales,VP,Interview
Citi,Your client needs documentary letters of credit for their international supplier payments. What compliance procedures do you follow?,Mid,Treasury Services,Treasury & Cash Management|Regulatory Compliance & Documentation,Relationship Manager,Interview
US Bank,A client's debt-to-EBITDA ratio is approaching the maximum covenant level. What restructuring options do you explore?,Senior,Portfolio Management,Portfolio Management & Monitoring|Credit Analysis & Underwriting,VP,Interview
PNC,You discover a client has been providing favorable terms to related parties without arm's length pricing. How do you address this?,Senior,Regulatory Compliance,Regulatory Compliance & Documentation|Risk Assessment & Management,SVP,Interview
Truist,A client wants to acquire a distressed competitor at a significant discount. What additional risks do you evaluate?,Senior,Credit Analysis,Credit Analysis & Underwriting|Risk Assessment & Management,VP,Interview
Capital One,Your client's business model requires significant upfront investment with delayed revenue recognition. How do you structure financing to match cash flows?,Senior,Lending,Credit Analysis & Underwriting|Financial Analysis & Modeling,SVP,Interview
TD Bank,A client needs positive pay services for their high-volume check processing. What fraud prevention features do you recommend?,Mid,Treasury Services,Treasury & Cash Management|Regulatory Compliance & Documentation,Credit Analyst,Interview
Regions,You're managing a credit facility for a client whose guarantor wants to be released from the guarantee. What conditions do you require?,Mid,Portfolio Management,Portfolio Management & Monitoring|Credit Analysis & Underwriting,Relationship Manager,Interview
JPMorgan Chase,A client's ESG initiatives require significant capital investment but may improve their cost of capital. How do you factor this into credit analysis?,Senior,Credit Analysis,Credit Analysis & Underwriting|Risk Assessment & Management,VP,Interview
Bank of America,Your client wants to establish a revolving credit facility with multiple currency options. What pricing and structure considerations are important?,Senior,Lending,Credit Analysis & Underwriting|Treasury & Cash Management,SVP,Interview
Wells Fargo,A client's insurance coverage has gaps that could expose them to significant losses. How do you address this in your credit decision?,Mid,Risk Assessment,Risk Assessment & Management|Credit Analysis & Underwriting,Credit Analyst,Interview
Citi,You're asked to provide structured trade finance for a client's complex international transaction. What documentation is required?,Senior,Treasury Services,Treasury & Cash Management|Regulatory Compliance & Documentation,VP,Interview
US Bank,A client wants to hedge their commodity price exposure but lacks experience with derivatives. What education and safeguards do you provide?,Mid,Treasury Services,Treasury & Cash Management|Risk Assessment & Management,Relationship Manager,Interview
PNC,Your client's audit firm has issued a going concern qualification. How do you modify your relationship and credit approach?,Senior,Portfolio Management,Portfolio Management & Monitoring|Risk Assessment & Management,VP,Interview
Truist,A client faces significant pension fund obligations that will impact future cash flows. How do you incorporate this into credit analysis?,Senior,Credit Analysis,Credit Analysis & Underwriting|Financial Analysis & Modeling,SVP,Interview
Capital One,You're competing for a client who values innovative digital banking solutions. What technology capabilities do you highlight?,Mid,Business Development,Business Development & Sales|Treasury & Cash Management,Relationship Manager,Interview
TD Bank,A client's factoring arrangement with a third party affects their receivables availability. How do you adjust your lending structure?,Mid,Lending,Credit Analysis & Underwriting|Risk Assessment & Management,Credit Analyst,Interview
Regions,Your client wants to establish a cash concentration system for their multiple subsidiaries. What account structure do you recommend?,Mid,Treasury Services,Treasury & Cash Management|Business Development & Sales,Relationship Manager,Interview
JPMorgan Chase,A client's intellectual property represents significant value but is difficult to monetize quickly. How do you evaluate this for collateral purposes?,Senior,Credit Analysis,Credit Analysis & Underwriting|Risk Assessment & Management,VP,Interview
Bank of America,You're managing a client relationship where the owner is nearing retirement but has no succession plan. What steps do you take?,Senior,Relationship Management,Relationship Management & Development|Risk Assessment & Management,SVP,Interview
Wells Fargo,A client's expansion plans require entering markets with different regulatory environments. How do you assess execution risk?,Mid,Risk Assessment,Risk Assessment & Management|Industry & Market Knowledge,Credit Analyst,Interview
Citi,Your client needs foreign exchange forward contracts to hedge their international sales exposure. What terms and limits do you establish?,Mid,Treasury Services,Treasury & Cash Management|Risk Assessment & Management,Relationship Manager,Interview
US Bank,A client's working capital requirements are growing faster than their profitability. What does this trend indicate and how do you respond?,Mid,Financial Analysis,Financial Analysis & Modeling|Credit Analysis & Underwriting,Credit Analyst,Interview
PNC,You discover a client has been violating loan covenants but hasn't disclosed this. How do you handle the situation?,Senior,Regulatory Compliance,Regulatory Compliance & Documentation|Portfolio Management & Monitoring,VP,Interview
Truist,A client wants to finance research and development for innovative products with uncertain market acceptance. How do you evaluate this investment?,Senior,Credit Analysis,Credit Analysis & Underwriting|Risk Assessment & Management,SVP,Interview
Capital One,Your client's competitors are consolidating and achieving cost synergies. How does this competitive dynamic affect your credit assessment?,Mid,Risk Assessment,Risk Assessment & Management|Industry & Market Knowledge,Relationship Manager,Interview
TD Bank,A client needs remote deposit capture to improve their collection efficiency. What security protocols do you implement?,Mid,Treasury Services,Treasury & Cash Management|Regulatory Compliance & Documentation,Credit Analyst,Interview
Regions,You're asked to provide a comfort letter for a client's joint venture partner. What language and limitations do you include?,Mid,Treasury Services,Treasury & Cash Management|Regulatory Compliance & Documentation,Relationship Manager,Interview
General,A client's credit rating was just downgraded by agencies but their financial performance remains stable. How do you reassess their facility?,Senior,Portfolio Management,Portfolio Management & Monitoring|Credit Analysis & Underwriting,VP,Interview
General,You're onboarding a new commercial client with complex international operations. What KYC procedures do you follow?,Mid,Regulatory Compliance,Regulatory Compliance & Documentation|Risk Assessment & Management,Relationship Manager,Interview
General,A potential client claims they can reduce their banking fees by 40% with a competitor. How do you respond to this pricing pressure?,Mid,Business Development,Business Development & Sales|Communication & Negotiation,Credit Analyst,Interview
General,Your client's industry is experiencing rapid technological change. How do you help them finance digital transformation while managing credit risk?,Senior,Risk Assessment,Risk Assessment & Management|Business Development & Sales,VP,Interview
General,A client wants to establish banking relationships for their new foreign subsidiary. What cross-border compliance issues do you address?,Senior,Treasury Services,Treasury & Cash Management|Regulatory Compliance & Documentation,SVP,Interview
General,You notice a client's deposit balances have been declining while their borrowing has increased. What questions do you ask?,Mid,Portfolio Management,Portfolio Management & Monitoring|Financial Analysis & Modeling,Relationship Manager,Interview
General,A client's loan application shows strong financial performance but references reveal concerning management practices. How do you proceed?,Mid,Credit Analysis,Credit Analysis & Underwriting|Risk Assessment & Management,Credit Analyst,Interview
General,Your client wants to implement aggressive growth strategies that would significantly increase their leverage. How do you advise them?,Senior,Relationship Management,Relationship Management & Development|Credit Analysis & Underwriting,VP,Interview
General,A client needs emergency funding due to an unexpected cash flow disruption. How do you quickly assess their request?,Mid,Lending,Credit Analysis & Underwriting|Risk Assessment & Management,Relationship Manager,Interview
General,You're competing for a commercial real estate client who values long-term banking relationships. What relationship management approach do you take?,Mid,Business Development,Business Development & Sales|Relationship Management & Development,Credit Analyst,Interview
General,A client's business model has shifted significantly since their last credit review. What updated analysis do you perform?,Mid,Credit Analysis,Credit Analysis & Underwriting|Portfolio Management & Monitoring,Relationship Manager,Interview
General,Your client wants to establish a zero balance account structure to optimize cash management. What are the benefits and requirements?,Mid,Treasury Services,Treasury & Cash Management|Business Development & Sales,Credit Analyst,Interview
General,A client faces potential litigation that could result in significant damages. How do you monitor this contingent liability?,Senior,Risk Assessment,Risk Assessment & Management|Portfolio Management & Monitoring,VP,Interview
General,You're asked to provide a credit facility for a startup with innovative technology but no operating history. What's your approach?,Senior,Credit Analysis,Credit Analysis & Underwriting|Risk Assessment & Management,SVP,Interview
General,A client's financial covenants are becoming restrictive as their business grows. What modification options do you explore?,Mid,Portfolio Management,Portfolio Management & Monitoring|Credit Analysis & Underwriting,Relationship Manager,Interview
General,Your client wants to establish banking relationships in politically unstable countries. What additional due diligence do you perform?,Senior,Treasury Services,Treasury & Cash Management|Risk Assessment & Management,VP,Interview
General,A client's key person insurance coverage has lapsed and they haven't renewed it. How does this affect your credit decision?,Mid,Risk Assessment,Risk Assessment & Management|Credit Analysis & Underwriting,Credit Analyst,Interview
General,You're managing a client whose private equity ownership is changing. How do you maintain relationship continuity?,Senior,Relationship Management,Relationship Management & Development|Business Development & Sales,SVP,Interview
General,A client wants to finance acquisitions in adjacent markets to diversify their revenue streams. What evaluation criteria do you use?,Senior,Credit Analysis,Credit Analysis & Underwriting|Risk Assessment & Management,VP,Interview
General,Your client's cash management needs have become more complex due to business growth. What treasury solutions do you recommend?,Mid,Treasury Services,Treasury & Cash Management|Business Development & Sales,Relationship Manager,Interview
General,A client's environmental compliance costs are increasing due to regulatory changes. How do you factor this into their debt capacity?,Mid,Risk Assessment,Risk Assessment & Management|Financial Analysis & Modeling,Credit Analyst,Interview
General,You discover a client has been operating without required licenses in some jurisdictions. What immediate actions do you take?,Senior,Regulatory Compliance,Regulatory Compliance & Documentation|Risk Assessment & Management,VP,Interview
General,A client wants to establish a master netting agreement for their derivatives exposures. What legal and credit considerations are important?,Senior,Treasury Services,Treasury & Cash Management|Regulatory Compliance & Documentation,SVP,Interview
General,Your client's industry faces potential disruption from new entrants with different business models. How do you assess competitive risk?,Senior,Risk Assessment,Risk Assessment & Management|Industry & Market Knowledge,VP,Interview
General,A client needs financing for working capital but their inventory turns have slowed significantly. What's your analysis?,Mid,Credit Analysis,Credit Analysis & Underwriting|Financial Analysis & Modeling,Relationship Manager,Interview
General,You're asked to provide banker's acceptances for a client's trade financing needs. What credit and operational risks do you evaluate?,Mid,Treasury Services,Treasury & Cash Management|Risk Assessment & Management,Credit Analyst,Interview
General,A client's debt service coverage is adequate but declining due to competitive pressures. What proactive measures do you recommend?,Mid,Portfolio Management,Portfolio Management & Monitoring|Communication & Negotiation,Relationship Manager,Interview
General,Your client wants to expand internationally but lacks experience in foreign markets. How do you structure financing to mitigate risks?,Senior,Lending,Credit Analysis & Underwriting|Risk Assessment & Management,VP,Interview
General,A client's management team has been making decisions without board approval. How does this governance issue affect your relationship?,Senior,Risk Assessment,Risk Assessment & Management|Regulatory Compliance & Documentation,SVP,Interview
General,You're competing for a treasury management mandate where the client values exceptional service over lowest cost. How do you position your proposal?,Mid,Business Development,Business Development & Sales|Treasury & Cash Management,Relationship Manager,Interview
General,A client's financial projections consistently vary significantly from actual results. How do you adjust your credit monitoring approach?,Mid,Portfolio Management,Portfolio Management & Monitoring|Financial Analysis & Modeling,Credit Analyst,Interview