company,question,difficulty,question_type,skills_assessed,corpdev_level,source
Google,"You're evaluating a cloud infrastructure startup but their customer churn is 25% annually. How do you assess if this is acceptable for acquisition?",Senior,M&A Strategy,M&A Analysis & Execution,Director,Interview
Apple,"A hardware component supplier wants a strategic partnership but demands exclusivity across all product lines. How do you structure this negotiation?",Mid,Partnership Development,Deal Negotiation & Structuring,Senior Associate,Interview
Microsoft,"You discover the target company's IP portfolio has potential patent infringement issues during due diligence. What's your next move?",Senior,Due Diligence,Due Diligence & Risk Assessment,Manager,Interview
Amazon,"Integration of your latest logistics acquisition is 3 months behind schedule and affecting Q4 targets. How do you get back on track?",Staff,Integration Management,Integration Planning & Management,VP Corp Dev,Interview
Meta,"A gaming studio you're acquiring has key talent threatening to leave if the deal closes. How do you structure retention?",Mid,M&A Strategy,Stakeholder Management & Communication,Associate,Interview
Tesla,"You're exploring a partnership with a battery technology company but they're also talking to competitors. How do you secure the deal?",Senior,Strategic Alliances,Partnership Strategy & Development,Director,Interview
Netflix,"Due diligence reveals the content studio's subscriber projections are 40% inflated. Do you walk away or renegotiate?",Mid,Due Diligence,Financial Modeling & Valuation,Senior Associate,Interview
Salesforce,"A B2B SaaS target wants $500M but your DCF shows $350M value. How do you bridge this gap?",Senior,Investment Analysis,Financial Modeling & Valuation,Manager,Interview
Oracle,"You're considering acquiring a cybersecurity startup but three larger competitors are also bidding. What's your strategy?",Senior,M&A Strategy,Strategic Analysis & Planning,Director,Interview
Adobe,"Integration synergies from your creative software acquisition aren't materializing as expected. How do you course-correct?",Staff,Integration Management,Integration Planning & Management,VP Corp Dev,Interview
Cisco,"A networking hardware partnership requires significant R&D investment upfront with no guarantees. How do you evaluate this?",Mid,Partnership Development,Due Diligence & Risk Assessment,Associate,Interview
Intel,"You discover the semiconductor startup's technology roadmap conflicts with your internal development. How do you proceed?",Senior,Due Diligence,Strategic Analysis & Planning,Manager,Interview
Google,"Your team identified a fintech startup for acquisition but regulatory approval could take 18 months. How do you structure the deal?",Senior,M&A Strategy,Deal Negotiation & Structuring,Director,Interview
Apple,"Due diligence shows the target company's revenue recognition practices are aggressive but not illegal. What's your assessment?",Mid,Due Diligence,Due Diligence & Risk Assessment,Senior Associate,Interview
Microsoft,"A cloud services partnership requires sharing sensitive customer data. How do you structure privacy protections?",Mid,Strategic Alliances,Partnership Strategy & Development,Associate,Interview
Amazon,"You're evaluating an e-commerce platform but their AWS usage suggests they could become a competitor. How do you analyze this?",Senior,Investment Analysis,Strategic Analysis & Planning,Manager,Interview
Meta,"Integration of your social gaming acquisition is creating internal team conflicts. How do you manage this?",Mid,Integration Management,Stakeholder Management & Communication,Senior Associate,Interview
Tesla,"A battery supplier wants a joint venture but their quality standards don't meet your requirements. How do you negotiate?",Senior,Partnership Development,Deal Negotiation & Structuring,Director,Interview
Netflix,"You're acquiring a production company but key content creators have competing offers. How do you secure their commitment?",Mid,M&A Strategy,Stakeholder Management & Communication,Associate,Interview
Salesforce,"Due diligence reveals the CRM startup's churn metrics are trending upward. How do you factor this into valuation?",Senior,Due Diligence,Financial Modeling & Valuation,Manager,Interview
Oracle,"A database technology partnership requires licensing your core IP. How do you structure protection clauses?",Senior,Strategic Alliances,Deal Negotiation & Structuring,Director,Interview
Adobe,"You're considering a design tools acquisition but the cultural fit assessment shows significant misalignment. How do you proceed?",Mid,M&A Strategy,Due Diligence & Risk Assessment,Senior Associate,Interview
Cisco,"Integration planning for your network security acquisition needs to address overlapping product lines. What's your approach?",Senior,Integration Management,Integration Planning & Management,Director,Interview
Intel,"A chip design startup has breakthrough technology but limited manufacturing capacity. How do you structure this partnership?",Mid,Partnership Development,Strategic Analysis & Planning,Associate,Interview
Google,"Your AI startup acquisition target has key researchers being poached by competitors. How do you accelerate the timeline?",Staff,M&A Strategy,Stakeholder Management & Communication,VP Corp Dev,Interview
Apple,"Due diligence shows the hardware startup's supply chain is concentrated in one geographic region. How do you assess this risk?",Mid,Due Diligence,Due Diligence & Risk Assessment,Associate,Interview
Microsoft,"A gaming partnership requires integrating with competitor platforms. How do you balance cooperation and competition?",Senior,Strategic Alliances,Strategic Analysis & Planning,Manager,Interview
Amazon,"You're evaluating a logistics tech company but their burn rate suggests 8 months of runway. How does this affect your strategy?",Senior,Investment Analysis,Financial Modeling & Valuation,Director,Interview
Meta,"Integration of your messaging platform acquisition is causing user churn on your main platform. How do you address this?",Staff,Integration Management,Strategic Analysis & Planning,SVP Corp Dev,Interview
Tesla,"A autonomous driving partnership requires sharing proprietary algorithms. How do you structure IP protection?",Senior,Partnership Development,Deal Negotiation & Structuring,Director,Interview
Netflix,"You're acquiring a content studio but their exclusive talent contracts expire in 6 months. How do you handle this timing?",Mid,M&A Strategy,Stakeholder Management & Communication,Senior Associate,Interview
Salesforce,"Due diligence reveals the marketing automation target has significant technical debt. How do you factor this into your decision?",Senior,Due Diligence,Due Diligence & Risk Assessment,Manager,Interview
Oracle,"A cloud infrastructure partnership requires co-developing new products. How do you structure ownership of resulting IP?",Senior,Strategic Alliances,Deal Negotiation & Structuring,Director,Interview
Adobe,"You're considering a video editing software acquisition but they're also exploring an IPO. How do you compete with public markets?",Senior,M&A Strategy,Strategic Analysis & Planning,Director,Interview
Cisco,"Integration synergies from your cybersecurity acquisition are taking longer than expected to realize. How do you manage stakeholder expectations?",Senior,Integration Management,Stakeholder Management & Communication,Manager,Interview
Intel,"A semiconductor partnership requires significant capital investment but the technology timeline is uncertain. How do you structure this?",Mid,Partnership Development,Financial Modeling & Valuation,Associate,Interview
Google,"Your quantum computing acquisition target has regulatory scrutiny due to national security concerns. How do you navigate this?",Staff,M&A Strategy,Due Diligence & Risk Assessment,VP Corp Dev,Interview
Apple,"Due diligence shows the AR/VR startup's patents are being challenged by competitors. How do you assess this legal risk?",Senior,Due Diligence,Due Diligence & Risk Assessment,Manager,Interview
Microsoft,"A productivity software partnership conflicts with your existing partner agreements. How do you resolve this?",Mid,Strategic Alliances,Deal Negotiation & Structuring,Senior Associate,Interview
Amazon,"You're evaluating a delivery technology company but their unit economics only work at massive scale. How do you model this?",Senior,Investment Analysis,Financial Modeling & Valuation,Director,Interview
Meta,"Integration of your VR content acquisition is delayed due to platform compatibility issues. What's your recovery plan?",Senior,Integration Management,Integration Planning & Management,Manager,Interview
Tesla,"A charging infrastructure partnership requires standardizing on technologies that compete with your patents. How do you proceed?",Senior,Partnership Development,Strategic Analysis & Planning,Director,Interview
Netflix,"You're acquiring an international content producer but local regulations limit foreign ownership. How do you structure this?",Senior,M&A Strategy,Deal Negotiation & Structuring,Director,Interview
Salesforce,"Due diligence reveals the analytics startup's customer concentration risk with 60% revenue from one client. How do you evaluate this?",Mid,Due Diligence,Due Diligence & Risk Assessment,Associate,Interview
Oracle,"A database partnership requires migrating existing customers to new technology. How do you manage this transition risk?",Senior,Strategic Alliances,Integration Planning & Management,Manager,Interview
Adobe,"You're considering a creative tools acquisition but the founder wants to remain CEO post-acquisition. How do you structure governance?",Mid,M&A Strategy,Deal Negotiation & Structuring,Senior Associate,Interview
Cisco,"Integration of your IoT acquisition requires consolidating overlapping R&D teams. How do you minimize talent loss?",Senior,Integration Management,Stakeholder Management & Communication,Director,Interview
Intel,"A foundry partnership requires sharing advanced manufacturing processes. How do you protect competitive advantages?",Senior,Partnership Development,Strategic Analysis & Planning,Manager,Interview
Google,"Your machine learning startup acquisition has dependencies on open-source projects with uncertain licensing. How do you mitigate this?",Senior,Due Diligence,Due Diligence & Risk Assessment,Manager,Interview
Apple,"A component supplier partnership requires minimum volume commitments that exceed your current forecasts. How do you structure flexibility?",Mid,Partnership Development,Deal Negotiation & Structuring,Associate,Interview
Microsoft,"You're evaluating a cybersecurity company but their technology requires access to customer data you can't share. How do you proceed?",Senior,Investment Analysis,Due Diligence & Risk Assessment,Director,Interview
Amazon,"Integration planning for your fulfillment center acquisition needs to address union negotiations. What's your approach?",Senior,Integration Management,Stakeholder Management & Communication,Manager,Interview
Meta,"A social commerce partnership requires integrating payment systems that compete with your own initiatives. How do you balance this?",Senior,Strategic Alliances,Strategic Analysis & Planning,Director,Interview
Tesla,"You're acquiring a solar technology company but their manufacturing costs are 30% higher than competitors. How do you evaluate this?",Mid,M&A Strategy,Financial Modeling & Valuation,Senior Associate,Interview
Netflix,"Due diligence shows the streaming technology startup's infrastructure can't scale to your user base. How do you address this gap?",Senior,Due Diligence,Due Diligence & Risk Assessment,Manager,Interview
Salesforce,"A marketing platform partnership requires white-labeling your core CRM features. How do you protect your brand differentiation?",Mid,Strategic Alliances,Strategic Analysis & Planning,Associate,Interview
Oracle,"You're considering a cloud security acquisition but integration would require rebuilding their architecture. How do you factor this cost?",Senior,M&A Strategy,Integration Planning & Management,Director,Interview
Adobe,"Integration of your AI startup acquisition is creating performance issues in your flagship products. How do you resolve this?",Senior,Integration Management,Integration Planning & Management,Manager,Interview
Cisco,"A networking partnership requires co-investing in R&D but the partner wants equal control over roadmap decisions. How do you negotiate?",Senior,Partnership Development,Deal Negotiation & Structuring,Director,Interview
Intel,"You're evaluating a chip design company but their key technology depends on a patent that expires in 2 years. How does this affect valuation?",Mid,Investment Analysis,Financial Modeling & Valuation,Associate,Interview
Google,"Your fintech acquisition target is under investigation by financial regulators. How do you structure deal protection?",Staff,M&A Strategy,Due Diligence & Risk Assessment,VP Corp Dev,Interview
Apple,"Due diligence reveals the healthcare startup's data handling practices may not comply with HIPAA. How do you assess this compliance risk?",Senior,Due Diligence,Due Diligence & Risk Assessment,Manager,Interview
Microsoft,"A gaming studio partnership requires revenue sharing but their monetization model conflicts with your platform policies. How do you align this?",Mid,Strategic Alliances,Deal Negotiation & Structuring,Senior Associate,Interview
Amazon,"You're evaluating a logistics automation company but their technology requires retrofitting existing warehouses. How do you model this investment?",Senior,Investment Analysis,Financial Modeling & Valuation,Director,Interview
Meta,"Integration of your e-commerce acquisition is cannibalizing revenue from your advertising business. How do you optimize this trade-off?",Staff,Integration Management,Strategic Analysis & Planning,SVP Corp Dev,Interview
Tesla,"A battery technology partnership requires exclusive access to your vehicle data. How do you balance data sharing with competitive protection?",Senior,Partnership Development,Strategic Analysis & Planning,Director,Interview
Netflix,"You're acquiring a content distribution platform but their existing contracts conflict with your exclusivity agreements. How do you resolve this?",Senior,M&A Strategy,Deal Negotiation & Structuring,Manager,Interview
Salesforce,"Due diligence shows the automation startup's AI models have bias issues that could create legal liability. How do you evaluate this risk?",Senior,Due Diligence,Due Diligence & Risk Assessment,Manager,Interview
Oracle,"A cloud partnership requires migrating enterprise customers but their security requirements exceed current capabilities. How do you bridge this gap?",Senior,Strategic Alliances,Integration Planning & Management,Director,Interview
Adobe,"You're considering a video streaming acquisition but their content delivery costs are 50% higher than industry average. How do you assess this?",Mid,M&A Strategy,Financial Modeling & Valuation,Senior Associate,Interview
Cisco,"Integration planning for your 5G infrastructure acquisition overlaps with a competitor partnership. How do you manage these relationships?",Senior,Integration Management,Stakeholder Management & Communication,Director,Interview
Intel,"A memory technology partnership requires sharing fabrication facilities but your partner also supplies competitors. How do you structure protection?",Senior,Partnership Development,Strategic Analysis & Planning,Manager,Interview
General,"You're leading due diligence on a target company but discover their financial statements have material weaknesses. How do you proceed?",Senior,Due Diligence,Due Diligence & Risk Assessment,Manager,Interview
General,"A potential acquisition target is simultaneously running a competitive bidding process. How do you position your offer strategically?",Mid,M&A Strategy,Deal Negotiation & Structuring,Senior Associate,Interview
General,"Integration of your latest acquisition is facing cultural resistance from both organizations. What's your change management approach?",Senior,Integration Management,Stakeholder Management & Communication,Director,Interview
General,"You're evaluating a partnership where the potential partner's business model directly competes with your core revenue stream. How do you assess this?",Senior,Strategic Alliances,Strategic Analysis & Planning,Manager,Interview
General,"Due diligence reveals the target's customer acquisition costs have doubled in the past year. How does this impact your valuation model?",Mid,Due Diligence,Financial Modeling & Valuation,Associate,Interview
General,"A startup you're considering for investment has great technology but no clear path to monetization. How do you evaluate this opportunity?",Senior,Venture Investing,Strategic Analysis & Planning,Director,Interview
General,"Your acquisition target's key employees have retention packages that vest over 4 years but you need to realize synergies in 18 months. How do you balance this?",Senior,M&A Strategy,Stakeholder Management & Communication,Manager,Interview
General,"A partnership opportunity requires significant upfront investment but the revenue model is largely unproven. How do you structure risk mitigation?",Mid,Partnership Development,Financial Modeling & Valuation,Senior Associate,Interview
General,"You discover during due diligence that the target company's growth is primarily driven by unsustainable customer acquisition spend. How do you respond?",Senior,Due Diligence,Due Diligence & Risk Assessment,Manager,Interview
General,"Integration synergies you projected for an acquisition aren't materializing due to technology incompatibilities. How do you adjust your strategy?",Senior,Integration Management,Integration Planning & Management,Director,Interview
General,"A potential joint venture partner wants equal ownership but is contributing significantly less capital. How do you negotiate fair terms?",Mid,Strategic Alliances,Deal Negotiation & Structuring,Associate,Interview
General,"You're evaluating an acquisition but the target's largest customer represents 40% of their revenue and has hinted at switching providers. How do you assess this risk?",Senior,Investment Analysis,Due Diligence & Risk Assessment,Manager,Interview
General,"A venture investment opportunity has breakthrough technology but the founding team lacks business experience. How do you structure support and governance?",Senior,Venture Investing,Stakeholder Management & Communication,Director,Interview
General,"Your target company's valuation expectations are based on comparables from a different market cycle. How do you reset expectations?",Mid,M&A Strategy,Financial Modeling & Valuation,Senior Associate,Interview
General,"Integration planning reveals that combining the two companies' systems will take 18 months longer than anticipated. How do you manage this timeline?",Senior,Integration Management,Integration Planning & Management,Manager,Interview
General,"A strategic partnership requires sharing proprietary data but your partner's cybersecurity standards are below your requirements. How do you proceed?",Senior,Partnership Development,Due Diligence & Risk Assessment,Director,Interview
General,"Due diligence shows the target's margins are declining due to increased competition. How do you model future profitability?",Mid,Due Diligence,Financial Modeling & Valuation,Associate,Interview
General,"You're considering an acquisition where the target's business model is being disrupted by new technology. How do you evaluate the timing?",Senior,Investment Analysis,Strategic Analysis & Planning,Manager,Interview
General,"A potential partner wants exclusivity in their market but you're also exploring opportunities with their competitors. How do you handle this?",Mid,Strategic Alliances,Deal Negotiation & Structuring,Senior Associate,Interview
General,"Your acquisition target's founder is critical to operations but wants to retire within 2 years. How do you structure knowledge transfer?",Senior,M&A Strategy,Stakeholder Management & Communication,Director,Interview
General,"Integration of your latest acquisition is creating channel conflicts with existing distribution partners. How do you resolve this?",Senior,Integration Management,Stakeholder Management & Communication,Manager,Interview
General,"A venture investment opportunity has strong IP but operates in a highly regulated industry with unclear compliance requirements. How do you assess this?",Senior,Venture Investing,Due Diligence & Risk Assessment,Director,Interview
General,"You're evaluating a partnership but the potential partner's financial stability is questionable based on recent market conditions. How do you proceed?",Mid,Partnership Development,Due Diligence & Risk Assessment,Associate,Interview
General,"Due diligence reveals that the target company's growth strategy requires entering markets where you have no experience. How do you evaluate this expansion risk?",Senior,Due Diligence,Strategic Analysis & Planning,Manager,Interview
General,"A strategic acquisition would give you market leadership but also attract antitrust scrutiny. How do you balance growth with regulatory risk?",Staff,M&A Strategy,Strategic Analysis & Planning,VP Corp Dev,Interview
General,"Your target company's technology requires significant additional R&D investment to reach commercial viability. How do you model this uncertainty?",Senior,Investment Analysis,Financial Modeling & Valuation,Director,Interview
General,"Integration planning shows that combining operations will require laying off 30% of the target's workforce. How do you manage this process?",Senior,Integration Management,Stakeholder Management & Communication,Manager,Interview
General,"A joint venture opportunity has great synergy potential but requires partnering with a company that competes in adjacent markets. How do you structure this?",Senior,Strategic Alliances,Strategic Analysis & Planning,Director,Interview
General,"You're considering an acquisition but the target's revenue model relies heavily on regulatory arbitrage that may not be sustainable. How do you assess this?",Senior,Due Diligence,Strategic Analysis & Planning,Manager,Interview
General,"A partnership requires integrating your product into the partner's platform but this would expose your differentiated algorithms. How do you protect IP?",Mid,Partnership Development,Deal Negotiation & Structuring,Senior Associate,Interview
General,"Your acquisition target is experiencing rapid growth but their infrastructure and processes aren't scaling effectively. How do you evaluate this operational risk?",Senior,Investment Analysis,Due Diligence & Risk Assessment,Manager,Interview
General,"Integration of your international acquisition is complicated by different regulatory requirements in each market. What's your compliance strategy?",Senior,Integration Management,Integration Planning & Management,Director,Interview
General,"A venture investment opportunity has a proven team and technology but operates in a market that may be too small for your return requirements. How do you assess this?",Mid,Venture Investing,Strategic Analysis & Planning,Associate,Interview
General,"You're evaluating a partnership where success depends on changing customer behavior in a traditional industry. How do you model adoption risk?",Senior,Strategic Alliances,Strategic Analysis & Planning,Manager,Interview
General,"Due diligence shows the target company has significant environmental liabilities that weren't initially disclosed. How do you handle this discovery?",Senior,Due Diligence,Due Diligence & Risk Assessment,Director,Interview
General,"A potential acquisition would eliminate a key competitor but also reduce market innovation incentives. How do you weigh these strategic considerations?",Staff,M&A Strategy,Strategic Analysis & Planning,SVP Corp Dev,Interview
General,"Your target company's business model requires network effects to succeed but they haven't reached critical mass. How do you evaluate the path to profitability?",Senior,Investment Analysis,Financial Modeling & Valuation,Manager,Interview
General,"Integration planning reveals that the two companies have incompatible corporate cultures that could impact employee retention. How do you address this?",Senior,Integration Management,Stakeholder Management & Communication,Director,Interview
General,"A strategic partnership requires long-term exclusivity but market conditions are changing rapidly. How do you structure flexibility into the agreement?",Mid,Strategic Alliances,Deal Negotiation & Structuring,Senior Associate,Interview
General,"You're considering an acquisition but the target's supply chain has single points of failure that could disrupt operations. How do you mitigate this risk?",Senior,Due Diligence,Due Diligence & Risk Assessment,Manager,Interview
General,"A venture investment opportunity has breakthrough technology but the market timing may be too early for commercial success. How do you evaluate this timing risk?",Senior,Venture Investing,Strategic Analysis & Planning,Director,Interview
General,"Your acquisition target's key competitive advantage comes from relationships that may not transfer post-acquisition. How do you assess this relationship risk?",Mid,M&A Strategy,Due Diligence & Risk Assessment,Associate,Interview
General,"Integration of your SaaS acquisition requires migrating customers to your platform but this could cause churn. How do you minimize customer loss?",Senior,Integration Management,Integration Planning & Management,Manager,Interview
General,"A potential partnership would give you access to new markets but requires adapting your product significantly. How do you evaluate this trade-off?",Mid,Partnership Development,Strategic Analysis & Planning,Senior Associate,Interview
General,"Due diligence reveals the target company's financial projections assume market growth rates that seem unrealistic. How do you reset expectations?",Senior,Due Diligence,Financial Modeling & Valuation,Manager,Interview
General,"You're evaluating an acquisition where the target's business model is subscription-based but customer lifetime value calculations appear optimistic. How do you verify this?",Senior,Investment Analysis,Financial Modeling & Valuation,Director,Interview
General,"A strategic alliance requires sharing customer data but recent privacy regulations create compliance uncertainty. How do you structure data protection?",Senior,Strategic Alliances,Due Diligence & Risk Assessment,Manager,Interview
General,"Your target company operates in multiple geographies with varying political stability. How do you assess and price political risk?",Senior,M&A Strategy,Due Diligence & Risk Assessment,Director,Interview
General,"Integration planning shows that realizing synergies requires standardizing on the target's technology platform instead of yours. How do you handle this reversal?",Senior,Integration Management,Strategic Analysis & Planning,Manager,Interview
General,"A venture investment has strong fundamentals but the industry is experiencing a downturn that could last several years. How do you time this investment?",Senior,Venture Investing,Strategic Analysis & Planning,Director,Interview
General,"You're considering a partnership but the potential partner's recent acquisitions suggest they may become a competitor. How do you evaluate this risk?",Mid,Partnership Development,Strategic Analysis & Planning,Associate,Interview
General,"Due diligence reveals that the target's intellectual property portfolio has gaps that could limit future product development. How do you factor this into valuation?",Senior,Due Diligence,Due Diligence & Risk Assessment,Manager,Interview
General,"A potential acquisition operates in a regulated industry where policy changes could significantly impact the business model. How do you assess regulatory risk?",Senior,Investment Analysis,Strategic Analysis & Planning,Manager,Interview
General,"Integration of your acquisition requires combining sales teams but the compensation structures are completely different. How do you harmonize this?",Senior,Integration Management,Stakeholder Management & Communication,Director,Interview
General,"A joint venture opportunity requires significant capital investment but the partner wants to maintain separate P&L responsibility. How do you structure accountability?",Senior,Strategic Alliances,Deal Negotiation & Structuring,Director,Interview
General,"Your target company's competitive position depends on patents that face validity challenges from competitors. How do you evaluate this IP risk?",Senior,Due Diligence,Due Diligence & Risk Assessment,Manager,Interview
General,"You're evaluating an acquisition but the target's management team has limited experience scaling beyond their current size. How do you assess execution risk?",Mid,M&A Strategy,Due Diligence & Risk Assessment,Senior Associate,Interview
General,"Integration planning reveals that combining the companies would create operational redundancies that could save costs but reduce innovation capacity. How do you optimize this trade-off?",Senior,Integration Management,Strategic Analysis & Planning,Director,Interview
General,"A potential partnership requires co-developing products but the development timeline exceeds your strategic planning horizon. How do you structure this long-term commitment?",Senior,Partnership Development,Strategic Analysis & Planning,Manager,Interview
General,"Due diligence shows the target company's customer satisfaction scores are declining despite revenue growth. How do you interpret this disconnect?",Mid,Due Diligence,Due Diligence & Risk Assessment,Associate,Interview
General,"You're considering a venture investment where the technology has military applications but you want to avoid defense sector exposure. How do you structure restrictions?",Senior,Venture Investing,Deal Negotiation & Structuring,Director,Interview
General,"A strategic acquisition would require integrating with legacy systems that have significant technical debt. How do you model the cost and timeline for modernization?",Senior,M&A Strategy,Integration Planning & Management,Manager,Interview
General,"Your acquisition target's growth strategy depends on expanding internationally but they lack experience in target markets. How do you evaluate this expansion capability?",Senior,Investment Analysis,Strategic Analysis & Planning,Director,Interview
General,"Integration of your marketplace acquisition creates conflicts with existing vendor relationships. How do you manage these partner dynamics?",Senior,Integration Management,Stakeholder Management & Communication,Manager,Interview
General,"A potential joint venture has great strategic fit but the partner's decision-making process is significantly slower than yours. How do you address this operational mismatch?",Mid,Strategic Alliances,Stakeholder Management & Communication,Senior Associate,Interview
General,"Due diligence reveals the target company has been artificially inflating metrics that are key to their valuation. How do you respond to this discovery?",Senior,Due Diligence,Due Diligence & Risk Assessment,Manager,Interview
General,"You're evaluating an acquisition where the target's competitive advantage comes from proprietary data that may become commoditized. How do you assess durability?",Senior,Investment Analysis,Strategic Analysis & Planning,Director,Interview
General,"Integration planning shows that combining R&D efforts would accelerate innovation but also increase intellectual property complexity. How do you balance these factors?",Senior,Integration Management,Strategic Analysis & Planning,Manager,Interview
General,"A venture investment opportunity operates in a winner-take-all market but several well-funded competitors are pursuing similar strategies. How do you evaluate competitive positioning?",Senior,Venture Investing,Strategic Analysis & Planning,Director,Interview
General,"Your target company's business model assumes continued access to third-party platforms that could change their terms of service. How do you assess platform risk?",Senior,Due Diligence,Strategic Analysis & Planning,Manager,Interview
General,"A strategic partnership requires sharing sensitive customer insights but this could strengthen a potential future competitor. How do you weigh the trade-offs?",Senior,Partnership Development,Strategic Analysis & Planning,Director,Interview
General,"You're considering an acquisition but the target's financial performance is highly seasonal and you only have 18 months of data. How do you model recurring patterns?",Mid,M&A Strategy,Financial Modeling & Valuation,Associate,Interview
General,"Integration of your international acquisition faces currency volatility that could impact projected synergies. How do you hedge this financial risk?",Senior,Integration Management,Financial Modeling & Valuation,Manager,Interview
General,"A potential joint venture requires equal investment but one partner has significantly stronger balance sheet flexibility. How do you structure risk sharing?",Senior,Strategic Alliances,Deal Negotiation & Structuring,Director,Interview
General,"Due diligence shows the target company's customer base is concentrated in a geographic region facing economic headwinds. How do you factor this macro risk?",Senior,Due Diligence,Strategic Analysis & Planning,Manager,Interview
General,"You're evaluating a venture investment where the startup's technology could disrupt your core business in 5-7 years. How do you handle this strategic paradox?",Staff,Venture Investing,Strategic Analysis & Planning,VP Corp Dev,Interview
General,"A potential acquisition has great strategic value but the integration complexity could distract from your core business priorities. How do you assess this opportunity cost?",Senior,M&A Strategy,Strategic Analysis & Planning,Director,Interview
General,"Your target company's management team wants to maintain operational independence post-acquisition but this would limit synergy realization. How do you negotiate this tension?",Senior,Investment Analysis,Deal Negotiation & Structuring,Manager,Interview
General,"Integration planning reveals that the acquisition would require restructuring debt across both organizations. How do you coordinate this financial complexity?",Senior,Integration Management,Financial Modeling & Valuation,Director,Interview
General,"A strategic partnership opportunity requires committing significant resources before the partner's technology is proven at scale. How do you structure staged investment?",Mid,Partnership Development,Financial Modeling & Valuation,Senior Associate,Interview
General,"Due diligence shows the target's growth trajectory is slowing but they're entering new markets that could reignite expansion. How do you model this inflection point?",Senior,Due Diligence,Financial Modeling & Valuation,Manager,Interview
General,"You're considering an acquisition where cultural integration is critical but the target company is in a different country with distinct business practices. How do you bridge this gap?",Senior,M&A Strategy,Stakeholder Management & Communication,Director,Interview
General,"A venture investment has strong technical fundamentals but the founding team's vision for market expansion seems overly ambitious. How do you evaluate management capability?",Senior,Venture Investing,Due Diligence & Risk Assessment,Manager,Interview
General,"Your acquisition target operates asset-light but integration would require significant infrastructure investment. How do you reconcile this model mismatch?",Senior,Investment Analysis,Integration Planning & Management,Director,Interview
General,"Integration of your acquisition creates overlapping customer commitments that are difficult to fulfill simultaneously. How do you prioritize and communicate with affected customers?",Senior,Integration Management,Stakeholder Management & Communication,Manager,Interview
General,"A potential partnership would accelerate your expansion but requires adopting standards that could limit future flexibility. How do you evaluate this strategic lock-in?",Senior,Strategic Alliances,Strategic Analysis & Planning,Director,Interview
General,"Due diligence reveals the target company's key technology dependencies include open-source components with restrictive licensing. How do you assess this IP risk?",Mid,Due Diligence,Due Diligence & Risk Assessment,Associate,Interview
General,"You're evaluating an acquisition where the seller is retaining a minority stake but wants board representation. How do you structure governance to maintain control?",Senior,M&A Strategy,Deal Negotiation & Structuring,Manager,Interview
General,"A strategic acquisition would create market concentration that could trigger regulatory review. How do you prepare for and manage the approval process?",Staff,Investment Analysis,Strategic Analysis & Planning,SVP Corp Dev,Interview
General,"Integration planning shows that realizing operational synergies requires standardizing processes that are core to the target's competitive advantage. How do you preserve value while achieving efficiency?",Senior,Integration Management,Strategic Analysis & Planning,Director,Interview
General,"Your venture investment target has developed breakthrough technology but lacks the manufacturing partnerships needed for commercial scale. How do you evaluate go-to-market feasibility?",Senior,Venture Investing,Strategic Analysis & Planning,Manager,Interview
General,"A potential joint venture requires sharing distribution channels but this could cannibalize revenue from your existing product lines. How do you model this internal competition?",Senior,Partnership Development,Financial Modeling & Valuation,Director,Interview
General,"Due diligence reveals the target's rapid growth has been funded by increasingly expensive capital that may not be sustainable. How do you assess their financing trajectory?",Senior,Due Diligence,Financial Modeling & Valuation,Manager,Interview
General,"You're considering an acquisition but the target's business model requires maintaining relationships with partners who compete with your core business. How do you navigate these conflicts?",Senior,M&A Strategy,Stakeholder Management & Communication,Director,Interview
General,"Integration of your technology acquisition requires migrating customers from the target's platform to yours but the migration timeline exceeds customer contract terms. How do you manage this transition?",Senior,Integration Management,Integration Planning & Management,Manager,Interview
General,"A strategic partnership opportunity has asymmetric benefits where your partner gains more value but you're expected to contribute equally. How do you rebalance this equation?",Mid,Strategic Alliances,Deal Negotiation & Structuring,Senior Associate,Interview
General,"Your acquisition target's valuation is based on projected synergies that require perfect execution across multiple integration workstreams. How do you stress-test these assumptions?",Senior,Investment Analysis,Financial Modeling & Valuation,Director,Interview
General,"Due diligence shows the target company's customer acquisition strategy relies on marketing channels that may become less effective due to privacy changes. How do you assess this sustainability risk?",Senior,Due Diligence,Strategic Analysis & Planning,Manager,Interview
General,"You're evaluating a venture investment where the startup's success could validate a market that attracts much larger competitors. How do you model competitive response scenarios?",Senior,Venture Investing,Strategic Analysis & Planning,Director,Interview
General,"A potential acquisition operates in multiple business segments with different growth trajectories and risk profiles. How do you value this portfolio complexity?",Senior,M&A Strategy,Financial Modeling & Valuation,Manager,Interview
General,"Integration planning reveals that combining the two companies' product roadmaps would require discontinuing features that some customers depend on. How do you manage this customer impact?",Senior,Integration Management,Stakeholder Management & Communication,Director,Interview
General,"Your target company has built competitive advantages through regulatory relationships that may not transfer post-acquisition. How do you assess the durability of these moats?",Senior,Due Diligence,Strategic Analysis & Planning,Manager,Interview
General,"A joint venture opportunity requires both partners to sunset competing products but the timeline for this transition creates temporary market confusion. How do you coordinate this changeover?",Senior,Strategic Alliances,Integration Planning & Management,Director,Interview
General,"You're considering an acquisition where the target's technology could enhance multiple product lines but integration complexity varies significantly across applications. How do you prioritize integration efforts?",Senior,Investment Analysis,Integration Planning & Management,Manager,Interview
General,"Due diligence reveals that the target company's financial controls have material weaknesses but their growth trajectory is compelling. How do you balance growth potential with operational risk?",Senior,Due Diligence,Due Diligence & Risk Assessment,Director,Interview
General,"A venture investment has strong unit economics but the market size estimates vary widely across different research sources. How do you develop conviction on addressable market?",Senior,Venture Investing,Strategic Analysis & Planning,Manager,Interview
General,"Your acquisition target's employee equity program has unusual vesting terms that could create retention challenges post-closing. How do you restructure compensation to maintain talent?",Senior,M&A Strategy,Stakeholder Management & Communication,Director,Interview
General,"Integration of your acquisition requires coordinating with multiple external partners who have different integration capabilities and timelines. How do you orchestrate this ecosystem change?",Senior,Integration Management,Stakeholder Management & Communication,Manager,Interview
General,"A strategic partnership requires co-investing in infrastructure but the investment timeline extends beyond your current strategic planning cycle. How do you evaluate long-term resource commitment?",Senior,Partnership Development,Strategic Analysis & Planning,Director,Interview
General,"Due diligence shows the target's competitive position is strengthening but their cash flow profile suggests they'll need additional funding within 12 months. How do you factor this financing need into your offer?",Senior,Due Diligence,Financial Modeling & Valuation,Manager,Interview
General,"You're evaluating an acquisition where the target's management wants to pursue a different strategic direction than your integration plans. How do you align vision and execution?",Senior,Investment Analysis,Stakeholder Management & Communication,Director,Interview
General,"A potential joint venture would combine complementary capabilities but both organizations have strong cultures that resist collaboration. How do you design governance to drive cooperation?",Senior,Strategic Alliances,Stakeholder Management & Communication,Manager,Interview
General,"Your venture investment target has developed platform technology that could serve multiple industries but management wants to focus on just one vertical. How do you balance focus with optionality?",Senior,Venture Investing,Strategic Analysis & Planning,Director,Interview
General,"Integration planning shows that achieving cost synergies requires consolidating facilities across different geographic regions with varying labor regulations. How do you navigate this complexity?",Senior,Integration Management,Integration Planning & Management,Manager,Interview
General,"Due diligence reveals the target company's growth has been supported by unusually favorable contract terms that may not be renewable. How do you assess the sustainability of their business model?",Senior,Due Diligence,Strategic Analysis & Planning,Director,Interview