company,question,difficulty,question_type,skills_assessed,qm_level,source
Toyota,Your production line shows increasing variation in dimensional tolerances over the past week. How do you investigate and resolve this?,Mid,Statistical Analysis,Statistical Process Control,Quality Engineer,Toyota Production System
Toyota,A supplier delivers parts that meet specifications but cause assembly issues downstream. What's your approach?,Senior,Supplier Quality,Supplier Quality Management,Senior QE,Toyota Supplier Guidelines
Toyota,You notice operators skipping quality checks during peak production periods. How do you address this without impacting output?,Mid,Quality Systems,Cross-functional Collaboration,Quality Engineer,Toyota Quality Methods
Toyota,Implementing poka-yoke for a manual assembly process that has recurring human errors. Walk me through your methodology.,Senior,Process Improvement,Process Improvement & Optimization,Senior QE,Toyota Lean Manufacturing
Boeing,A critical flight component fails qualification testing one week before delivery deadline. What's your immediate action plan?,Senior,Root Cause Analysis,Root Cause Analysis & Problem Solving,Senior QE,Boeing Quality Standards
Boeing,You discover a supplier falsified inspection records for safety-critical parts already installed in aircraft. How do you handle this?,Staff,Compliance & Regulatory,Regulatory Compliance & Standards,Quality Manager,Boeing Supplier Requirements
Boeing,Customer reports intermittent issues with avionics systems but you cannot reproduce the problem in testing. What's your investigation strategy?,Senior,Root Cause Analysis,Data Analysis & Metrics,Senior QE,Boeing Quality Processes
Boeing,Your quality audit reveals non-conformances in AS9100 documentation practices across multiple departments. How do you drive systematic improvement?,Staff,Quality Auditing,Quality Auditing & Assessment,Director Quality,AS9100 Standard
Johnson & Johnson,A batch of pharmaceutical products shows contamination during final testing but earlier tests passed. How do you investigate the root cause?,Senior,Root Cause Analysis,Root Cause Analysis & Problem Solving,Senior QE,FDA Guidelines
Johnson & Johnson,FDA inspector finds deviations in your clean room procedures during surprise inspection. What's your immediate response strategy?,Staff,Compliance & Regulatory,Regulatory Compliance & Standards,Quality Manager,FDA Regulations
Johnson & Johnson,You need to implement a new quality system for medical device manufacturing while maintaining current production schedules. How do you plan this?,Staff,Quality Systems,Quality Systems Management,Director Quality,ISO 13485
Johnson & Johnson,Patient adverse event reports suggest potential quality issue with recently released drug batch. How do you investigate and respond?,Staff,Compliance & Regulatory,Regulatory Compliance & Standards,Quality Manager,FDA Reporting Requirements
Pfizer,Your validation study results don't support the proposed process parameters but production wants to proceed. How do you handle this conflict?,Senior,Process Improvement,Cross-functional Collaboration,Senior QE,FDA Validation Guidelines
Pfizer,A critical raw material supplier is the sole source but consistently delivers late causing production delays. What's your quality strategy?,Senior,Supplier Quality,Supplier Quality Management,Senior QE,Pharmaceutical Supply Chain
Pfizer,Environmental monitoring shows trending increase in microbial counts in Class C manufacturing area. What's your investigation approach?,Mid,Statistical Analysis,Data Analysis & Metrics,Quality Engineer,USP Standards
Pfizer,Change control process is taking too long and impacting time-to-market but you can't compromise quality standards. How do you optimize?,Staff,Process Improvement,Process Improvement & Optimization,Quality Manager,FDA Change Control
Apple,Incoming inspection reveals 30% defect rate in displays from your primary supplier just before product launch. What's your action plan?,Senior,Supplier Quality,Supplier Quality Management,Senior QE,Apple Supplier Standards
Apple,Customer returns show consistent failure mode in a specific component batch but supplier claims process is in control. How do you investigate?,Mid,Root Cause Analysis,Root Cause Analysis & Problem Solving,Quality Engineer,Consumer Electronics Quality
Apple,You need to implement quality controls for a completely new manufacturing process with tight timeline constraints. What's your approach?,Senior,Quality Systems,Quality Systems Management,Senior QE,New Product Introduction
Apple,Field failure data suggests design-related quality issue but engineering insists design is correct. How do you resolve this?,Senior,Root Cause Analysis,Cross-functional Collaboration,Senior QE,Product Quality Analysis
Tesla,Battery pack assembly line shows intermittent quality issues that only appear under high-volume production. How do you investigate?,Senior,Statistical Analysis,Statistical Process Control,Senior QE,Automotive Manufacturing
Tesla,A safety-critical component supplier wants to change their manufacturing location but your qualification process typically takes 6 months. How do you manage this?,Staff,Supplier Quality,Supplier Quality Management,Quality Manager,Automotive Supply Chain
Tesla,Production ramp-up is behind schedule and there's pressure to reduce inspection frequency to increase throughput. What's your position?,Senior,Quality Systems,Cross-functional Collaboration,Senior QE,Production Quality Control
Tesla,Vehicle recall data indicates potential systemic quality issue in manufacturing process you're responsible for. How do you respond?,Staff,Compliance & Regulatory,Regulatory Compliance & Standards,Quality Manager,Automotive Recalls
General Electric,Your gas turbine components show premature wear in field applications but pass all qualification tests. What's your investigation strategy?,Senior,Root Cause Analysis,Root Cause Analysis & Problem Solving,Senior QE,Industrial Equipment Quality
General Electric,Six Sigma project shows potential $2M savings but requires significant process changes across multiple sites. How do you implement?,Staff,Continuous Improvement,Continuous Improvement Methodologies,Director Quality,Six Sigma Methodology
General Electric,Customer audit reveals gaps in your supplier qualification process for critical components. How do you address this systematically?,Senior,Quality Auditing,Quality Auditing & Assessment,Senior QE,Customer Quality Requirements
General Electric,New regulation requires additional testing that will increase lead times by 3 weeks. How do you maintain delivery commitments?,Staff,Compliance & Regulatory,Regulatory Compliance & Standards,Quality Manager,Regulatory Compliance
3M,Adhesive product performance varies between production batches despite identical process parameters. How do you identify the root cause?,Mid,Statistical Analysis,Statistical Process Control,Quality Engineer,Chemical Manufacturing
3M,Environmental regulations change requiring new testing protocols for existing product line. How do you implement without disrupting supply?,Staff,Compliance & Regulatory,Regulatory Compliance & Standards,Quality Manager,Environmental Compliance
3M,Research and development wants to accelerate product launch timeline but current quality data is insufficient for release. How do you proceed?,Senior,Quality Systems,Cross-functional Collaboration,Senior QE,Product Development Quality
3M,Customer complaint trends show emerging quality issue but internal data doesn't support this pattern. What's your investigation approach?,Senior,Root Cause Analysis,Data Analysis & Metrics,Senior QE,Customer Quality Analysis
Honeywell,Aerospace component manufacturing shows process drift detected by SPC but still within specification limits. Do you take action?,Mid,Statistical Analysis,Statistical Process Control,Quality Engineer,SPC Implementation
Honeywell,Supplier audit reveals they're not following approved procedures but their delivered quality meets requirements. How do you handle this?,Senior,Supplier Quality,Supplier Quality Management,Senior QE,Supplier Management
Honeywell,Critical safety system component fails during customer operation but identical units pass all factory tests. What's your response?,Senior,Root Cause Analysis,Root Cause Analysis & Problem Solving,Senior QE,Safety System Quality
Honeywell,Quality costs are 15% higher than industry benchmark and management wants 50% reduction within 12 months. What's your strategy?,Staff,Process Improvement,Process Improvement & Optimization,Director Quality,Quality Cost Management
Siemens,Power generation equipment shows reliability issues in specific geographic regions but not others. How do you investigate this pattern?,Senior,Root Cause Analysis,Data Analysis & Metrics,Senior QE,Field Quality Analysis
Siemens,Implementing Industry 4.0 quality monitoring across legacy manufacturing systems. What challenges do you anticipate and how do you address them?,Staff,Quality Systems,Quality Systems Management,Director Quality,Digital Quality Transformation
Siemens,International customer requires different quality standards than your current system supports. How do you manage multiple quality requirements?,Senior,Quality Systems,Cross-functional Collaboration,Senior QE,Global Quality Standards
Siemens,Energy efficiency regulations change requiring product redesign but you must maintain quality performance. How do you validate the changes?,Senior,Compliance & Regulatory,Regulatory Compliance & Standards,Senior QE,Product Quality Validation
Intel,Semiconductor wafer fabrication shows yield drop correlating with specific equipment maintenance cycles. How do you investigate?,Senior,Statistical Analysis,Statistical Process Control,Senior QE,Semiconductor Manufacturing
Intel,New process technology introduction requires completely different quality control methods. How do you develop and validate these?,Staff,Quality Systems,Quality Systems Management,Director Quality,Technology Transfer
Intel,Supply chain disruption forces qualification of new materials supplier with compressed timeline. What's your risk management approach?,Senior,Supplier Quality,Supplier Quality Management,Senior QE,Supply Chain Quality
Intel,Customer returns indicate field reliability issues not detected by current test methods. How do you enhance your quality assurance?,Senior,Root Cause Analysis,Process Improvement & Optimization,Senior QE,Reliability Testing
TSMC,Advanced node manufacturing requires sub-nanometer process control but measurement uncertainty approaches process tolerance. How do you ensure quality?,Staff,Statistical Analysis,Statistical Process Control,Director Quality,Advanced Manufacturing
TSMC,Customer demands 100% inspection for critical layers but throughput requirements make this challenging. What's your solution?,Senior,Quality Systems,Process Improvement & Optimization,Senior QE,High-Volume Manufacturing
TSMC,Cleanroom contamination event affects multiple customer lots requiring disposition decisions. How do you manage this crisis?,Staff,Root Cause Analysis,Cross-functional Collaboration,Quality Manager,Contamination Control
TSMC,Technology roadmap requires new metrology capabilities but equipment lead times exceed project timeline. How do you proceed?,Senior,Quality Systems,Quality Systems Management,Senior QE,Technology Planning
General,You inherit a quality department with low morale and poor metrics. What's your 90-day action plan to turn things around?,Staff,Continuous Improvement,Cross-functional Collaboration,Quality Manager,Leadership
General,Management wants to reduce quality staff by 30% while maintaining quality levels. How do you achieve this?,Staff,Process Improvement,Process Improvement & Optimization,Director Quality,Resource Optimization
General,Your biggest customer threatens to find new supplier due to recent quality issues. How do you recover the relationship?,Staff,Quality Systems,Cross-functional Collaboration,Quality Manager,Customer Relations
General,Quality audit reveals your team isn't following documented procedures they helped create. How do you address this?,Mid,Quality Auditing,Quality Auditing & Assessment,Quality Engineer,Process Compliance
General,New product launch requires quality sign-off but testing data shows marginal performance. What factors influence your decision?,Senior,Quality Systems,Cross-functional Collaboration,Senior QE,Product Release
General,You discover a quality issue that could impact product safety but fixing it requires expensive recall. How do you approach this decision?,Staff,Compliance & Regulatory,Regulatory Compliance & Standards,Director Quality,Risk Management
General,Cross-functional team disagrees on root cause of recurring quality problem. How do you facilitate resolution?,Mid,Root Cause Analysis,Cross-functional Collaboration,Quality Engineer,Problem Solving
General,Budget constraints limit your ability to implement ideal quality improvements. How do you prioritize and justify investments?,Senior,Process Improvement,Process Improvement & Optimization,Senior QE,Resource Management
General,Regulatory inspector questions your risk assessment methodology during audit. How do you defend your approach?,Senior,Compliance & Regulatory,Regulatory Compliance & Standards,Senior QE,Risk Assessment
General,Quality metrics show improvement but customer satisfaction scores remain flat. What might be causing this disconnect?,Mid,Statistical Analysis,Data Analysis & Metrics,Quality Engineer,Customer Focus
General,Implementing new quality management software across multiple locations with varying technical capabilities. What's your change management strategy?,Staff,Quality Systems,Quality Systems Management,Director Quality,Change Management
General,Supplier delivers emergency parts that don't meet normal quality requirements but production will stop without them. How do you handle this?,Senior,Supplier Quality,Supplier Quality Management,Senior QE,Emergency Management
General,Quality training budget is cut but new regulations require enhanced competency verification. How do you maintain compliance?,Senior,Quality Systems,Cross-functional Collaboration,Senior QE,Training Management
General,Your quality improvement initiatives are technically sound but face resistance from production teams. How do you drive adoption?,Mid,Continuous Improvement,Cross-functional Collaboration,Quality Engineer,Change Leadership
General,Data integrity audit reveals inconsistencies in quality records spanning two years. What's your investigation and remediation plan?,Staff,Quality Auditing,Quality Auditing & Assessment,Quality Manager,Data Integrity
General,Benchmarking study shows your quality performance lags industry leaders. How do you develop a catch-up strategy?,Senior,Continuous Improvement,Continuous Improvement Methodologies,Senior QE,Benchmarking
General,Quality supplier rating system isn't driving improved performance from vendors. How do you redesign it for better results?,Senior,Supplier Quality,Supplier Quality Management,Senior QE,Supplier Development
General,Customer specification changes mid-project require quality plan modifications but timeline remains fixed. How do you manage this?,Mid,Quality Systems,Cross-functional Collaboration,Quality Engineer,Project Management
General,Your company acquires another firm with different quality standards and you must integrate systems. What's your approach?,Staff,Quality Systems,Quality Systems Management,Director Quality,M&A Integration
General,Quality costs are hidden across multiple departments making true cost of quality difficult to measure. How do you address this?,Senior,Statistical Analysis,Data Analysis & Metrics,Senior QE,Cost of Quality
General,Environmental conditions in manufacturing area change seasonally affecting product quality. How do you maintain consistent performance?,Mid,Process Improvement,Process Improvement & Optimization,Quality Engineer,Environmental Control
General,Quality improvement project shows great results in pilot but fails during full-scale implementation. What went wrong and how do you fix it?,Senior,Continuous Improvement,Continuous Improvement Methodologies,Senior QE,Scale-up Management
General,Your quality management system certification audit is next month but you've identified several non-conformances. How do you prepare?,Mid,Quality Auditing,Quality Auditing & Assessment,Quality Engineer,Audit Preparation
General,Senior management questions the value of your quality initiatives citing minimal financial impact. How do you demonstrate quality ROI?,Staff,Statistical Analysis,Data Analysis & Metrics,Quality Manager,Business Case Development
General,Two different measurement methods give conflicting results for the same quality characteristic. How do you resolve this discrepancy?,Mid,Statistical Analysis,Statistical Process Control,Quality Engineer,Measurement Systems
General,Quality requirements for new market entry are significantly higher than current capabilities. How do you build this competency?,Senior,Quality Systems,Quality Systems Management,Senior QE,Capability Development
General,Your top quality engineer is leaving and taking critical knowledge with them. How do you preserve institutional knowledge?,Mid,Continuous Improvement,Cross-functional Collaboration,Quality Engineer,Knowledge Management
General,Quality improvement suggestions from operators are technically sound but would require significant investment. How do you evaluate and prioritize them?,Senior,Process Improvement,Process Improvement & Optimization,Senior QE,Investment Planning
General,External laboratory results don't match your internal quality testing for the same samples. What's your investigation strategy?,Mid,Root Cause Analysis,Root Cause Analysis & Problem Solving,Quality Engineer,Laboratory Management
General,Quality standards conflict between different customer requirements for the same product line. How do you manage these competing demands?,Senior,Quality Systems,Cross-functional Collaboration,Senior QE,Customer Management
General,Your preventive maintenance program isn't preventing equipment-related quality issues. How do you improve the connection between maintenance and quality?,Mid,Process Improvement,Cross-functional Collaboration,Quality Engineer,Maintenance Quality
General,Quality data suggests process improvement opportunity but operations claims it will reduce efficiency. How do you resolve this conflict?,Mid,Statistical Analysis,Cross-functional Collaboration,Quality Engineer,Process Optimization
General,New employee onboarding in quality department takes too long and impacts productivity. How do you streamline without compromising training quality?,Senior,Quality Systems,Process Improvement & Optimization,Senior QE,Training Efficiency
General,Quality inspection bottleneck is limiting production throughput but reducing inspection frequency increases risk. What's your solution?,Senior,Quality Systems,Process Improvement & Optimization,Senior QE,Inspection Strategy
General,Customer audit team is visiting next week but your corrective action from their last audit isn't complete. How do you handle this situation?,Mid,Quality Auditing,Cross-functional Collaboration,Quality Engineer,Audit Management
General,Quality metrics dashboard shows everything is green but you sense underlying problems. How do you validate your concerns?,Senior,Statistical Analysis,Data Analysis & Metrics,Senior QE,Metric Validation
General,Your quality team identifies potential process improvement but engineering says it's not feasible. How do you work through this disagreement?,Mid,Process Improvement,Cross-functional Collaboration,Quality Engineer,Technical Collaboration
General,Quality complaint investigation reveals systemic issue requiring coordination across multiple departments. How do you manage this complex response?,Senior,Root Cause Analysis,Cross-functional Collaboration,Senior QE,Issue Management
General,Budget approval process for quality improvements is slow but quality issues require immediate attention. How do you balance urgent needs with approval requirements?,Senior,Process Improvement,Cross-functional Collaboration,Senior QE,Budget Management
General,Your quality assurance processes work well for standard products but struggle with customized orders. How do you adapt your approach?,Mid,Quality Systems,Process Improvement & Optimization,Quality Engineer,Process Flexibility
General,Quality training compliance is at 85% but you need 100% for audit requirements. How do you achieve full compliance efficiently?,Mid,Quality Systems,Cross-functional Collaboration,Quality Engineer,Training Compliance
General,Supplier quality agreements are outdated and don't reflect current requirements. How do you update them while maintaining supplier relationships?,Senior,Supplier Quality,Supplier Quality Management,Senior QE,Contract Management
General,Your quality improvement initiatives show results locally but don't scale across other facilities. What's preventing successful replication?,Senior,Continuous Improvement,Continuous Improvement Methodologies,Senior QE,Best Practice Transfer
General,Quality records review reveals data trends that weren't caught by routine monitoring. How do you enhance your surveillance system?,Mid,Statistical Analysis,Data Analysis & Metrics,Quality Engineer,Surveillance Systems
General,Internal quality audit finds the same issues repeatedly despite corrective actions. How do you break this cycle?,Senior,Quality Auditing,Root Cause Analysis & Problem Solving,Senior QE,Corrective Action
General,Quality control laboratory capacity is limiting production throughput during peak demand periods. What's your capacity management strategy?,Senior,Process Improvement,Process Improvement & Optimization,Senior QE,Laboratory Management
General,Your company wants to implement lean manufacturing but you're concerned about quality impacts. How do you ensure quality isn't compromised?,Mid,Continuous Improvement,Cross-functional Collaboration,Quality Engineer,Lean Implementation
General,Quality supplier performance varies significantly between their different manufacturing locations. How do you standardize their quality across sites?,Senior,Supplier Quality,Supplier Quality Management,Senior QE,Multi-site Management
General,New quality manager joins your team with different philosophy about quality approach. How do you integrate their perspective while maintaining consistency?,Mid,Quality Systems,Cross-functional Collaboration,Quality Engineer,Team Integration
General,Quality improvement project requires operator behavior change but previous change initiatives failed. How do you ensure successful adoption?,Senior,Continuous Improvement,Cross-functional Collaboration,Senior QE,Behavior Change
General,Your quality costs are well-controlled but customer satisfaction surveys show declining quality perception. How do you investigate this gap?,Senior,Statistical Analysis,Customer Quality Management,Senior QE,Customer Perception
General,Quality system implementation is behind schedule and budget but management expects on-time delivery. How do you recover the project?,Staff,Quality Systems,Quality Systems Management,Quality Manager,Project Recovery
General,Two suppliers bid identical pricing but have different quality capabilities. How do you factor quality into the sourcing decision?,Senior,Supplier Quality,Supplier Quality Management,Senior QE,Supplier Selection
General,Your quality improvement recommendations are consistently rejected due to cost concerns. How do you build a stronger business case?,Senior,Process Improvement,Data Analysis & Metrics,Senior QE,Business Justification
General,Quality data collection is manual and error-prone but automation budget isn't approved. How do you improve data quality with current resources?,Mid,Statistical Analysis,Process Improvement & Optimization,Quality Engineer,Data Improvement
General,Customer requests certificate of compliance for every shipment but your current process can't support this volume. How do you scale up?,Mid,Quality Systems,Process Improvement & Optimization,Quality Engineer,Documentation Scaling
General,Quality team identifies safety risk in current process but production says change will impact delivery commitments. How do you prioritize?,Staff,Compliance & Regulatory,Cross-functional Collaboration,Quality Manager,Risk Prioritization
General,Your successor needs to be ready to take over quality responsibilities in 6 months. How do you structure their development plan?,Senior,Quality Systems,Cross-functional Collaboration,Senior QE,Succession Planning
General,Quality performance metrics look good internally but third-party audit reveals significant gaps. How do you reconcile this difference?,Senior,Quality Auditing,Quality Auditing & Assessment,Senior QE,Performance Assessment
General,New product development team wants quality approval based on limited testing data. What additional information do you need to make this decision?,Mid,Quality Systems,Cross-functional Collaboration,Quality Engineer,Product Approval
General,Quality improvement culture is strong in your department but weak in other areas. How do you expand quality mindset across the organization?,Staff,Continuous Improvement,Cross-functional Collaboration,Director Quality,Culture Change
General,Your quality management system works well for current products but may not scale for planned business growth. How do you prepare for expansion?,Staff,Quality Systems,Quality Systems Management,Director Quality,Scalability Planning
General,Quality supplier audit schedule conflicts with their peak production periods when audit access is limited. How do you maintain audit effectiveness?,Mid,Quality Auditing,Supplier Quality Management,Quality Engineer,Audit Scheduling
General,Customer quality requirements keep changing throughout the project lifecycle causing rework and delays. How do you manage requirement stability?,Senior,Quality Systems,Cross-functional Collaboration,Senior QE,Requirement Management
General,Your company is considering outsourcing quality inspection to reduce costs. What factors should be evaluated before making this decision?,Staff,Quality Systems,Process Improvement & Optimization,Quality Manager,Outsourcing Strategy
General,Quality data indicates process is stable and capable but customer still experiences intermittent issues. What might be the underlying cause?,Senior,Statistical Analysis,Root Cause Analysis & Problem Solving,Senior QE,Process Investigation
General,New regulatory requirements will significantly increase quality testing requirements and costs. How do you minimize the business impact?,Staff,Compliance & Regulatory,Process Improvement & Optimization,Quality Manager,Regulatory Impact
General,Quality team members have different levels of statistical analysis skills affecting consistency of data interpretation. How do you standardize competency?,Mid,Statistical Analysis,Cross-functional Collaboration,Quality Engineer,Skills Development
General,Your quality improvement project timeline conflicts with major product launch schedule. How do you balance these competing priorities?,Senior,Project Management,Cross-functional Collaboration,Senior QE,Priority Management
General,Quality documentation is comprehensive but too complex for operators to follow consistently. How do you simplify without losing critical information?,Mid,Quality Systems,Process Improvement & Optimization,Quality Engineer,Documentation Design
General,Customer visits reveal quality practices that look different from your documented procedures. How do you ensure consistency between practice and documentation?,Senior,Quality Auditing,Quality Systems Management,Senior QE,Process Alignment