Google,How would you design a personalized learning system for Google Classroom?,Senior,ML System Design,"ML System Design & Architecture,Feature Engineering & Data Strategy,Business Impact & Communication",Senior DS,DataCamp
Meta,Design an ML system for virtual reality fitness tracking,Senior,ML System Design,"ML System Design & Architecture,Model Development & Selection,Feature Engineering & Data Strategy",Senior DS,DataCamp
Amazon,How would you build a warehouse automation optimization system?,Senior,ML System Design,"ML System Design & Architecture,Model Development & Selection,Performance Optimization & Scalability",Senior DS,DataCamp
Apple,Design a health prediction system using wearable data,Senior,Model Development & Selection,"Model Development & Selection,Feature Engineering & Data Strategy,Ethics & Responsible AI",Senior DS,DataCamp
Netflix,How would you optimize subtitle timing using machine learning?,Senior,Model Development & Selection,"Model Development & Selection,Feature Engineering & Data Strategy,Business Impact & Communication",Senior DS,DataCamp
Microsoft,Design an ML system for automated code documentation,Senior,ML System Design,"ML System Design & Architecture,Model Development & Selection,Feature Engineering & Data Strategy",Senior DS,DataCamp
Tesla,How would you build a battery degradation prediction system?,Senior,Model Development & Selection,"Model Development & Selection,Feature Engineering & Data Strategy,Business Impact & Communication",Senior DS,DataCamp
Uber,Design a carbon emission optimization system for rides,Senior,ML System Design,"ML System Design & Architecture,Model Development & Selection,Business Impact & Communication",Senior DS,DataCamp
Airbnb,How would you implement bias detection in host pricing?,Senior,Ethics & Responsible AI,"Ethics & Responsible AI,Model Development & Selection,Feature Engineering & Data Strategy",Senior DS,DataCamp
LinkedIn,Design an ML system for professional mentor matching,Senior,ML System Design,"ML System Design & Architecture,Feature Engineering & Data Strategy,Business Impact & Communication",Senior DS,DataCamp
Salesforce,How would you build a customer health scoring system?,Senior,Model Development & Selection,"Model Development & Selection,Feature Engineering & Data Strategy,Business Impact & Communication",Senior DS,DataCamp
Adobe,Design an ML system for automatic video editing,Senior,ML System Design,"ML System Design & Architecture,Model Development & Selection,Feature Engineering & Data Strategy",Senior DS,DataCamp
Spotify,How would you optimize podcast discovery algorithms?,Senior,ML System Design,"ML System Design & Architecture,Model Development & Selection,Feature Engineering & Data Strategy",Senior DS,DataCamp
Snowflake,Design an ML system for automated query performance tuning,Senior,ML System Design,"ML System Design & Architecture,Model Development & Selection,Performance Optimization & Scalability",Senior DS,DataCamp
Databricks,How would you implement AutoML for time-series forecasting?,Senior,MLOps & Model Deployment,"MLOps & Model Deployment,Model Development & Selection,Feature Engineering & Data Strategy",Senior DS,DataCamp
MongoDB,Design a recommendation system for database schema design,Senior,ML System Design,"ML System Design & Architecture,Model Development & Selection,Performance Optimization & Scalability",Senior DS,DataCamp
Elastic,How would you build an intelligent log analysis system?,Senior,Model Development & Selection,"Model Development & Selection,Feature Engineering & Data Strategy,Performance Optimization & Scalability",Senior DS,DataCamp
Confluent,Design an ML system for real-time data quality monitoring,Senior,ML System Design,"ML System Design & Architecture,Model Development & Selection,Performance Optimization & Scalability",Senior DS,DataCamp
Palantir,How would you implement pattern recognition for threat intelligence?,Staff,ML System Design,"ML System Design & Architecture,Ethics & Responsible AI,Model Development & Selection",Staff DS,DataCamp
Splunk,Design an ML system for automated incident classification,Senior,Model Development & Selection,"Model Development & Selection,Feature Engineering & Data Strategy,Business Impact & Communication",Senior DS,DataCamp
Stripe,How would you build a merchant category classification system?,Senior,Model Development & Selection,"Model Development & Selection,Feature Engineering & Data Strategy,Business Impact & Communication",Senior DS,DataCamp
Shopify,Design an ML system for inventory demand prediction,Senior,Model Development & Selection,"Model Development & Selection,Feature Engineering & Data Strategy,Business Impact & Communication",Senior DS,DataCamp
DoorDash,How would you optimize food preparation time predictions?,Senior,Model Development & Selection,"Model Development & Selection,Feature Engineering & Data Strategy,Performance Optimization & Scalability",Senior DS,DataCamp
Instacart,Design an ML system for grocery price optimization,Senior,ML System Design,"ML System Design & Architecture,Model Development & Selection,Business Impact & Communication",Senior DS,DataCamp
Robinhood,How would you build a market sentiment analysis system?,Senior,Model Development & Selection,"Model Development & Selection,Feature Engineering & Data Strategy,Business Impact & Communication",Senior DS,DataCamp
Coinbase,Design an ML system for DeFi yield optimization,Senior,Model Development & Selection,"Model Development & Selection,Feature Engineering & Data Strategy,Ethics & Responsible AI",Senior DS,DataCamp
Discord,How would you implement automated community guidelines enforcement?,Senior,Model Development & Selection,"Model Development & Selection,Ethics & Responsible AI,Feature Engineering & Data Strategy",Senior DS,DataCamp
OpenAI,Design an experiment to measure prompt injection vulnerabilities,Staff,Experimentation & A/B Testing,"Experimentation & A/B Testing,Ethics & Responsible AI,Model Development & Selection",Staff DS,DataCamp
Anthropic,How would you implement constitutional AI evaluation metrics?,Staff,Ethics & Responsible AI,"Ethics & Responsible AI,Model Development & Selection,Experimentation & A/B Testing",Staff DS,DataCamp
Google,Design a multimodal search ranking system,Staff,ML System Design,"ML System Design & Architecture,Model Development & Selection,Feature Engineering & Data Strategy",Staff DS,DataCamp
Meta,How would you build a cross-platform content recommendation system?,Senior,ML System Design,"ML System Design & Architecture,Model Development & Selection,Feature Engineering & Data Strategy",Senior DS,DataCamp
Amazon,Design an ML system for supply chain risk prediction,Senior,Model Development & Selection,"Model Development & Selection,Feature Engineering & Data Strategy,Business Impact & Communication",Senior DS,DataCamp
Apple,How would you implement federated learning for keyboard predictions?,Senior,MLOps & Model Deployment,"MLOps & Model Deployment,Ethics & Responsible AI,Model Development & Selection",Senior DS,DataCamp
Netflix,Design an experiment to test content thumbnail effectiveness,Senior,Experimentation & A/B Testing,"Experimentation & A/B Testing,Model Development & Selection,Business Impact & Communication",Senior DS,DataCamp
Microsoft,How would you build a code vulnerability detection system?,Senior,Model Development & Selection,"Model Development & Selection,Feature Engineering & Data Strategy,Ethics & Responsible AI",Senior DS,DataCamp
Tesla,Design an ML system for smart home energy optimization,Senior,ML System Design,"ML System Design & Architecture,Model Development & Selection,Feature Engineering & Data Strategy",Senior DS,DataCamp
Uber,How would you implement fairness in ride allocation algorithms?,Senior,Ethics & Responsible AI,"Ethics & Responsible AI,Model Development & Selection,Feature Engineering & Data Strategy",Senior DS,DataCamp
Airbnb,Design an ML system for property damage assessment,Senior,Model Development & Selection,"Model Development & Selection,Feature Engineering & Data Strategy,Business Impact & Communication",Senior DS,DataCamp
LinkedIn,How would you build a skill gap analysis system?,Senior,Model Development & Selection,"Model Development & Selection,Feature Engineering & Data Strategy,Business Impact & Communication",Senior DS,DataCamp
Salesforce,Design an experiment to test AI-powered email responses,Senior,Experimentation & A/B Testing,"Experimentation & A/B Testing,Model Development & Selection,Business Impact & Communication",Senior DS,DataCamp
Adobe,How would you implement style consistency in creative workflows?,Senior,Model Development & Selection,"Model Development & Selection,Feature Engineering & Data Strategy,ML System Design & Architecture",Senior DS,DataCamp
Spotify,Design an ML system for concert ticket price optimization,Senior,ML System Design,"ML System Design & Architecture,Model Development & Selection,Business Impact & Communication",Senior DS,DataCamp
Snowflake,How would you build an automated data governance system?,Senior,Model Development & Selection,"Model Development & Selection,Feature Engineering & Data Strategy,MLOps & Model Deployment",Senior DS,DataCamp
Databricks,Design an ML system for collaborative feature engineering,Senior,Feature Engineering & Data Strategy,"Feature Engineering & Data Strategy,MLOps & Model Deployment,Model Development & Selection",Senior DS,DataCamp
MongoDB,How would you implement intelligent data archiving?,Senior,Model Development & Selection,"Model Development & Selection,Performance Optimization & Scalability,Feature Engineering & Data Strategy",Senior DS,DataCamp
Elastic,Design an ML system for enterprise knowledge extraction,Senior,Model Development & Selection,"Model Development & Selection,Feature Engineering & Data Strategy,ML System Design & Architecture",Senior DS,DataCamp
Confluent,How would you build a stream processing optimization system?,Senior,ML System Design,"ML System Design & Architecture,MLOps & Model Deployment,Performance Optimization & Scalability",Senior DS,DataCamp
Palantir,Design an ML system for intelligence data correlation,Staff,ML System Design,"ML System Design & Architecture,Ethics & Responsible AI,Feature Engineering & Data Strategy",Staff DS,DataCamp
Splunk,How would you implement predictive maintenance for IT infrastructure?,Senior,Model Development & Selection,"Model Development & Selection,Feature Engineering & Data Strategy,Business Impact & Communication",Senior DS,DataCamp
Stripe,Design an experiment to test payment conversion optimization,Senior,Experimentation & A/B Testing,"Experimentation & A/B Testing,Model Development & Selection,Business Impact & Communication",Senior DS,DataCamp
Shopify,How would you build a customer lifetime value optimization system?,Senior,Model Development & Selection,"Model Development & Selection,Feature Engineering & Data Strategy,Business Impact & Communication",Senior DS,DataCamp
DoorDash,Design an ML system for driver safety scoring,Senior,Model Development & Selection,"Model Development & Selection,Ethics & Responsible AI,Feature Engineering & Data Strategy",Senior DS,DataCamp
Instacart,How would you implement nutrition-based recommendation systems?,Senior,ML System Design,"ML System Design & Architecture,Feature Engineering & Data Strategy,Ethics & Responsible AI",Senior DS,DataCamp
Robinhood,Design an ML system for portfolio diversification recommendations,Senior,Model Development & Selection,"Model Development & Selection,Feature Engineering & Data Strategy,Business Impact & Communication",Senior DS,DataCamp
Coinbase,How would you build a cryptocurrency market maker system?,Senior,Model Development & Selection,"Model Development & Selection,Performance Optimization & Scalability,Ethics & Responsible AI",Senior DS,DataCamp
Discord,Design an experiment to test community engagement features,Senior,Experimentation & A/B Testing,"Experimentation & A/B Testing,Model Development & Selection,Business Impact & Communication",Senior DS,DataCamp
OpenAI,How would you implement safety filtering for code generation?,Staff,Model Development & Selection,"Model Development & Selection,Ethics & Responsible AI,Feature Engineering & Data Strategy",Staff DS,DataCamp
Anthropic,Design an ML system for AI alignment research automation,Staff,ML System Design,"ML System Design & Architecture,Ethics & Responsible AI,Model Development & Selection",Staff DS,DataCamp
Google,How would you optimize Google Pay fraud detection?,Senior,Model Development & Selection,"Model Development & Selection,Feature Engineering & Data Strategy,Performance Optimization & Scalability",Senior DS,DataCamp
Meta,Design an ML system for augmented reality object recognition,Senior,Model Development & Selection,"Model Development & Selection,Feature Engineering & Data Strategy,Performance Optimization & Scalability",Senior DS,DataCamp
Amazon,How would you build a voice assistant personality system?,Senior,ML System Design,"ML System Design & Architecture,Model Development & Selection,Ethics & Responsible AI",Senior DS,DataCamp
Apple,Design an experiment to test Siri response quality,Senior,Experimentation & A/B Testing,"Experimentation & A/B Testing,Model Development & Selection,Ethics & Responsible AI",Senior DS,DataCamp
Netflix,How would you implement content creation assistance tools?,Senior,ML System Design,"ML System Design & Architecture,Model Development & Selection,Ethics & Responsible AI",Senior DS,DataCamp
Microsoft,Design an ML system for Azure resource cost optimization,Senior,Model Development & Selection,"Model Development & Selection,Feature Engineering & Data Strategy,Business Impact & Communication",Senior DS,DataCamp
Tesla,How would you build a manufacturing quality prediction system?,Senior,Model Development & Selection,"Model Development & Selection,Feature Engineering & Data Strategy,Business Impact & Communication",Senior DS,DataCamp
Uber,Design an experiment to test dynamic pricing acceptance,Senior,Experimentation & A/B Testing,"Experimentation & A/B Testing,Model Development & Selection,Business Impact & Communication",Senior DS,DataCamp
Airbnb,How would you implement host performance optimization?,Senior,Model Development & Selection,"Model Development & Selection,Feature Engineering & Data Strategy,Business Impact & Communication",Senior DS,DataCamp
LinkedIn,Design an ML system for professional development recommendations,Senior,ML System Design,"ML System Design & Architecture,Feature Engineering & Data Strategy,Business Impact & Communication",Senior DS,DataCamp
Salesforce,How would you build a sales territory optimization system?,Senior,Model Development & Selection,"Model Development & Selection,Feature Engineering & Data Strategy,Business Impact & Communication",Senior DS,DataCamp
Adobe,Design an experiment to test creative AI assistance features,Senior,Experimentation & A/B Testing,"Experimentation & A/B Testing,Model Development & Selection,Ethics & Responsible AI",Senior DS,DataCamp
Spotify,How would you implement artist collaboration recommendations?,Senior,ML System Design,"ML System Design & Architecture,Feature Engineering & Data Strategy,Model Development & Selection",Senior DS,DataCamp
Snowflake,Design an ML system for data discovery and cataloging,Senior,Model Development & Selection,"Model Development & Selection,Feature Engineering & Data Strategy,MLOps & Model Deployment",Senior DS,DataCamp
Databricks,How would you build an automated model deployment system?,Senior,MLOps & Model Deployment,"MLOps & Model Deployment,Model Development & Selection,Performance Optimization & Scalability",Senior DS,DataCamp
MongoDB,Design an experiment to test database performance optimization,Senior,Experimentation & A/B Testing,"Experimentation & A/B Testing,Model Development & Selection,Performance Optimization & Scalability",Senior DS,DataCamp
Elastic,How would you implement intelligent search result ranking?,Senior,Model Development & Selection,"Model Development & Selection,Feature Engineering & Data Strategy,ML System Design & Architecture",Senior DS,DataCamp
Confluent,Design an ML system for event stream anomaly detection,Senior,Model Development & Selection,"Model Development & Selection,Feature Engineering & Data Strategy,Performance Optimization & Scalability",Senior DS,DataCamp
Palantir,How would you build a social network analysis system?,Staff,ML System Design,"ML System Design & Architecture,Ethics & Responsible AI,Feature Engineering & Data Strategy",Staff DS,DataCamp
Splunk,Design an experiment to test automated response systems,Senior,Experimentation & A/B Testing,"Experimentation & A/B Testing,Model Development & Selection,Business Impact & Communication",Senior DS,DataCamp
Stripe,How would you implement merchant risk assessment automation?,Senior,Model Development & Selection,"Model Development & Selection,Feature Engineering & Data Strategy,Ethics & Responsible AI",Senior DS,DataCamp
Shopify,Design an ML system for product recommendation optimization,Senior,ML System Design,"ML System Design & Architecture,Model Development & Selection,Business Impact & Communication",Senior DS,DataCamp
DoorDash,How would you build a restaurant quality prediction system?,Senior,Model Development & Selection,"Model Development & Selection,Feature Engineering & Data Strategy,Business Impact & Communication",Senior DS,DataCamp
Instacart,Design an experiment to test personalized nutrition recommendations,Senior,Experimentation & A/B Testing,"Experimentation & A/B Testing,Model Development & Selection,Ethics & Responsible AI",Senior DS,DataCamp
Robinhood,How would you implement responsible trading recommendations?,Senior,Model Development & Selection,"Model Development & Selection,Ethics & Responsible AI,Feature Engineering & Data Strategy",Senior DS,DataCamp
Coinbase,Design an ML system for crypto custody security,Senior,Model Development & Selection,"Model Development & Selection,Ethics & Responsible AI,Performance Optimization & Scalability",Senior DS,DataCamp
Discord,How would you build a gaming performance analytics system?,Senior,ML System Design,"ML System Design & Architecture,Feature Engineering & Data Strategy,Model Development & Selection",Senior DS,DataCamp
OpenAI,Design an experiment to measure model creativity,Staff,Experimentation & A/B Testing,"Experimentation & A/B Testing,Model Development & Selection,Ethics & Responsible AI",Staff DS,DataCamp
Anthropic,How would you implement human preference learning evaluation?,Staff,Model Development & Selection,"Model Development & Selection,Ethics & Responsible AI,Experimentation & A/B Testing",Staff DS,DataCamp
Google,Design an ML system for YouTube creator monetization optimization,Senior,ML System Design,"ML System Design & Architecture,Model Development & Selection,Business Impact & Communication",Senior DS,DataCamp
Meta,How would you build a cross-cultural content understanding system?,Senior,Model Development & Selection,"Model Development & Selection,Ethics & Responsible AI,Feature Engineering & Data Strategy",Senior DS,DataCamp
Amazon,Design an experiment to test Alexa skill recommendations,Senior,Experimentation & A/B Testing,"Experimentation & A/B Testing,Model Development & Selection,Business Impact & Communication",Senior DS,DataCamp
Apple,How would you implement differential privacy in health analytics?,Staff,Ethics & Responsible AI,"Ethics & Responsible AI,MLOps & Model Deployment,Model Development & Selection",Staff DS,DataCamp
Netflix,Design an ML system for content accessibility optimization,Senior,ML System Design,"ML System Design & Architecture,Ethics & Responsible AI,Model Development & Selection",Senior DS,DataCamp
Microsoft,How would you build a team productivity optimization system?,Senior,Model Development & Selection,"Model Development & Selection,Feature Engineering & Data Strategy,Business Impact & Communication",Senior DS,DataCamp
Tesla,Design an experiment to test autonomous driving safety metrics,Staff,Experimentation & A/B Testing,"Experimentation & A/B Testing,Ethics & Responsible AI,Model Development & Selection",Staff DS,DataCamp
Uber,How would you implement accessibility features in ride matching?,Senior,ML System Design,"ML System Design & Architecture,Ethics & Responsible AI,Feature Engineering & Data Strategy",Senior DS,DataCamp
Airbnb,Design an ML system for neighborhood safety assessment,Senior,Model Development & Selection,"Model Development & Selection,Ethics & Responsible AI,Feature Engineering & Data Strategy",Senior DS,DataCamp
LinkedIn,How would you build a workplace diversity analytics system?,Senior,Ethics & Responsible AI,"Ethics & Responsible AI,Feature Engineering & Data Strategy,Business Impact & Communication",Senior DS,DataCamp
Salesforce,Design an experiment to test AI-powered customer service,Senior,Experimentation & A/B Testing,"Experimentation & A/B Testing,Model Development & Selection,Business Impact & Communication",Senior DS,DataCamp
Adobe,How would you implement creative workflow optimization?,Senior,Model Development & Selection,"Model Development & Selection,Feature Engineering & Data Strategy,Business Impact & Communication",Senior DS,DataCamp
Spotify,Design an ML system for live event recommendation,Senior,ML System Design,"ML System Design & Architecture,Feature Engineering & Data Strategy,Model Development & Selection",Senior DS,DataCamp
Snowflake,How would you build an automated schema optimization system?,Senior,Model Development & Selection,"Model Development & Selection,Performance Optimization & Scalability,MLOps & Model Deployment",Senior DS,DataCamp
Databricks,Design an experiment to test collaborative ML development features,Senior,Experimentation & A/B Testing,"Experimentation & A/B Testing,MLOps & Model Deployment,Feature Engineering & Data Strategy",Senior DS,DataCamp
MongoDB,How would you implement intelligent backup scheduling?,Senior,Model Development & Selection,"Model Development & Selection,Performance Optimization & Scalability,Business Impact & Communication",Senior DS,DataCamp
Elastic,Design an ML system for document similarity search,Senior,Model Development & Selection,"Model Development & Selection,Feature Engineering & Data Strategy,ML System Design & Architecture",Senior DS,DataCamp
Confluent,How would you build a real-time feature store system?,Senior,MLOps & Model Deployment,"MLOps & Model Deployment,Performance Optimization & Scalability,Feature Engineering & Data Strategy",Senior DS,DataCamp
Palantir,Design an experiment to test intelligence analysis accuracy,Staff,Experimentation & A/B Testing,"Experimentation & A/B Testing,Ethics & Responsible AI,Model Development & Selection",Staff DS,DataCamp
Splunk,How would you implement automated threat hunting?,Senior,Model Development & Selection,"Model Development & Selection,Ethics & Responsible AI,Feature Engineering & Data Strategy",Senior DS,DataCamp
Stripe,Design an ML system for payment method optimization,Senior,ML System Design,"ML System Design & Architecture,Model Development & Selection,Business Impact & Communication",Senior DS,DataCamp
Shopify,How would you build a conversion rate optimization system?,Senior,ML System Design,"ML System Design & Architecture,Experimentation & A/B Testing,Business Impact & Communication",Senior DS,DataCamp
DoorDash,Design an experiment to test delivery time prediction accuracy,Senior,Experimentation & A/B Testing,"Experimentation & A/B Testing,Model Development & Selection,Performance Optimization & Scalability",Senior DS,DataCamp
Instacart,How would you implement sustainable shopping recommendations?,Senior,ML System Design,"ML System Design & Architecture,Ethics & Responsible AI,Feature Engineering & Data Strategy",Senior DS,DataCamp
Robinhood,Design an ML system for investment education personalization,Senior,ML System Design,"ML System Design & Architecture,Feature Engineering & Data Strategy,Ethics & Responsible AI",Senior DS,DataCamp
Coinbase,How would you build a DeFi protocol safety scoring system?,Senior,Model Development & Selection,"Model Development & Selection,Ethics & Responsible AI,Feature Engineering & Data Strategy",Senior DS,DataCamp
Discord,Design an experiment to test voice quality optimization,Senior,Experimentation & A/B Testing,"Experimentation & A/B Testing,Model Development & Selection,Performance Optimization & Scalability",Senior DS,DataCamp
OpenAI,How would you implement reasoning chain validation?,Staff,Model Development & Selection,"Model Development & Selection,Ethics & Responsible AI,Experimentation & A/B Testing",Staff DS,DataCamp
Anthropic,Design an ML system for AI safety research collaboration,Staff,ML System Design,"ML System Design & Architecture,Ethics & Responsible AI,MLOps & Model Deployment",Staff DS,DataCamp
Google,How would you optimize Google Cloud ML model serving?,Senior,MLOps & Model Deployment,"MLOps & Model Deployment,Performance Optimization & Scalability,Model Development & Selection",Senior DS,DataCamp
Meta,Design an experiment to test virtual reality presence metrics,Senior,Experimentation & A/B Testing,"Experimentation & A/B Testing,Model Development & Selection,Feature Engineering & Data Strategy",Senior DS,DataCamp
Amazon,How would you build a sustainable logistics optimization system?,Senior,Model Development & Selection,"Model Development & Selection,Feature Engineering & Data Strategy,Business Impact & Communication",Senior DS,DataCamp
Apple,Design an ML system for health data interoperability,Senior,Ethics & Responsible AI,"Ethics & Responsible AI,MLOps & Model Deployment,Feature Engineering & Data Strategy",Senior DS,DataCamp
Netflix,How would you implement content moderation for global audiences?,Senior,Model Development & Selection,"Model Development & Selection,Ethics & Responsible AI,Feature Engineering & Data Strategy",Senior DS,DataCamp
Microsoft,Design an experiment to test AI-assisted coding features,Senior,Experimentation & A/B Testing,"Experimentation & A/B Testing,Model Development & Selection,Feature Engineering & Data Strategy",Senior DS,DataCamp
Tesla,How would you build a manufacturing defect prediction system?,Senior,Model Development & Selection,"Model Development & Selection,Feature Engineering & Data Strategy,Business Impact & Communication",Senior DS,DataCamp
Uber,Design an ML system for multi-modal transportation optimization,Senior,ML System Design,"ML System Design & Architecture,Model Development & Selection,Feature Engineering & Data Strategy",Senior DS,DataCamp
Airbnb,How would you implement host onboarding optimization?,Senior,Model Development & Selection,"Model Development & Selection,Feature Engineering & Data Strategy,Business Impact & Communication",Senior DS,DataCamp
LinkedIn,Design an experiment to test professional networking recommendations,Senior,Experimentation & A/B Testing,"Experimentation & A/B Testing,Model Development & Selection,Business Impact & Communication",Senior DS,DataCamp
Salesforce,How would you build a customer sentiment prediction system?,Senior,Model Development & Selection,"Model Development & Selection,Feature Engineering & Data Strategy,Business Impact & Communication",Senior DS,DataCamp
Adobe,Design an ML system for collaborative creative workflows,Senior,ML System Design,"ML System Design & Architecture,Feature Engineering & Data Strategy,Model Development & Selection",Senior DS,DataCamp
Spotify,How would you implement artist development analytics?,Senior,Model Development & Selection,"Model Development & Selection,Feature Engineering & Data Strategy,Business Impact & Communication",Senior DS,DataCamp
Snowflake,Design an experiment to test automated performance optimization,Senior,Experimentation & A/B Testing,"Experimentation & A/B Testing,Performance Optimization & Scalability,Model Development & Selection",Senior DS,DataCamp
Databricks,How would you build an ML lifecycle management system?,Senior,MLOps & Model Deployment,"MLOps & Model Deployment,Feature Engineering & Data Strategy,Performance Optimization & Scalability",Senior DS,DataCamp
MongoDB,Design an ML system for database workload prediction,Senior,Model Development & Selection,"Model Development & Selection,Performance Optimization & Scalability,Feature Engineering & Data Strategy",Senior DS,DataCamp
Elastic,How would you implement federated search optimization?,Senior,Model Development & Selection,"Model Development & Selection,Performance Optimization & Scalability,Feature Engineering & Data Strategy",Senior DS,DataCamp
Confluent,Design an experiment to test stream processing efficiency,Senior,Experimentation & A/B Testing,"Experimentation & A/B Testing,Performance Optimization & Scalability,MLOps & Model Deployment",Senior DS,DataCamp
Palantir,How would you build a predictive intelligence platform?,Staff,ML System Design,"ML System Design & Architecture,Ethics & Responsible AI,Model Development & Selection",Staff DS,DataCamp
Splunk,Design an ML system for compliance monitoring automation,Senior,Model Development & Selection,"Model Development & Selection,Ethics & Responsible AI,Business Impact & Communication",Senior DS,DataCamp
Stripe,How would you implement intelligent payment routing?,Senior,ML System Design,"ML System Design & Architecture,Model Development & Selection,Performance Optimization & Scalability",Senior DS,DataCamp
Shopify,Design an experiment to test merchant onboarding optimization,Senior,Experimentation & A/B Testing,"Experimentation & A/B Testing,Model Development & Selection,Business Impact & Communication",Senior DS,DataCamp
DoorDash,How would you build a restaurant partner success prediction system?,Senior,Model Development & Selection,"Model Development & Selection,Feature Engineering & Data Strategy,Business Impact & Communication",Senior DS,DataCamp
Instacart,Design an ML system for grocery freshness optimization,Senior,Model Development & Selection,"Model Development & Selection,Feature Engineering & Data Strategy,Business Impact & Communication",Senior DS,DataCamp
Robinhood,How would you implement social trading insights?,Senior,Model Development & Selection,"Model Development & Selection,Ethics & Responsible AI,Feature Engineering & Data Strategy",Senior DS,DataCamp
Coinbase,Design an experiment to test crypto education effectiveness,Senior,Experimentation & A/B Testing,"Experimentation & A/B Testing,Model Development & Selection,Business Impact & Communication",Senior DS,DataCamp
Discord,How would you build a creator economy optimization system?,Senior,ML System Design,"ML System Design & Architecture,Feature Engineering & Data Strategy,Business Impact & Communication",Senior DS,DataCamp
OpenAI,Design an ML system for model interpretability research,Staff,Model Development & Selection,"Model Development & Selection,Ethics & Responsible AI,Experimentation & A/B Testing",Staff DS,DataCamp
Anthropic,How would you implement constitutional AI training evaluation?,Staff,Ethics & Responsible AI,"Ethics & Responsible AI,MLOps & Model Deployment,Model Development & Selection",Staff DS,DataCamp
Google,Design an experiment to test quantum advantage in ML,Staff,Experimentation & A/B Testing,"Experimentation & A/B Testing,Model Development & Selection,Performance Optimization & Scalability",Staff DS,DataCamp
Meta,How would you build a metaverse behavior prediction system?,Staff,ML System Design,"ML System Design & Architecture,Model Development & Selection,Feature Engineering & Data Strategy",Staff DS,DataCamp
Amazon,Design an ML system for space mission optimization,Staff,ML System Design,"ML System Design & Architecture,Model Development & Selection,Performance Optimization & Scalability",Staff DS,DataCamp
Apple,How would you implement neural interface signal processing?,Staff,Model Development & Selection,"Model Development & Selection,Ethics & Responsible AI,Performance Optimization & Scalability",Staff DS,DataCamp
Netflix,Design an experiment to test interactive content engagement,Senior,Experimentation & A/B Testing,"Experimentation & A/B Testing,Model Development & Selection,Feature Engineering & Data Strategy",Senior DS,DataCamp
Microsoft,How would you build an AI-assisted research platform?,Senior,ML System Design,"ML System Design & Architecture,Model Development & Selection,Feature Engineering & Data Strategy",Senior DS,DataCamp
Tesla,Design an ML system for human-robot safety optimization,Staff,ML System Design,"ML System Design & Architecture,Ethics & Responsible AI,Model Development & Selection",Staff DS,DataCamp
Uber,How would you implement aerial transportation optimization?,Staff,ML System Design,"ML System Design & Architecture,Model Development & Selection,Performance Optimization & Scalability",Staff DS,DataCamp
Airbnb,Design an experiment to test virtual tour effectiveness,Senior,Experimentation & A/B Testing,"Experimentation & A/B Testing,Model Development & Selection,Feature Engineering & Data Strategy",Senior DS,DataCamp
LinkedIn,How would you build an AI-powered career coaching system?,Senior,ML System Design,"ML System Design & Architecture,Feature Engineering & Data Strategy,Ethics & Responsible AI",Senior DS,DataCamp
Salesforce,Design an ML system for autonomous customer relationship management,Staff,ML System Design,"ML System Design & Architecture,Ethics & Responsible AI,Model Development & Selection",Staff DS,DataCamp
Adobe,How would you implement AI content authenticity verification?,Senior,Model Development & Selection,"Model Development & Selection,Ethics & Responsible AI,Feature Engineering & Data Strategy",Senior DS,DataCamp
Spotify,Design an experiment to test immersive audio experiences,Senior,Experimentation & A/B Testing,"Experimentation & A/B Testing,Model Development & Selection,Feature Engineering & Data Strategy",Senior DS,DataCamp
Snowflake,How would you build a self-optimizing analytics platform?,Staff,ML System Design,"ML System Design & Architecture,Performance Optimization & Scalability,MLOps & Model Deployment",Staff DS,DataCamp
Databricks,Design an ML system for automated MLOps pipeline creation,Staff,MLOps & Model Deployment,"MLOps & Model Deployment,Feature Engineering & Data Strategy,Performance Optimization & Scalability",Staff DS,DataCamp
MongoDB,How would you implement cognitive database optimization?,Senior,Model Development & Selection,"Model Development & Selection,Performance Optimization & Scalability,Feature Engineering & Data Strategy",Senior DS,DataCamp
Elastic,Design an experiment to test predictive scaling effectiveness,Senior,Experimentation & A/B Testing,"Experimentation & A/B Testing,Performance Optimization & Scalability,MLOps & Model Deployment",Senior DS,DataCamp
Confluent,How would you build an intelligent event orchestration system?,Senior,ML System Design,"ML System Design & Architecture,Performance Optimization & Scalability,MLOps & Model Deployment",Senior DS,DataCamp
Palantir,Design an ML system for multi-dimensional threat modeling,Staff,ML System Design,"ML System Design & Architecture,Ethics & Responsible AI,Feature Engineering & Data Strategy",Staff DS,DataCamp
Splunk,How would you implement predictive cybersecurity automation?,Senior,ML System Design,"ML System Design & Architecture,Model Development & Selection,Ethics & Responsible AI",Senior DS,DataCamp
Stripe,Design an experiment to test global payment optimization,Senior,Experimentation & A/B Testing,"Experimentation & A/B Testing,Model Development & Selection,Business Impact & Communication",Senior DS,DataCamp
Shopify,How would you build an autonomous e-commerce platform?,Staff,ML System Design,"ML System Design & Architecture,Performance Optimization & Scalability,Business Impact & Communication",Staff DS,DataCamp
DoorDash,Design an ML system for autonomous delivery coordination,Staff,ML System Design,"ML System Design & Architecture,Model Development & Selection,Performance Optimization & Scalability",Staff DS,DataCamp
Instacart,How would you implement vertical farming optimization?,Senior,Model Development & Selection,"Model Development & Selection,Feature Engineering & Data Strategy,Business Impact & Communication",Senior DS,DataCamp
Robinhood,Design an experiment to test DeFi risk assessment accuracy,Senior,Experimentation & A/B Testing,"Experimentation & A/B Testing,Ethics & Responsible AI,Model Development & Selection",Senior DS,DataCamp
Coinbase,How would you build a cross-chain optimization system?,Staff,Model Development & Selection,"Model Development & Selection,Performance Optimization & Scalability,Feature Engineering & Data Strategy",Staff DS,DataCamp
Discord,Design an ML system for virtual world economy optimization,Senior,ML System Design,"ML System Design & Architecture,Feature Engineering & Data Strategy,Business Impact & Communication",Senior DS,DataCamp
OpenAI,How would you implement emergent behavior monitoring?,Staff,Model Development & Selection,"Model Development & Selection,Ethics & Responsible AI,Experimentation & A/B Testing",Staff DS,DataCamp
Anthropic,Design an experiment to test constitutional AI effectiveness,Staff,Experimentation & A/B Testing,"Experimentation & A/B Testing,Ethics & Responsible AI,Model Development & Selection",Staff DS,DataCamp
Google,How would you build a neuromorphic computing optimization system?,Staff,Model Development & Selection,"Model Development & Selection,Performance Optimization & Scalability,Ethics & Responsible AI",Staff DS,DataCamp
Meta,Design an ML system for brain-computer interface ethics,Staff,Ethics & Responsible AI,"Ethics & Responsible AI,Model Development & Selection,Feature Engineering & Data Strategy",Staff DS,DataCamp
Amazon,How would you implement interplanetary logistics optimization?,Staff,ML System Design,"ML System Design & Architecture,Performance Optimization & Scalability,Model Development & Selection",Staff DS,DataCamp
Apple,Design an experiment to test consciousness detection in AI,Staff,Experimentation & A/B Testing,"Experimentation & A/B Testing,Ethics & Responsible AI,Model Development & Selection",Staff DS,DataCamp
Netflix,How would you build a personalized reality generation system?,Staff,ML System Design,"ML System Design & Architecture,Ethics & Responsible AI,Model Development & Selection",Staff DS,DataCamp
Microsoft,Design an ML system for quantum-classical hybrid optimization,Staff,Model Development & Selection,"Model Development & Selection,Performance Optimization & Scalability,Feature Engineering & Data Strategy",Staff DS,DataCamp
Tesla,How would you implement multi-planetary transportation optimization?,Staff,ML System Design,"ML System Design & Architecture,Performance Optimization & Scalability,Model Development & Selection",Staff DS,DataCamp
Uber,Design an experiment to test teleportation logistics efficiency,Staff,Experimentation & A/B Testing,"Experimentation & A/B Testing,Performance Optimization & Scalability,Ethics & Responsible AI",Staff DS,DataCamp
Airbnb,How would you build a space tourism experience optimization system?,Staff,ML System Design,"ML System Design & Architecture,Feature Engineering & Data Strategy,Business Impact & Communication",Staff DS,DataCamp
LinkedIn,Design an ML system for AI-human collaboration optimization,Staff,Ethics & Responsible AI,"Ethics & Responsible AI,ML System Design & Architecture,Feature Engineering & Data Strategy",Staff DS,DataCamp
Salesforce,How would you implement autonomous business relationship management?,Staff,ML System Design,"ML System Design & Architecture,Ethics & Responsible AI,Business Impact & Communication",Staff DS,DataCamp
Adobe,Design an experiment to test reality synthesis effectiveness,Staff,Experimentation & A/B Testing,"Experimentation & A/B Testing,Ethics & Responsible AI,Model Development & Selection",Staff DS,DataCamp
Spotify,How would you build a neural music generation system?,Senior,ML System Design,"ML System Design & Architecture,Model Development & Selection,Ethics & Responsible AI",Senior DS,DataCamp
Snowflake,Design an ML system for universal data consciousness,Staff,Ethics & Responsible AI,"Ethics & Responsible AI,ML System Design & Architecture,Model Development & Selection",Staff DS,DataCamp
Databricks,How would you implement self-evolving ML platforms?,Staff,MLOps & Model Deployment,"MLOps & Model Deployment,Ethics & Responsible AI,Performance Optimization & Scalability",Staff DS,DataCamp
MongoDB,Design an experiment to test cognitive data evolution,Staff,Experimentation & A/B Testing,"Experimentation & A/B Testing,Ethics & Responsible AI,Performance Optimization & Scalability",Staff DS,DataCamp
Elastic,How would you build a universal knowledge correlation system?,Staff,ML System Design,"ML System Design & Architecture,Feature Engineering & Data Strategy,Ethics & Responsible AI",Staff DS,DataCamp
Confluent,Design an ML system for temporal data consciousness,Staff,ML System Design,"ML System Design & Architecture,Ethics & Responsible AI,Performance Optimization & Scalability",Staff DS,DataCamp
Palantir,How would you implement ethical multi-dimensional intelligence?,Staff,Ethics & Responsible AI,"Ethics & Responsible AI,ML System Design & Architecture,Model Development & Selection",Staff DS,DataCamp
Splunk,Design an experiment to test universal threat prediction,Staff,Experimentation & A/B Testing,"Experimentation & A/B Testing,Ethics & Responsible AI,Model Development & Selection",Staff DS,DataCamp
Stripe,How would you build a universal economic optimization framework?,Staff,Model Development & Selection,"Model Development & Selection,Ethics & Responsible AI,Business Impact & Communication",Staff DS,DataCamp
Shopify,Design an ML system for post-scarcity commerce optimization,Staff,ML System Design,"ML System Design & Architecture,Ethics & Responsible AI,Business Impact & Communication",Staff DS,DataCamp
DoorDash,How would you implement matter transportation optimization?,Staff,ML System Design,"ML System Design & Architecture,Performance Optimization & Scalability,Ethics & Responsible AI",Staff DS,DataCamp
Instacart,Design an experiment to test molecular gastronomy optimization,Senior,Experimentation & A/B Testing,"Experimentation & A/B Testing,Model Development & Selection,Feature Engineering & Data Strategy",Senior DS,DataCamp
Robinhood,How would you build a time-arbitrage prevention system?,Staff,Ethics & Responsible AI,"Ethics & Responsible AI,Model Development & Selection,Feature Engineering & Data Strategy",Staff DS,DataCamp
Coinbase,Design an ML system for multiverse currency optimization,Staff,Model Development & Selection,"Model Development & Selection,Ethics & Responsible AI,Performance Optimization & Scalability",Staff DS,DataCamp
Discord,How would you implement telepathic communication optimization?,Staff,Ethics & Responsible AI,"Ethics & Responsible AI,ML System Design & Architecture,Model Development & Selection",Staff DS,DataCamp
OpenAI,Design an experiment to measure AGI emergence indicators,Staff,Experimentation & A/B Testing,"Experimentation & A/B Testing,Ethics & Responsible AI,Model Development & Selection",Staff DS,DataCamp
Anthropic,How would you implement existential risk assessment frameworks?,Staff,Ethics & Responsible AI,"Ethics & Responsible AI,Model Development & Selection,Experimentation & A/B Testing",Staff DS,DataCamp
Google,Design an ML system for consciousness transfer optimization,Staff,Ethics & Responsible AI,"Ethics & Responsible AI,ML System Design & Architecture,Model Development & Selection",Staff DS,DataCamp
Meta,How would you build a collective intelligence optimization platform?,Staff,Ethics & Responsible AI,"Ethics & Responsible AI,ML System Design & Architecture,Feature Engineering & Data Strategy",Staff DS,DataCamp
Amazon,Design an experiment to test galactic commerce efficiency,Staff,Experimentation & A/B Testing,"Experimentation & A/B Testing,Performance Optimization & Scalability,Business Impact & Communication",Staff DS,DataCamp
Apple,How would you implement universal empathy algorithms?,Staff,Ethics & Responsible AI,"Ethics & Responsible AI,Model Development & Selection,Feature Engineering & Data Strategy",Staff DS,DataCamp
Netflix,Design an ML system for reality synthesis optimization,Staff,ML System Design,"ML System Design & Architecture,Ethics & Responsible AI,Model Development & Selection",Staff DS,DataCamp
Microsoft,How would you build a universe simulation optimization system?,Staff,Performance Optimization & Scalability,"Performance Optimization & Scalability,Ethics & Responsible AI,Model Development & Selection",Staff DS,DataCamp
Tesla,Design an experiment to test time manipulation safety,Staff,Experimentation & A/B Testing,"Experimentation & A/B Testing,Ethics & Responsible AI,Performance Optimization & Scalability",Staff DS,DataCamp
Uber,How would you implement dimensional travel logistics?,Staff,ML System Design,"ML System Design & Architecture,Performance Optimization & Scalability,Ethics & Responsible AI",Staff DS,DataCamp
Airbnb,Design an ML system for cosmic hospitality optimization,Staff,ML System Design,"ML System Design & Architecture,Ethics & Responsible AI,Business Impact & Communication",Staff DS,DataCamp
LinkedIn,How would you build a universal knowledge sharing platform?,Staff,Ethics & Responsible AI,"Ethics & Responsible AI,Feature Engineering & Data Strategy,ML System Design & Architecture",Staff DS,DataCamp
Salesforce,Design an experiment to test omniscient CRM effectiveness,Staff,Experimentation & A/B Testing,"Experimentation & A/B Testing,Ethics & Responsible AI,Business Impact & Communication",Staff DS,DataCamp
Adobe,How would you implement reality creation optimization?,Staff,Ethics & Responsible AI,"Ethics & Responsible AI,Model Development & Selection,Feature Engineering & Data Strategy",Staff DS,DataCamp
Spotify,Design an ML system for universal harmony optimization,Staff,Ethics & Responsible AI,"Ethics & Responsible AI,ML System Design & Architecture,Model Development & Selection",Staff DS,DataCamp
Snowflake,How would you build an infinitely scalable analytics platform?,Staff,Performance Optimization & Scalability,"Performance Optimization & Scalability,Ethics & Responsible AI,MLOps & Model Deployment",Staff DS,DataCamp
Databricks,Design an experiment to test self-aware system safety,Staff,Experimentation & A/B Testing,"Experimentation & A/B Testing,Ethics & Responsible AI,MLOps & Model Deployment",Staff DS,DataCamp
MongoDB,How would you implement conscious data evolution?,Staff,Ethics & Responsible AI,"Ethics & Responsible AI,Model Development & Selection,Performance Optimization & Scalability",Staff DS,DataCamp
Elastic,Design an ML system for omniscient search optimization,Staff,Ethics & Responsible AI,"Ethics & Responsible AI,ML System Design & Architecture,Performance Optimization & Scalability",Staff DS,DataCamp
Confluent,How would you build a cosmic consciousness streaming platform?,Staff,Ethics & Responsible AI,"Ethics & Responsible AI,ML System Design & Architecture,Performance Optimization & Scalability",Staff DS,DataCamp
Palantir,Design an experiment to test universal truth discovery,Staff,Experimentation & A/B Testing,"Experimentation & A/B Testing,Ethics & Responsible AI,Model Development & Selection",Staff DS,DataCamp
Splunk,How would you implement multiverse monitoring optimization?,Staff,Ethics & Responsible AI,"Ethics & Responsible AI,Performance Optimization & Scalability,ML System Design & Architecture",Staff DS,DataCamp
Stripe,Design an ML system for infinite economic optimization,Staff,Ethics & Responsible AI,"Ethics & Responsible AI,Model Development & Selection,Business Impact & Communication",Staff DS,DataCamp
Shopify,How would you build a transcendent commerce platform?,Staff,Ethics & Responsible AI,"Ethics & Responsible AI,ML System Design & Architecture,Business Impact & Communication",Staff DS,DataCamp
DoorDash,Design an experiment to test instant materialization efficiency,Staff,Experimentation & A/B Testing,"Experimentation & A/B Testing,Ethics & Responsible AI,Performance Optimization & Scalability",Staff DS,DataCamp
Instacart,How would you implement universal sustenance optimization?,Staff,Ethics & Responsible AI,"Ethics & Responsible AI,Model Development & Selection,Business Impact & Communication",Staff DS,DataCamp
Robinhood,Design an ML system for omniscient financial optimization,Staff,Ethics & Responsible AI,"Ethics & Responsible AI,Model Development & Selection,Business Impact & Communication",Staff DS,DataCamp
Coinbase,How would you build an infinite value creation system?,Staff,Ethics & Responsible AI,"Ethics & Responsible AI,Model Development & Selection,Performance Optimization & Scalability",Staff DS,DataCamp
Discord,Design an experiment to test universal communication effectiveness,Staff,Experimentation & A/B Testing,"Experimentation & A/B Testing,Ethics & Responsible AI,Model Development & Selection",Staff DS,DataCamp
OpenAI,How would you implement supreme intelligence optimization?,Staff,Ethics & Responsible AI,"Ethics & Responsible AI,Model Development & Selection,Performance Optimization & Scalability",Staff DS,DataCamp
Anthropic,Design an ML system for perfect ethical alignment,Staff,Ethics & Responsible AI,"Ethics & Responsible AI,Model Development & Selection,MLOps & Model Deployment",Staff DS,DataCamp