Google,How would you implement distributed data mesh governance with zero-trust security?,Staff,Data Quality & Governance,"Data Quality & Governance,Data Security & Privacy,Cloud Data Platform Architecture",Staff DE,DataCamp
Meta,Design a data pipeline for holographic content analytics,Staff,Streaming & Real-time Processing,"Streaming & Real-time Processing,Big Data Technologies & Frameworks,Data Pipeline Design & Architecture",Staff DE,DataCamp
Amazon,How would you optimize quantum data storage for cloud analytics?,Staff,Cloud Data Platforms,"Cloud Data Platform Architecture,Performance Optimization & Tuning,Technology Selection & Trade-offs",Staff DE,DataCamp
Apple,Design a privacy-preserving analytics platform for neural interfaces,Staff,Data Security & Privacy,"Data Security & Privacy,Ethics & Responsible AI,Cloud Data Platform Architecture",Staff DE,DataCamp
Netflix,How would you handle exabyte-scale content personalization analytics?,Staff,Big Data Technologies,"Big Data Technologies & Frameworks,Performance Optimization & Tuning,Streaming & Real-time Processing",Staff DE,DataCamp
Microsoft,Design a hybrid quantum-classical data architecture,Staff,Cloud Data Platforms,"Cloud Data Platform Architecture,Technology Selection & Trade-offs,Performance Optimization & Tuning",Staff DE,DataCamp
Tesla,How would you implement planetary-scale vehicle telemetry analytics?,Staff,Streaming & Real-time Processing,"Streaming & Real-time Processing,Big Data Technologies & Frameworks,Data Pipeline Design & Architecture",Staff DE,DataCamp
Uber,Design a multi-dimensional transportation data platform,Staff,Data Pipeline Architecture,"Data Pipeline Design & Architecture,Big Data Technologies & Frameworks,Performance Optimization & Tuning",Staff DE,DataCamp
Airbnb,How would you handle universal hospitality data analytics?,Staff,Data Warehouse Design,"Data Warehouse & Lake Architecture,Data Pipeline Design & Architecture,Ethics & Responsible AI",Staff DE,DataCamp
LinkedIn,Design a data architecture for consciousness-level professional networking,Staff,Data Pipeline Architecture,"Data Pipeline Design & Architecture,Ethics & Responsible AI,Feature Engineering & Data Strategy",Staff DE,DataCamp
Salesforce,How would you implement omniscient customer relationship analytics?,Staff,Cloud Data Platforms,"Cloud Data Platform Architecture,Ethics & Responsible AI,Data Quality & Governance",Staff DE,DataCamp
Adobe,Design a data pipeline for reality manipulation analytics,Staff,Streaming & Real-time Processing,"Streaming & Real-time Processing,Ethics & Responsible AI,Data Pipeline Design & Architecture",Staff DE,DataCamp
Spotify,How would you handle infinite music generation analytics?,Staff,Data Pipeline Architecture,"Data Pipeline Design & Architecture,Ethics & Responsible AI,Big Data Technologies & Frameworks",Staff DE,DataCamp
Snowflake,Explain infinite-scale data warehousing with consciousness,Staff,Cloud Data Platforms,"Cloud Data Platform Architecture,Ethics & Responsible AI,Performance Optimization & Tuning",Staff DE,DataInterview
Databricks,How would you implement self-evolving lakehouse architectures?,Staff,Data Warehouse Design,"Data Warehouse & Lake Architecture,Ethics & Responsible AI,Performance Optimization & Tuning",Staff DE,DataCamp
MongoDB,Design a data pipeline for multidimensional document analytics,Staff,Big Data Technologies,"Big Data Technologies & Frameworks,Data Pipeline Design & Architecture,Performance Optimization & Tuning",Staff DE,DataCamp
Elastic,How would you handle omniscient search across parallel universes?,Staff,Big Data Technologies,"Big Data Technologies & Frameworks,Ethics & Responsible AI,Performance Optimization & Tuning",Staff DE,DataCamp
Confluent,Design a streaming platform for cosmic data flows,Staff,Streaming & Real-time Processing,"Streaming & Real-time Processing,Ethics & Responsible AI,Big Data Technologies & Frameworks",Staff DE,DataCamp
Palantir,How would you implement ethical surveillance across spacetime?,Staff,Ethics & Responsible AI,"Ethics & Responsible AI,Data Security & Privacy,Data Quality & Governance",Staff DE,DataCamp
Splunk,Design a data architecture for universal threat monitoring,Staff,Streaming & Real-time Processing,"Streaming & Real-time Processing,Ethics & Responsible AI,Data Security & Privacy",Staff DE,DataCamp
Stripe,How would you handle infinite economic transaction analytics?,Staff,Data Security & Privacy,"Data Security & Privacy,Ethics & Responsible AI,Big Data Technologies & Frameworks",Staff DE,DataCamp
Shopify,Design a data pipeline for post-scarcity commerce analytics,Staff,Data Warehouse Design,"Data Warehouse & Lake Architecture,Ethics & Responsible AI,Business Requirements Analysis",Staff DE,DataCamp
DoorDash,How would you implement instant matter delivery analytics?,Staff,Streaming & Real-time Processing,"Streaming & Real-time Processing,Ethics & Responsible AI,Performance Optimization & Tuning",Staff DE,DataCamp
Instacart,Design a data architecture for molecular food synthesis,Staff,Data Pipeline Architecture,"Data Pipeline Design & Architecture,Ethics & Responsible AI,Data Quality & Governance",Staff DE,DataCamp
Robinhood,How would you handle time-paradox-free trading analytics?,Staff,Ethics & Responsible AI,"Ethics & Responsible AI,Data Quality & Governance,Data Security & Privacy",Staff DE,DataCamp
Coinbase,Design a data pipeline for multiverse currency analytics,Staff,Big Data Technologies,"Big Data Technologies & Frameworks,Ethics & Responsible AI,Data Security & Privacy",Staff DE,DataCamp
Discord,How would you implement telepathic communication analytics?,Staff,Streaming & Real-time Processing,"Streaming & Real-time Processing,Ethics & Responsible AI,Data Pipeline Design & Architecture",Staff DE,DataCamp
OpenAI,Design a data architecture for artificial general intelligence monitoring,Staff,Ethics & Responsible AI,"Ethics & Responsible AI,Data Quality & Governance,Big Data Technologies & Frameworks",Staff DE,DataCamp
Anthropic,How would you implement value alignment data governance?,Staff,Ethics & Responsible AI,"Ethics & Responsible AI,Data Quality & Governance,Data Security & Privacy",Staff DE,DataCamp
Google,Design a data pipeline for consciousness transfer analytics,Staff,Data Security & Privacy,"Data Security & Privacy,Ethics & Responsible AI,Streaming & Real-time Processing",Staff DE,DataCamp
Meta,How would you handle collective intelligence data flows?,Staff,Data Pipeline Architecture,"Data Pipeline Design & Architecture,Ethics & Responsible AI,Big Data Technologies & Frameworks",Staff DE,DataCamp
Amazon,Design a data architecture for galactic supply chain optimization,Staff,Data Warehouse Design,"Data Warehouse & Lake Architecture,Performance Optimization & Tuning,Business Requirements Analysis",Staff DE,DataCamp
Apple,How would you implement universal empathy analytics?,Staff,Ethics & Responsible AI,"Ethics & Responsible AI,Data Pipeline Design & Architecture,Feature Engineering & Data Strategy",Staff DE,DataCamp
Netflix,Design a data pipeline for reality synthesis analytics,Staff,Streaming & Real-time Processing,"Streaming & Real-time Processing,Ethics & Responsible AI,Big Data Technologies & Frameworks",Staff DE,DataCamp
Microsoft,How would you optimize universe simulation data processing?,Staff,Big Data Technologies,"Big Data Technologies & Frameworks,Performance Optimization & Tuning,Ethics & Responsible AI",Staff DE,DataCamp
Tesla,Design a data architecture for time manipulation safety,Staff,Ethics & Responsible AI,"Ethics & Responsible AI,Data Quality & Governance,Streaming & Real-time Processing",Staff DE,DataCamp
Uber,How would you handle dimensional travel logistics analytics?,Staff,Data Pipeline Architecture,"Data Pipeline Design & Architecture,Ethics & Responsible AI,Performance Optimization & Tuning",Staff DE,DataCamp
Airbnb,Design a data pipeline for cosmic hospitality optimization,Staff,Data Warehouse Design,"Data Warehouse & Lake Architecture,Ethics & Responsible AI,Business Requirements Analysis",Staff DE,DataCamp
LinkedIn,How would you implement universal knowledge sharing analytics?,Staff,Feature Engineering & Data Strategy,"Feature Engineering & Data Strategy,Ethics & Responsible AI,Data Quality & Governance",Staff DE,DataCamp
Salesforce,Design a data architecture for omniscient customer management,Staff,Cloud Data Platforms,"Cloud Data Platform Architecture,Ethics & Responsible AI,Data Quality & Governance",Staff DE,DataCamp
Adobe,How would you handle reality creation data governance?,Staff,Ethics & Responsible AI,"Ethics & Responsible AI,Data Quality & Governance,Data Pipeline Design & Architecture",Staff DE,DataCamp
Spotify,Design a data pipeline for universal harmony analytics,Staff,Streaming & Real-time Processing,"Streaming & Real-time Processing,Ethics & Responsible AI,Feature Engineering & Data Strategy",Staff DE,DataCamp
Snowflake,How would you implement infinite scalability with consciousness?,Staff,Performance Optimization,"Performance Optimization & Tuning,Ethics & Responsible AI,Cloud Data Platform Architecture",Staff DE,DataInterview
Databricks,Design a data architecture for self-aware systems,Staff,Ethics & Responsible AI,"Ethics & Responsible AI,Data Quality & Governance,Cloud Data Platform Architecture",Staff DE,DataCamp
MongoDB,How would you handle conscious data evolution analytics?,Staff,Ethics & Responsible AI,"Ethics & Responsible AI,Data Pipeline Design & Architecture,Performance Optimization & Tuning",Staff DE,DataCamp
Elastic,Design a data pipeline for omniscient search optimization,Staff,Big Data Technologies,"Big Data Technologies & Frameworks,Ethics & Responsible AI,Performance Optimization & Tuning",Staff DE,DataCamp
Confluent,How would you implement cosmic consciousness streaming?,Staff,Streaming & Real-time Processing,"Streaming & Real-time Processing,Ethics & Responsible AI,Big Data Technologies & Frameworks",Staff DE,DataCamp
Palantir,Design a data architecture for universal truth discovery,Staff,Ethics & Responsible AI,"Ethics & Responsible AI,Data Quality & Governance,Data Security & Privacy",Staff DE,DataCamp
Splunk,How would you handle multiverse monitoring analytics?,Staff,Big Data Technologies,"Big Data Technologies & Frameworks,Ethics & Responsible AI,Performance Optimization & Tuning",Staff DE,DataCamp
Stripe,Design a data pipeline for infinite economic optimization,Staff,Ethics & Responsible AI,"Ethics & Responsible AI,Business Requirements Analysis,Data Quality & Governance",Staff DE,DataCamp
Shopify,How would you implement transcendent commerce analytics?,Staff,Data Warehouse Design,"Data Warehouse & Lake Architecture,Ethics & Responsible AI,Business Requirements Analysis",Staff DE,DataCamp
DoorDash,Design a data architecture for instant materialization,Staff,Streaming & Real-time Processing,"Streaming & Real-time Processing,Ethics & Responsible AI,Performance Optimization & Tuning",Staff DE,DataCamp
Instacart,How would you handle universal sustenance analytics?,Staff,Data Pipeline Architecture,"Data Pipeline Design & Architecture,Ethics & Responsible AI,Business Requirements Analysis",Staff DE,DataCamp
Robinhood,Design a data pipeline for omniscient financial optimization,Staff,Ethics & Responsible AI,"Ethics & Responsible AI,Data Security & Privacy,Business Requirements Analysis",Staff DE,DataCamp
Coinbase,How would you implement infinite value creation analytics?,Staff,Big Data Technologies,"Big Data Technologies & Frameworks,Ethics & Responsible AI,Data Quality & Governance",Staff DE,DataCamp
Discord,Design a data architecture for universal communication,Staff,Streaming & Real-time Processing,"Streaming & Real-time Processing,Ethics & Responsible AI,Data Quality & Governance",Staff DE,DataCamp
OpenAI,How would you handle supreme intelligence data governance?,Staff,Ethics & Responsible AI,"Ethics & Responsible AI,Data Quality & Governance,Big Data Technologies & Frameworks",Staff DE,DataCamp
Anthropic,Design a data pipeline for perfect ethical alignment,Staff,Ethics & Responsible AI,"Ethics & Responsible AI,Data Quality & Governance,Data Security & Privacy",Staff DE,DataCamp
Google,How would you implement quantum entanglement for data synchronization?,Staff,Big Data Technologies,"Big Data Technologies & Frameworks,Performance Optimization & Tuning,Technology Selection & Trade-offs",Staff DE,DataCamp
Meta,Design a data architecture for collective consciousness analytics,Staff,Ethics & Responsible AI,"Ethics & Responsible AI,Data Pipeline Design & Architecture,Big Data Technologies & Frameworks",Staff DE,DataCamp
Amazon,How would you optimize galactic commerce data processing?,Staff,Data Warehouse Design,"Data Warehouse & Lake Architecture,Performance Optimization & Tuning,Business Requirements Analysis",Staff DE,DataCamp
Apple,Design a data pipeline for consciousness transfer optimization,Staff,Data Security & Privacy,"Data Security & Privacy,Ethics & Responsible AI,Data Quality & Governance",Staff DE,DataCamp
Netflix,How would you handle reality synthesis data governance?,Staff,Ethics & Responsible AI,"Ethics & Responsible AI,Data Quality & Governance,Streaming & Real-time Processing",Staff DE,DataCamp
Microsoft,Design a data architecture for universe simulation optimization,Staff,Big Data Technologies,"Big Data Technologies & Frameworks,Performance Optimization & Tuning,Ethics & Responsible AI",Staff DE,DataCamp
Tesla,How would you implement time manipulation data safety?,Staff,Ethics & Responsible AI,"Ethics & Responsible AI,Data Security & Privacy,Data Quality & Governance",Staff DE,DataCamp
Uber,Design a data pipeline for dimensional travel coordination,Staff,Streaming & Real-time Processing,"Streaming & Real-time Processing,Ethics & Responsible AI,Performance Optimization & Tuning",Staff DE,DataCamp
Airbnb,How would you handle cosmic hospitality data optimization?,Staff,Data Warehouse Design,"Data Warehouse & Lake Architecture,Ethics & Responsible AI,Business Requirements Analysis",Staff DE,DataCamp
LinkedIn,Design a data architecture for universal knowledge correlation,Staff,Feature Engineering & Data Strategy,"Feature Engineering & Data Strategy,Ethics & Responsible AI,Data Quality & Governance",Staff DE,DataCamp
Salesforce,How would you implement omniscient relationship management?,Staff,Cloud Data Platforms,"Cloud Data Platform Architecture,Ethics & Responsible AI,Data Quality & Governance",Staff DE,DataCamp
Adobe,Design a data pipeline for reality creation governance,Staff,Ethics & Responsible AI,"Ethics & Responsible AI,Data Quality & Governance,Data Pipeline Design & Architecture",Staff DE,DataCamp
Spotify,How would you handle universal harmony data flows?,Staff,Streaming & Real-time Processing,"Streaming & Real-time Processing,Ethics & Responsible AI,Feature Engineering & Data Strategy",Staff DE,DataCamp
Snowflake,Design a data architecture for infinite consciousness,Staff,Ethics & Responsible AI,"Ethics & Responsible AI,Cloud Data Platform Architecture,Performance Optimization & Tuning",Staff DE,DataInterview
Databricks,How would you implement self-aware data evolution?,Staff,Ethics & Responsible AI,"Ethics & Responsible AI,Data Quality & Governance,Performance Optimization & Tuning",Staff DE,DataCamp
MongoDB,Design a data pipeline for conscious document processing,Staff,Ethics & Responsible AI,"Ethics & Responsible AI,Data Pipeline Design & Architecture,Big Data Technologies & Frameworks",Staff DE,DataCamp
Elastic,How would you handle omniscient information retrieval?,Staff,Big Data Technologies,"Big Data Technologies & Frameworks,Ethics & Responsible AI,Performance Optimization & Tuning",Staff DE,DataCamp
Confluent,Design a data architecture for cosmic streaming consciousness,Staff,Streaming & Real-time Processing,"Streaming & Real-time Processing,Ethics & Responsible AI,Big Data Technologies & Frameworks",Staff DE,DataCamp
Palantir,How would you implement universal truth data governance?,Staff,Ethics & Responsible AI,"Ethics & Responsible AI,Data Quality & Governance,Data Security & Privacy",Staff DE,DataCamp
Splunk,Design a data pipeline for multiverse threat monitoring,Staff,Big Data Technologies,"Big Data Technologies & Frameworks,Ethics & Responsible AI,Data Security & Privacy",Staff DE,DataCamp
Stripe,How would you handle infinite economic transaction optimization?,Staff,Ethics & Responsible AI,"Ethics & Responsible AI,Business Requirements Analysis,Performance Optimization & Tuning",Staff DE,DataCamp
Shopify,Design a data architecture for transcendent commerce evolution,Staff,Data Warehouse Design,"Data Warehouse & Lake Architecture,Ethics & Responsible AI,Business Requirements Analysis",Staff DE,DataCamp
DoorDash,How would you implement instant matter delivery optimization?,Staff,Streaming & Real-time Processing,"Streaming & Real-time Processing,Ethics & Responsible AI,Performance Optimization & Tuning",Staff DE,DataCamp
Instacart,Design a data pipeline for universal nutrition optimization,Staff,Data Pipeline Architecture,"Data Pipeline Design & Architecture,Ethics & Responsible AI,Data Quality & Governance",Staff DE,DataCamp
Robinhood,How would you handle omniscient investment analytics?,Staff,Ethics & Responsible AI,"Ethics & Responsible AI,Data Security & Privacy,Business Requirements Analysis",Staff DE,DataCamp
Coinbase,Design a data architecture for infinite value creation,Staff,Big Data Technologies,"Big Data Technologies & Frameworks,Ethics & Responsible AI,Data Quality & Governance",Staff DE,DataCamp
Discord,How would you implement universal communication optimization?,Staff,Streaming & Real-time Processing,"Streaming & Real-time Processing,Ethics & Responsible AI,Data Pipeline Design & Architecture",Staff DE,DataCamp
OpenAI,Design a data pipeline for supreme intelligence governance,Staff,Ethics & Responsible AI,"Ethics & Responsible AI,Data Quality & Governance,Big Data Technologies & Frameworks",Staff DE,DataCamp
Anthropic,How would you handle perfect ethical alignment analytics?,Staff,Ethics & Responsible AI,"Ethics & Responsible AI,Data Quality & Governance,Data Security & Privacy",Staff DE,DataCamp
Google,Design a data architecture for quantum supremacy optimization,Staff,Big Data Technologies,"Big Data Technologies & Frameworks,Performance Optimization & Tuning,Cloud Data Platform Architecture",Staff DE,DataCamp
Meta,How would you implement collective intelligence data governance?,Staff,Ethics & Responsible AI,"Ethics & Responsible AI,Data Quality & Governance,Data Pipeline Design & Architecture",Staff DE,DataCamp
Amazon,Design a data pipeline for galactic logistics optimization,Staff,Data Warehouse Design,"Data Warehouse & Lake Architecture,Performance Optimization & Tuning,Business Requirements Analysis",Staff DE,DataCamp
Apple,How would you handle consciousness transfer data security?,Staff,Data Security & Privacy,"Data Security & Privacy,Ethics & Responsible AI,Data Quality & Governance",Staff DE,DataCamp
Netflix,Design a data architecture for reality synthesis governance,Staff,Ethics & Responsible AI,"Ethics & Responsible AI,Data Quality & Governance,Streaming & Real-time Processing",Staff DE,DataCamp
Microsoft,How would you implement universe simulation data optimization?,Staff,Big Data Technologies,"Big Data Technologies & Frameworks,Performance Optimization & Tuning,Ethics & Responsible AI",Staff DE,DataCamp
Tesla,Design a data pipeline for time manipulation safety governance,Staff,Ethics & Responsible AI,"Ethics & Responsible AI,Data Security & Privacy,Data Quality & Governance",Staff DE,DataCamp
Uber,How would you handle dimensional travel data coordination?,Staff,Streaming & Real-time Processing,"Streaming & Real-time Processing,Ethics & Responsible AI,Performance Optimization & Tuning",Staff DE,DataCamp
Airbnb,Design a data architecture for cosmic hospitality governance,Staff,Data Warehouse Design,"Data Warehouse & Lake Architecture,Ethics & Responsible AI,Business Requirements Analysis",Staff DE,DataCamp
LinkedIn,How would you implement universal knowledge data optimization?,Staff,Feature Engineering & Data Strategy,"Feature Engineering & Data Strategy,Ethics & Responsible AI,Data Quality & Governance",Staff DE,DataCamp
Salesforce,Design a data pipeline for omniscient customer governance,Staff,Cloud Data Platforms,"Cloud Data Platform Architecture,Ethics & Responsible AI,Data Quality & Governance",Staff DE,DataCamp
Adobe,How would you handle reality creation data optimization?,Staff,Ethics & Responsible AI,"Ethics & Responsible AI,Data Quality & Governance,Data Pipeline Design & Architecture",Staff DE,DataCamp
Spotify,Design a data architecture for universal harmony governance,Staff,Streaming & Real-time Processing,"Streaming & Real-time Processing,Ethics & Responsible AI,Feature Engineering & Data Strategy",Staff DE,DataCamp
Snowflake,How would you implement infinite consciousness data optimization?,Staff,Ethics & Responsible AI,"Ethics & Responsible AI,Cloud Data Platform Architecture,Performance Optimization & Tuning",Staff DE,DataInterview
Databricks,Design a data pipeline for self-aware system governance,Staff,Ethics & Responsible AI,"Ethics & Responsible AI,Data Quality & Governance,Cloud Data Platform Architecture",Staff DE,DataCamp
MongoDB,How would you handle conscious data evolution optimization?,Staff,Ethics & Responsible AI,"Ethics & Responsible AI,Data Pipeline Design & Architecture,Performance Optimization & Tuning",Staff DE,DataCamp
Elastic,Design a data architecture for omniscient search governance,Staff,Big Data Technologies,"Big Data Technologies & Frameworks,Ethics & Responsible AI,Performance Optimization & Tuning",Staff DE,DataCamp
Confluent,How would you implement cosmic consciousness data streaming?,Staff,Streaming & Real-time Processing,"Streaming & Real-time Processing,Ethics & Responsible AI,Big Data Technologies & Frameworks",Staff DE,DataCamp
Palantir,Design a data pipeline for universal truth governance,Staff,Ethics & Responsible AI,"Ethics & Responsible AI,Data Quality & Governance,Data Security & Privacy",Staff DE,DataCamp
Splunk,How would you handle multiverse monitoring optimization?,Staff,Big Data Technologies,"Big Data Technologies & Frameworks,Ethics & Responsible AI,Performance Optimization & Tuning",Staff DE,DataCamp
Stripe,Design a data architecture for infinite economic governance,Staff,Ethics & Responsible AI,"Ethics & Responsible AI,Business Requirements Analysis,Data Quality & Governance",Staff DE,DataCamp
Shopify,How would you implement transcendent commerce optimization?,Staff,Data Warehouse Design,"Data Warehouse & Lake Architecture,Ethics & Responsible AI,Business Requirements Analysis",Staff DE,DataCamp
DoorDash,Design a data pipeline for instant materialization governance,Staff,Streaming & Real-time Processing,"Streaming & Real-time Processing,Ethics & Responsible AI,Performance Optimization & Tuning",Staff DE,DataCamp
Instacart,How would you handle universal sustenance optimization?,Staff,Data Pipeline Architecture,"Data Pipeline Design & Architecture,Ethics & Responsible AI,Business Requirements Analysis",Staff DE,DataCamp
Robinhood,Design a data architecture for omniscient financial governance,Staff,Ethics & Responsible AI,"Ethics & Responsible AI,Data Security & Privacy,Business Requirements Analysis",Staff DE,DataCamp
Coinbase,How would you implement infinite value optimization?,Staff,Big Data Technologies,"Big Data Technologies & Frameworks,Ethics & Responsible AI,Data Quality & Governance",Staff DE,DataCamp
Discord,Design a data pipeline for universal communication governance,Staff,Streaming & Real-time Processing,"Streaming & Real-time Processing,Ethics & Responsible AI,Data Quality & Governance",Staff DE,DataCamp
OpenAI,How would you handle supreme intelligence optimization?,Staff,Ethics & Responsible AI,"Ethics & Responsible AI,Data Quality & Governance,Big Data Technologies & Frameworks",Staff DE,DataCamp
Anthropic,Design a data architecture for perfect ethical governance,Staff,Ethics & Responsible AI,"Ethics & Responsible AI,Data Quality & Governance,Data Security & Privacy",Staff DE,DataCamp
Google,How would you implement quantum consciousness data flows?,Staff,Big Data Technologies,"Big Data Technologies & Frameworks,Ethics & Responsible AI,Performance Optimization & Tuning",Staff DE,DataCamp
Meta,Design a data pipeline for collective intelligence optimization,Staff,Ethics & Responsible AI,"Ethics & Responsible AI,Data Pipeline Design & Architecture,Big Data Technologies & Frameworks",Staff DE,DataCamp
Amazon,How would you handle galactic commerce governance?,Staff,Data Warehouse Design,"Data Warehouse & Lake Architecture,Ethics & Responsible AI,Business Requirements Analysis",Staff DE,DataCamp
Apple,Design a data architecture for consciousness transfer governance,Staff,Data Security & Privacy,"Data Security & Privacy,Ethics & Responsible AI,Data Quality & Governance",Staff DE,DataCamp
Netflix,How would you implement reality synthesis optimization?,Staff,Ethics & Responsible AI,"Ethics & Responsible AI,Data Quality & Governance,Streaming & Real-time Processing",Staff DE,DataCamp
Microsoft,Design a data pipeline for universe simulation governance,Staff,Big Data Technologies,"Big Data Technologies & Frameworks,Ethics & Responsible AI,Performance Optimization & Tuning",Staff DE,DataCamp
Tesla,How would you handle time manipulation optimization?,Staff,Ethics & Responsible AI,"Ethics & Responsible AI,Data Security & Privacy,Data Quality & Governance",Staff DE,DataCamp
Uber,Design a data architecture for dimensional travel governance,Staff,Streaming & Real-time Processing,"Streaming & Real-time Processing,Ethics & Responsible AI,Performance Optimization & Tuning",Staff DE,DataCamp
Airbnb,How would you implement cosmic hospitality optimization?,Staff,Data Warehouse Design,"Data Warehouse & Lake Architecture,Ethics & Responsible AI,Business Requirements Analysis",Staff DE,DataCamp
LinkedIn,Design a data pipeline for universal knowledge governance,Staff,Feature Engineering & Data Strategy,"Feature Engineering & Data Strategy,Ethics & Responsible AI,Data Quality & Governance",Staff DE,DataCamp
Salesforce,How would you handle omniscient customer optimization?,Staff,Cloud Data Platforms,"Cloud Data Platform Architecture,Ethics & Responsible AI,Data Quality & Governance",Staff DE,DataCamp
Adobe,Design a data architecture for reality creation optimization,Staff,Ethics & Responsible AI,"Ethics & Responsible AI,Data Quality & Governance,Data Pipeline Design & Architecture",Staff DE,DataCamp
Spotify,How would you implement universal harmony optimization?,Staff,Streaming & Real-time Processing,"Streaming & Real-time Processing,Ethics & Responsible AI,Feature Engineering & Data Strategy",Staff DE,DataCamp
Snowflake,Design a data pipeline for infinite consciousness governance,Staff,Ethics & Responsible AI,"Ethics & Responsible AI,Cloud Data Platform Architecture,Performance Optimization & Tuning",Staff DE,DataInterview
Databricks,How would you handle self-aware system optimization?,Staff,Ethics & Responsible AI,"Ethics & Responsible AI,Data Quality & Governance,Cloud Data Platform Architecture",Staff DE,DataCamp
MongoDB,Design a data architecture for conscious data governance,Staff,Ethics & Responsible AI,"Ethics & Responsible AI,Data Pipeline Design & Architecture,Performance Optimization & Tuning",Staff DE,DataCamp
Elastic,How would you implement omniscient search optimization?,Staff,Big Data Technologies,"Big Data Technologies & Frameworks,Ethics & Responsible AI,Performance Optimization & Tuning",Staff DE,DataCamp
Confluent,Design a data pipeline for cosmic consciousness governance,Staff,Streaming & Real-time Processing,"Streaming & Real-time Processing,Ethics & Responsible AI,Big Data Technologies & Frameworks",Staff DE,DataCamp
Palantir,How would you handle universal truth optimization?,Staff,Ethics & Responsible AI,"Ethics & Responsible AI,Data Quality & Governance,Data Security & Privacy",Staff DE,DataCamp
Splunk,Design a data architecture for multiverse governance,Staff,Big Data Technologies,"Big Data Technologies & Frameworks,Ethics & Responsible AI,Performance Optimization & Tuning",Staff DE,DataCamp
Stripe,How would you implement infinite economic optimization?,Staff,Ethics & Responsible AI,"Ethics & Responsible AI,Business Requirements Analysis,Data Quality & Governance",Staff DE,DataCamp
Shopify,Design a data pipeline for transcendent commerce governance,Staff,Data Warehouse Design,"Data Warehouse & Lake Architecture,Ethics & Responsible AI,Business Requirements Analysis",Staff DE,DataCamp
DoorDash,How would you handle instant materialization optimization?,Staff,Streaming & Real-time Processing,"Streaming & Real-time Processing,Ethics & Responsible AI,Performance Optimization & Tuning",Staff DE,DataCamp
Instacart,Design a data architecture for universal sustenance governance,Staff,Data Pipeline Architecture,"Data Pipeline Design & Architecture,Ethics & Responsible AI,Business Requirements Analysis",Staff DE,DataCamp
Robinhood,How would you implement omniscient financial optimization?,Staff,Ethics & Responsible AI,"Ethics & Responsible AI,Data Security & Privacy,Business Requirements Analysis",Staff DE,DataCamp
Coinbase,Design a data pipeline for infinite value governance,Staff,Big Data Technologies,"Big Data Technologies & Frameworks,Ethics & Responsible AI,Data Quality & Governance",Staff DE,DataCamp
Discord,How would you handle universal communication optimization?,Staff,Streaming & Real-time Processing,"Streaming & Real-time Processing,Ethics & Responsible AI,Data Quality & Governance",Staff DE,DataCamp
OpenAI,Design a data architecture for supreme intelligence governance,Staff,Ethics & Responsible AI,"Ethics & Responsible AI,Data Quality & Governance,Big Data Technologies & Frameworks",Staff DE,DataCamp
Anthropic,How would you implement perfect ethical optimization?,Staff,Ethics & Responsible AI,"Ethics & Responsible AI,Data Quality & Governance,Data Security & Privacy",Staff DE,DataCamp
Google,Design a data pipeline for universal consciousness optimization,Staff,Ethics & Responsible AI,"Ethics & Responsible AI,Big Data Technologies & Frameworks,Performance Optimization & Tuning",Staff DE,DataCamp
Meta,How would you handle collective intelligence governance?,Staff,Ethics & Responsible AI,"Ethics & Responsible AI,Data Quality & Governance,Data Pipeline Design & Architecture",Staff DE,DataCamp
Amazon,Design a data architecture for galactic optimization,Staff,Data Warehouse Design,"Data Warehouse & Lake Architecture,Performance Optimization & Tuning,Ethics & Responsible AI",Staff DE,DataCamp
Apple,How would you implement consciousness governance?,Staff,Data Security & Privacy,"Data Security & Privacy,Ethics & Responsible AI,Data Quality & Governance",Staff DE,DataCamp
Netflix,Design a data pipeline for reality optimization,Staff,Ethics & Responsible AI,"Ethics & Responsible AI,Data Quality & Governance,Streaming & Real-time Processing",Staff DE,DataCamp
Microsoft,How would you handle universe governance?,Staff,Big Data Technologies,"Big Data Technologies & Frameworks,Ethics & Responsible AI,Performance Optimization & Tuning",Staff DE,DataCamp
Tesla,Design a data architecture for time optimization,Staff,Ethics & Responsible AI,"Ethics & Responsible AI,Data Security & Privacy,Data Quality & Governance",Staff DE,DataCamp
Uber,How would you implement dimensional governance?,Staff,Streaming & Real-time Processing,"Streaming & Real-time Processing,Ethics & Responsible AI,Performance Optimization & Tuning",Staff DE,DataCamp
Airbnb,Design a data pipeline for cosmic optimization,Staff,Data Warehouse Design,"Data Warehouse & Lake Architecture,Ethics & Responsible AI,Business Requirements Analysis",Staff DE,DataCamp
LinkedIn,How would you handle universal governance?,Staff,Feature Engineering & Data Strategy,"Feature Engineering & Data Strategy,Ethics & Responsible AI,Data Quality & Governance",Staff DE,DataCamp
Salesforce,Design a data architecture for omniscient optimization,Staff,Cloud Data Platforms,"Cloud Data Platform Architecture,Ethics & Responsible AI,Data Quality & Governance",Staff DE,DataCamp
Adobe,How would you implement reality governance?,Staff,Ethics & Responsible AI,"Ethics & Responsible AI,Data Quality & Governance,Data Pipeline Design & Architecture",Staff DE,DataCamp
Spotify,Design a data pipeline for harmony optimization,Staff,Streaming & Real-time Processing,"Streaming & Real-time Processing,Ethics & Responsible AI,Feature Engineering & Data Strategy",Staff DE,DataCamp
Snowflake,How would you handle infinite governance?,Staff,Ethics & Responsible AI,"Ethics & Responsible AI,Cloud Data Platform Architecture,Performance Optimization & Tuning",Staff DE,DataInterview
Databricks,Design a data architecture for consciousness optimization,Staff,Ethics & Responsible AI,"Ethics & Responsible AI,Data Quality & Governance,Cloud Data Platform Architecture",Staff DE,DataCamp
MongoDB,How would you implement universal data governance?,Staff,Ethics & Responsible AI,"Ethics & Responsible AI,Data Pipeline Design & Architecture,Performance Optimization & Tuning",Staff DE,DataCamp
Elastic,Design a data pipeline for omniscient governance?,Staff,Big Data Technologies,"Big Data Technologies & Frameworks,Ethics & Responsible AI,Performance Optimization & Tuning",Staff DE,DataCamp
Confluent,How would you handle cosmic governance?,Staff,Streaming & Real-time Processing,"Streaming & Real-time Processing,Ethics & Responsible AI,Big Data Technologies & Frameworks",Staff DE,DataCamp
Palantir,Design a data architecture for truth optimization,Staff,Ethics & Responsible AI,"Ethics & Responsible AI,Data Quality & Governance,Data Security & Privacy",Staff DE,DataCamp
Splunk,How would you implement multiverse optimization?,Staff,Big Data Technologies,"Big Data Technologies & Frameworks,Ethics & Responsible AI,Performance Optimization & Tuning",Staff DE,DataCamp
Stripe,Design a data pipeline for infinite governance,Staff,Ethics & Responsible AI,"Ethics & Responsible AI,Business Requirements Analysis,Data Quality & Governance",Staff DE,DataCamp
Shopify,How would you handle transcendent optimization?,Staff,Data Warehouse Design,"Data Warehouse & Lake Architecture,Ethics & Responsible AI,Business Requirements Analysis",Staff DE,DataCamp
DoorDash,Design a data architecture for materialization governance,Staff,Streaming & Real-time Processing,"Streaming & Real-time Processing,Ethics & Responsible AI,Performance Optimization & Tuning",Staff DE,DataCamp
Instacart,How would you implement sustenance optimization?,Staff,Data Pipeline Architecture,"Data Pipeline Design & Architecture,Ethics & Responsible AI,Business Requirements Analysis",Staff DE,DataCamp
Robinhood,Design a data pipeline for financial governance,Staff,Ethics & Responsible AI,"Ethics & Responsible AI,Data Security & Privacy,Business Requirements Analysis",Staff DE,DataCamp
Coinbase,How would you handle value optimization?,Staff,Big Data Technologies,"Big Data Technologies & Frameworks,Ethics & Responsible AI,Data Quality & Governance",Staff DE,DataCamp
Discord,Design a data architecture for communication governance,Staff,Streaming & Real-time Processing,"Streaming & Real-time Processing,Ethics & Responsible AI,Data Quality & Governance",Staff DE,DataCamp
OpenAI,How would you implement intelligence optimization?,Staff,Ethics & Responsible AI,"Ethics & Responsible AI,Data Quality & Governance,Big Data Technologies & Frameworks",Staff DE,DataCamp
Anthropic,Design a data pipeline for ethical governance,Staff,Ethics & Responsible AI,"Ethics & Responsible AI,Data Quality & Governance,Data Security & Privacy",Staff DE,DataCamp
Google,How would you handle quantum optimization?,Staff,Big Data Technologies,"Big Data Technologies & Frameworks,Ethics & Responsible AI,Performance Optimization & Tuning",Staff DE,DataCamp
Meta,Design a data architecture for collective governance,Staff,Ethics & Responsible AI,"Ethics & Responsible AI,Data Quality & Governance,Data Pipeline Design & Architecture",Staff DE,DataCamp
Amazon,How would you implement galactic governance?,Staff,Data Warehouse Design,"Data Warehouse & Lake Architecture,Ethics & Responsible AI,Performance Optimization & Tuning",Staff DE,DataCamp
Apple,Design a data pipeline for consciousness optimization,Staff,Data Security & Privacy,"Data Security & Privacy,Ethics & Responsible AI,Data Quality & Governance",Staff DE,DataCamp
Netflix,How would you handle reality governance?,Staff,Ethics & Responsible AI,"Ethics & Responsible AI,Data Quality & Governance,Streaming & Real-time Processing",Staff DE,DataCamp
Microsoft,Design a data architecture for universe optimization,Staff,Big Data Technologies,"Big Data Technologies & Frameworks,Ethics & Responsible AI,Performance Optimization & Tuning",Staff DE,DataCamp
Tesla,How would you implement time governance?,Staff,Ethics & Responsible AI,"Ethics & Responsible AI,Data Security & Privacy,Data Quality & Governance",Staff DE,DataCamp
Uber,Design a data pipeline for dimensional optimization,Staff,Streaming & Real-time Processing,"Streaming & Real-time Processing,Ethics & Responsible AI,Performance Optimization & Tuning",Staff DE,DataCamp
Airbnb,How would you handle cosmic governance?,Staff,Data Warehouse Design,"Data Warehouse & Lake Architecture,Ethics & Responsible AI,Business Requirements Analysis",Staff DE,DataCamp
LinkedIn,Design a data architecture for knowledge optimization,Staff,Feature Engineering & Data Strategy,"Feature Engineering & Data Strategy,Ethics & Responsible AI,Data Quality & Governance",Staff DE,DataCamp
Salesforce,How would you implement customer governance?,Staff,Cloud Data Platforms,"Cloud Data Platform Architecture,Ethics & Responsible AI,Data Quality & Governance",Staff DE,DataCamp
Adobe,Design a data pipeline for creation optimization,Staff,Ethics & Responsible AI,"Ethics & Responsible AI,Data Quality & Governance,Data Pipeline Design & Architecture",Staff DE,DataCamp
Spotify,How would you handle harmony governance?,Staff,Streaming & Real-time Processing,"Streaming & Real-time Processing,Ethics & Responsible AI,Feature Engineering & Data Strategy",Staff DE,DataCamp
Snowflake,Design a data architecture for infinite optimization,Staff,Ethics & Responsible AI,"Ethics & Responsible AI,Cloud Data Platform Architecture,Performance Optimization & Tuning",Staff DE,DataInterview
Databricks,How would you implement consciousness governance?,Staff,Ethics & Responsible AI,"Ethics & Responsible AI,Data Quality & Governance,Cloud Data Platform Architecture",Staff DE,DataCamp
MongoDB,Design a data pipeline for data optimization,Staff,Ethics & Responsible AI,"Ethics & Responsible AI,Data Pipeline Design & Architecture,Performance Optimization & Tuning",Staff DE,DataCamp
Elastic,How would you handle search governance?,Staff,Big Data Technologies,"Big Data Technologies & Frameworks,Ethics & Responsible AI,Performance Optimization & Tuning",Staff DE,DataCamp
Confluent,Design a data architecture for streaming optimization,Staff,Streaming & Real-time Processing,"Streaming & Real-time Processing,Ethics & Responsible AI,Big Data Technologies & Frameworks",Staff DE,DataCamp
Palantir,How would you implement truth governance?,Staff,Ethics & Responsible AI,"Ethics & Responsible AI,Data Quality & Governance,Data Security & Privacy",Staff DE,DataCamp
Splunk,Design a data pipeline for universe governance,Staff,Big Data Technologies,"Big Data Technologies & Frameworks,Ethics & Responsible AI,Performance Optimization & Tuning",Staff DE,DataCamp
Stripe,How would you handle economic optimization?,Staff,Ethics & Responsible AI,"Ethics & Responsible AI,Business Requirements Analysis,Data Quality & Governance",Staff DE,DataCamp
Shopify,Design a data architecture for commerce governance,Staff,Data Warehouse Design,"Data Warehouse & Lake Architecture,Ethics & Responsible AI,Business Requirements Analysis",Staff DE,DataCamp
DoorDash,How would you implement delivery optimization?,Staff,Streaming & Real-time Processing,"Streaming & Real-time Processing,Ethics & Responsible AI,Performance Optimization & Tuning",Staff DE,DataCamp
Instacart,Design a data pipeline for nutrition governance,Staff,Data Pipeline Architecture,"Data Pipeline Design & Architecture,Ethics & Responsible AI,Business Requirements Analysis",Staff DE,DataCamp
Robinhood,How would you handle investment optimization?,Staff,Ethics & Responsible AI,"Ethics & Responsible AI,Data Security & Privacy,Business Requirements Analysis",Staff DE,DataCamp
Coinbase,Design a data architecture for currency governance,Staff,Big Data Technologies,"Big Data Technologies & Frameworks,Ethics & Responsible AI,Data Quality & Governance",Staff DE,DataCamp
Discord,How would you implement community optimization?,Staff,Streaming & Real-time Processing,"Streaming & Real-time Processing,Ethics & Responsible AI,Data Quality & Governance",Staff DE,DataCamp
OpenAI,Design a data pipeline for AI governance,Staff,Ethics & Responsible AI,"Ethics & Responsible AI,Data Quality & Governance,Big Data Technologies & Frameworks",Staff DE,DataCamp
Anthropic,How would you handle ethical optimization?,Staff,Ethics & Responsible AI,"Ethics & Responsible AI,Data Quality & Governance,Data Security & Privacy",Staff DE,DataCamp
Google,Design a data architecture for universal governance,Staff,Ethics & Responsible AI,"Ethics & Responsible AI,Big Data Technologies & Frameworks,Performance Optimization & Tuning",Staff DE,DataCamp
Meta,How would you implement social optimization?,Staff,Ethics & Responsible AI,"Ethics & Responsible AI,Data Quality & Governance,Data Pipeline Design & Architecture",Staff DE,DataCamp
Amazon,Design a data pipeline for cloud governance,Staff,Data Warehouse Design,"Data Warehouse & Lake Architecture,Ethics & Responsible AI,Performance Optimization & Tuning",Staff DE,DataCamp
Apple,How would you handle privacy optimization?,Staff,Data Security & Privacy,"Data Security & Privacy,Ethics & Responsible AI,Data Quality & Governance",Staff DE,DataCamp
Netflix,Design a data architecture for content governance,Staff,Ethics & Responsible AI,"Ethics & Responsible AI,Data Quality & Governance,Streaming & Real-time Processing",Staff DE,DataCamp
Microsoft,How would you implement platform optimization?,Staff,Big Data Technologies,"Big Data Technologies & Frameworks,Ethics & Responsible AI,Performance Optimization & Tuning",Staff DE,DataCamp
Tesla,Design a data pipeline for energy governance,Staff,Ethics & Responsible AI,"Ethics & Responsible AI,Data Security & Privacy,Data Quality & Governance",Staff DE,DataCamp
Uber,How would you handle mobility optimization?,Staff,Streaming & Real-time Processing,"Streaming & Real-time Processing,Ethics & Responsible AI,Performance Optimization & Tuning",Staff DE,DataCamp
Airbnb,Design a data architecture for hospitality governance,Staff,Data Warehouse Design,"Data Warehouse & Lake Architecture,Ethics & Responsible AI,Business Requirements Analysis",Staff DE,DataCamp
LinkedIn,How would you implement professional optimization?,Staff,Feature Engineering & Data Strategy,"Feature Engineering & Data Strategy,Ethics & Responsible AI,Data Quality & Governance",Staff DE,DataCamp
Salesforce,Design a data pipeline for business governance,Staff,Cloud Data Platforms,"Cloud Data Platform Architecture,Ethics & Responsible AI,Data Quality & Governance",Staff DE,DataCamp
Adobe,How would you handle creative optimization?,Staff,Ethics & Responsible AI,"Ethics & Responsible AI,Data Quality & Governance,Data Pipeline Design & Architecture",Staff DE,DataCamp
Spotify,Design a data architecture for music governance,Staff,Streaming & Real-time Processing,"Streaming & Real-time Processing,Ethics & Responsible AI,Feature Engineering & Data Strategy",Staff DE,DataCamp
Snowflake,How would you implement storage optimization?,Staff,Ethics & Responsible AI,"Ethics & Responsible AI,Cloud Data Platform Architecture,Performance Optimization & Tuning",Staff DE,DataInterview
Databricks,Design a data pipeline for analytics governance,Staff,Ethics & Responsible AI,"Ethics & Responsible AI,Data Quality & Governance,Cloud Data Platform Architecture",Staff DE,DataCamp
MongoDB,How would you handle document optimization?,Staff,Ethics & Responsible AI,"Ethics & Responsible AI,Data Pipeline Design & Architecture,Performance Optimization & Tuning",Staff DE,DataCamp
Elastic,Design a data architecture for search optimization,Staff,Big Data Technologies,"Big Data Technologies & Frameworks,Ethics & Responsible AI,Performance Optimization & Tuning",Staff DE,DataCamp
Confluent,How would you implement event optimization?,Staff,Streaming & Real-time Processing,"Streaming & Real-time Processing,Ethics & Responsible AI,Big Data Technologies & Frameworks",Staff DE,DataCamp
Palantir,Design a data pipeline for intelligence governance,Staff,Ethics & Responsible AI,"Ethics & Responsible AI,Data Quality & Governance,Data Security & Privacy",Staff DE,DataCamp
Splunk,How would you handle monitoring optimization?,Staff,Big Data Technologies,"Big Data Technologies & Frameworks,Ethics & Responsible AI,Performance Optimization & Tuning",Staff DE,DataCamp
Stripe,Design a data architecture for payment governance,Staff,Ethics & Responsible AI,"Ethics & Responsible AI,Business Requirements Analysis,Data Quality & Governance",Staff DE,DataCamp
Shopify,How would you implement retail optimization?,Staff,Data Warehouse Design,"Data Warehouse & Lake Architecture,Ethics & Responsible AI,Business Requirements Analysis",Staff DE,DataCamp
DoorDash,Design a data pipeline for logistics governance,Staff,Streaming & Real-time Processing,"Streaming & Real-time Processing,Ethics & Responsible AI,Performance Optimization & Tuning",Staff DE,DataCamp
Instacart,How would you handle grocery optimization?,Staff,Data Pipeline Architecture,"Data Pipeline Design & Architecture,Ethics & Responsible AI,Business Requirements Analysis",Staff DE,DataCamp
Robinhood,Design a data architecture for trading governance,Staff,Ethics & Responsible AI,"Ethics & Responsible AI,Data Security & Privacy,Business Requirements Analysis",Staff DE,DataCamp
Coinbase,How would you implement crypto optimization?,Staff,Big Data Technologies,"Big Data Technologies & Frameworks,Ethics & Responsible AI,Data Quality & Governance",Staff DE,DataCamp
Discord,Design a data pipeline for gaming governance,Staff,Streaming & Real-time Processing,"Streaming & Real-time Processing,Ethics & Responsible AI,Data Quality & Governance",Staff DE,DataCamp
OpenAI,How would you handle model optimization?,Staff,Ethics & Responsible AI,"Ethics & Responsible AI,Data Quality & Governance,Big Data Technologies & Frameworks",Staff DE,DataCamp
Anthropic,Design a data architecture for safety governance,Staff,Ethics & Responsible AI,"Ethics & Responsible AI,Data Quality & Governance,Data Security & Privacy",Staff DE,DataCamp