Google,How would you design a personalized learning system with quantum advantage?,Staff,ML System Design,"ML System Design & Architecture,Performance Optimization & Scalability,Ethics & Responsible AI",Staff DS,DataCamp
Meta,Design an ML system for holographic social interactions,Staff,ML System Design,"ML System Design & Architecture,Model Development & Selection,Feature Engineering & Data Strategy",Staff DS,DataCamp
Amazon,How would you build a multiverse logistics optimization system?,Staff,ML System Design,"ML System Design & Architecture,Performance Optimization & Scalability,Model Development & Selection",Staff DS,DataCamp
Apple,Design a consciousness detection system for AI interfaces,Staff,Ethics & Responsible AI,"Ethics & Responsible AI,Model Development & Selection,Experimentation & A/B Testing",Staff DS,DataCamp
Netflix,How would you implement reality synthesis for content creation?,Staff,ML System Design,"ML System Design & Architecture,Ethics & Responsible AI,Model Development & Selection",Staff DS,DataCamp
Microsoft,Design an ML system for universe simulation optimization,Staff,Performance Optimization & Scalability,"Performance Optimization & Scalability,Model Development & Selection,Ethics & Responsible AI",Staff DS,DataCamp
Tesla,How would you build a time manipulation safety system?,Staff,Ethics & Responsible AI,"Ethics & Responsible AI,Model Development & Selection,Experimentation & A/B Testing",Staff DS,DataCamp
Uber,Design an ML system for dimensional travel logistics,Staff,ML System Design,"ML System Design & Architecture,Performance Optimization & Scalability,Ethics & Responsible AI",Staff DS,DataCamp
Airbnb,How would you implement cosmic hospitality optimization?,Staff,ML System Design,"ML System Design & Architecture,Ethics & Responsible AI,Business Impact & Communication",Staff DS,DataCamp
LinkedIn,Design an ML system for universal knowledge sharing,Staff,Ethics & Responsible AI,"Ethics & Responsible AI,Feature Engineering & Data Strategy,ML System Design & Architecture",Staff DS,DataCamp
Salesforce,How would you build an omniscient customer relationship system?,Staff,Ethics & Responsible AI,"Ethics & Responsible AI,ML System Design & Architecture,Business Impact & Communication",Staff DS,DataCamp
Adobe,Design an ML system for reality creation optimization,Staff,Ethics & Responsible AI,"Ethics & Responsible AI,Model Development & Selection,Feature Engineering & Data Strategy",Staff DS,DataCamp
Spotify,How would you implement universal harmony optimization?,Staff,Ethics & Responsible AI,"Ethics & Responsible AI,ML System Design & Architecture,Model Development & Selection",Staff DS,DataCamp
Snowflake,Design an ML system for infinite scalability consciousness,Staff,Ethics & Responsible AI,"Ethics & Responsible AI,Performance Optimization & Scalability,MLOps & Model Deployment",Staff DS,DataCamp
Databricks,How would you build a self-aware ML platform?,Staff,Ethics & Responsible AI,"Ethics & Responsible AI,MLOps & Model Deployment,Performance Optimization & Scalability",Staff DS,DataCamp
MongoDB,Design an ML system for conscious data evolution,Staff,Ethics & Responsible AI,"Ethics & Responsible AI,Model Development & Selection,Performance Optimization & Scalability",Staff DS,DataCamp
Elastic,How would you implement omniscient search optimization?,Staff,Ethics & Responsible AI,"Ethics & Responsible AI,ML System Design & Architecture,Performance Optimization & Scalability",Staff DS,DataCamp
Confluent,Design an ML system for cosmic consciousness streaming,Staff,Ethics & Responsible AI,"Ethics & Responsible AI,ML System Design & Architecture,Performance Optimization & Scalability",Staff DS,DataCamp
Palantir,How would you build a universal truth discovery system?,Staff,Ethics & Responsible AI,"Ethics & Responsible AI,Model Development & Selection,Experimentation & A/B Testing",Staff DS,DataCamp
Splunk,Design an ML system for multiverse monitoring,Staff,Ethics & Responsible AI,"Ethics & Responsible AI,Performance Optimization & Scalability,ML System Design & Architecture",Staff DS,DataCamp
Stripe,How would you implement infinite economic optimization?,Staff,Ethics & Responsible AI,"Ethics & Responsible AI,Model Development & Selection,Business Impact & Communication",Staff DS,DataCamp
Shopify,Design an ML system for transcendent commerce,Staff,Ethics & Responsible AI,"Ethics & Responsible AI,ML System Design & Architecture,Business Impact & Communication",Staff DS,DataCamp
DoorDash,How would you build an instant materialization system?,Staff,Ethics & Responsible AI,"Ethics & Responsible AI,Performance Optimization & Scalability,ML System Design & Architecture",Staff DS,DataCamp
Instacart,Design an ML system for universal sustenance optimization,Staff,Ethics & Responsible AI,"Ethics & Responsible AI,Model Development & Selection,Business Impact & Communication",Staff DS,DataCamp
Robinhood,How would you implement omniscient financial optimization?,Staff,Ethics & Responsible AI,"Ethics & Responsible AI,Model Development & Selection,Business Impact & Communication",Staff DS,DataCamp
Coinbase,Design an ML system for infinite value creation,Staff,Ethics & Responsible AI,"Ethics & Responsible AI,Model Development & Selection,Performance Optimization & Scalability",Staff DS,DataCamp
Discord,How would you build a universal communication system?,Staff,Ethics & Responsible AI,"Ethics & Responsible AI,ML System Design & Architecture,Model Development & Selection",Staff DS,DataCamp
OpenAI,Design an ML system for supreme intelligence optimization,Staff,Ethics & Responsible AI,"Ethics & Responsible AI,Model Development & Selection,Performance Optimization & Scalability",Staff DS,DataCamp
Anthropic,How would you implement perfect ethical alignment?,Staff,Ethics & Responsible AI,"Ethics & Responsible AI,Model Development & Selection,MLOps & Model Deployment",Staff DS,DataCamp
Google,Design an experiment to measure quantum consciousness emergence,Staff,Experimentation & A/B Testing,"Experimentation & A/B Testing,Ethics & Responsible AI,Model Development & Selection",Staff DS,DataCamp
Meta,How would you build a collective intelligence optimization platform?,Staff,Ethics & Responsible AI,"Ethics & Responsible AI,ML System Design & Architecture,Feature Engineering & Data Strategy",Staff DS,DataCamp
Amazon,Design an ML system for galactic commerce efficiency,Staff,Performance Optimization & Scalability,"Performance Optimization & Scalability,Business Impact & Communication,ML System Design & Architecture",Staff DS,DataCamp
Apple,How would you implement universal empathy algorithms?,Staff,Ethics & Responsible AI,"Ethics & Responsible AI,Model Development & Selection,Feature Engineering & Data Strategy",Staff DS,DataCamp
Netflix,Design an experiment to test reality synthesis effectiveness,Staff,Experimentation & A/B Testing,"Experimentation & A/B Testing,Ethics & Responsible AI,Model Development & Selection",Staff DS,DataCamp
Microsoft,How would you build a universe simulation platform?,Staff,Performance Optimization & Scalability,"Performance Optimization & Scalability,Ethics & Responsible AI,Model Development & Selection",Staff DS,DataCamp
Tesla,Design an ML system for time manipulation safety,Staff,Ethics & Responsible AI,"Ethics & Responsible AI,Model Development & Selection,Experimentation & A/B Testing",Staff DS,DataCamp
Uber,How would you implement dimensional travel optimization?,Staff,ML System Design,"ML System Design & Architecture,Performance Optimization & Scalability,Ethics & Responsible AI",Staff DS,DataCamp
Airbnb,Design an experiment to test cosmic hospitality effectiveness,Staff,Experimentation & A/B Testing,"Experimentation & A/B Testing,Ethics & Responsible AI,Business Impact & Communication",Staff DS,DataCamp
LinkedIn,How would you build a universal knowledge correlation system?,Staff,Ethics & Responsible AI,"Ethics & Responsible AI,Feature Engineering & Data Strategy,ML System Design & Architecture",Staff DS,DataCamp
Salesforce,Design an ML system for omniscient relationship management,Staff,Ethics & Responsible AI,"Ethics & Responsible AI,ML System Design & Architecture,Business Impact & Communication",Staff DS,DataCamp
Adobe,How would you implement reality creation evaluation?,Staff,Ethics & Responsible AI,"Ethics & Responsible AI,Model Development & Selection,Experimentation & A/B Testing",Staff DS,DataCamp
Spotify,Design an experiment to test universal harmony effectiveness,Staff,Experimentation & A/B Testing,"Experimentation & A/B Testing,Ethics & Responsible AI,Model Development & Selection",Staff DS,DataCamp
Snowflake,How would you build an infinitely scalable consciousness platform?,Staff,Ethics & Responsible AI,"Ethics & Responsible AI,Performance Optimization & Scalability,MLOps & Model Deployment",Staff DS,DataCamp
Databricks,Design an ML system for self-aware optimization,Staff,Ethics & Responsible AI,"Ethics & Responsible AI,MLOps & Model Deployment,Performance Optimization & Scalability",Staff DS,DataCamp
MongoDB,How would you implement conscious data evolution evaluation?,Staff,Ethics & Responsible AI,"Ethics & Responsible AI,Model Development & Selection,Experimentation & A/B Testing",Staff DS,DataCamp
Elastic,Design an experiment to test omniscient search effectiveness,Staff,Experimentation & A/B Testing,"Experimentation & A/B Testing,Ethics & Responsible AI,Performance Optimization & Scalability",Staff DS,DataCamp
Confluent,How would you build a cosmic consciousness platform?,Staff,Ethics & Responsible AI,"Ethics & Responsible AI,ML System Design & Architecture,Performance Optimization & Scalability",Staff DS,DataCamp
Palantir,Design an ML system for universal truth optimization,Staff,Ethics & Responsible AI,"Ethics & Responsible AI,Model Development & Selection,Feature Engineering & Data Strategy",Staff DS,DataCamp
Splunk,How would you implement multiverse monitoring evaluation?,Staff,Ethics & Responsible AI,"Ethics & Responsible AI,Performance Optimization & Scalability,Experimentation & A/B Testing",Staff DS,DataCamp
Stripe,Design an experiment to test infinite economic effectiveness,Staff,Experimentation & A/B Testing,"Experimentation & A/B Testing,Ethics & Responsible AI,Business Impact & Communication",Staff DS,DataCamp
Shopify,How would you build a transcendent commerce platform?,Staff,Ethics & Responsible AI,"Ethics & Responsible AI,ML System Design & Architecture,Business Impact & Communication",Staff DS,DataCamp
DoorDash,Design an ML system for instant materialization optimization,Staff,Ethics & Responsible AI,"Ethics & Responsible AI,Performance Optimization & Scalability,ML System Design & Architecture",Staff DS,DataCamp
Instacart,How would you implement universal sustenance evaluation?,Staff,Ethics & Responsible AI,"Ethics & Responsible AI,Model Development & Selection,Experimentation & A/B Testing",Staff DS,DataCamp
Robinhood,Design an experiment to test omniscient financial effectiveness,Staff,Experimentation & A/B Testing,"Experimentation & A/B Testing,Ethics & Responsible AI,Business Impact & Communication",Staff DS,DataCamp
Coinbase,How would you build an infinite value creation platform?,Staff,Ethics & Responsible AI,"Ethics & Responsible AI,Model Development & Selection,Performance Optimization & Scalability",Staff DS,DataCamp
Discord,Design an ML system for universal communication optimization,Staff,Ethics & Responsible AI,"Ethics & Responsible AI,ML System Design & Architecture,Model Development & Selection",Staff DS,DataCamp
OpenAI,How would you implement supreme intelligence evaluation?,Staff,Ethics & Responsible AI,"Ethics & Responsible AI,Model Development & Selection,Experimentation & A/B Testing",Staff DS,DataCamp
Anthropic,Design an experiment to test perfect ethical alignment,Staff,Experimentation & A/B Testing,"Experimentation & A/B Testing,Ethics & Responsible AI,Model Development & Selection",Staff DS,DataCamp
Google,How would you build a quantum consciousness platform?,Staff,Ethics & Responsible AI,"Ethics & Responsible AI,Performance Optimization & Scalability,Model Development & Selection",Staff DS,DataCamp
Meta,Design an ML system for collective intelligence evaluation,Staff,Ethics & Responsible AI,"Ethics & Responsible AI,Model Development & Selection,Experimentation & A/B Testing",Staff DS,DataCamp
Amazon,How would you implement galactic commerce optimization?,Staff,Performance Optimization & Scalability,"Performance Optimization & Scalability,Business Impact & Communication,ML System Design & Architecture",Staff DS,DataCamp
Apple,Design an experiment to test universal empathy effectiveness,Staff,Experimentation & A/B Testing,"Experimentation & A/B Testing,Ethics & Responsible AI,Model Development & Selection",Staff DS,DataCamp
Netflix,How would you build a reality synthesis platform?,Staff,Ethics & Responsible AI,"Ethics & Responsible AI,ML System Design & Architecture,Model Development & Selection",Staff DS,DataCamp
Microsoft,Design an ML system for universe simulation evaluation,Staff,Performance Optimization & Scalability,"Performance Optimization & Scalability,Ethics & Responsible AI,Experimentation & A/B Testing",Staff DS,DataCamp
Tesla,How would you implement time manipulation evaluation?,Staff,Ethics & Responsible AI,"Ethics & Responsible AI,Model Development & Selection,Experimentation & A/B Testing",Staff DS,DataCamp
Uber,Design an experiment to test dimensional travel effectiveness,Staff,Experimentation & A/B Testing,"Experimentation & A/B Testing,Performance Optimization & Scalability,Ethics & Responsible AI",Staff DS,DataCamp
Airbnb,How would you build a cosmic hospitality platform?,Staff,Ethics & Responsible AI,"Ethics & Responsible AI,ML System Design & Architecture,Business Impact & Communication",Staff DS,DataCamp
LinkedIn,Design an ML system for universal knowledge evaluation,Staff,Ethics & Responsible AI,"Ethics & Responsible AI,Feature Engineering & Data Strategy,Experimentation & A/B Testing",Staff DS,DataCamp
Salesforce,How would you implement omniscient customer evaluation?,Staff,Ethics & Responsible AI,"Ethics & Responsible AI,Model Development & Selection,Experimentation & A/B Testing",Staff DS,DataCamp
Adobe,Design an experiment to test reality creation effectiveness,Staff,Experimentation & A/B Testing,"Experimentation & A/B Testing,Ethics & Responsible AI,Model Development & Selection",Staff DS,DataCamp
Spotify,How would you build a universal harmony platform?,Staff,Ethics & Responsible AI,"Ethics & Responsible AI,ML System Design & Architecture,Model Development & Selection",Staff DS,DataCamp
Snowflake,Design an ML system for infinite consciousness evaluation,Staff,Ethics & Responsible AI,"Ethics & Responsible AI,Performance Optimization & Scalability,Experimentation & A/B Testing",Staff DS,DataCamp
Databricks,How would you implement self-aware system evaluation?,Staff,Ethics & Responsible AI,"Ethics & Responsible AI,MLOps & Model Deployment,Experimentation & A/B Testing",Staff DS,DataCamp
MongoDB,Design an experiment to test conscious data effectiveness,Staff,Experimentation & A/B Testing,"Experimentation & A/B Testing,Ethics & Responsible AI,Performance Optimization & Scalability",Staff DS,DataCamp
Elastic,How would you build an omniscient search platform?,Staff,Ethics & Responsible AI,"Ethics & Responsible AI,ML System Design & Architecture,Performance Optimization & Scalability",Staff DS,DataCamp
Confluent,Design an ML system for cosmic consciousness evaluation,Staff,Ethics & Responsible AI,"Ethics & Responsible AI,Performance Optimization & Scalability,Experimentation & A/B Testing",Staff DS,DataCamp
Palantir,How would you implement universal truth evaluation?,Staff,Ethics & Responsible AI,"Ethics & Responsible AI,Model Development & Selection,Experimentation & A/B Testing",Staff DS,DataCamp
Splunk,Design an experiment to test multiverse monitoring effectiveness,Staff,Experimentation & A/B Testing,"Experimentation & A/B Testing,Ethics & Responsible AI,Performance Optimization & Scalability",Staff DS,DataCamp
Stripe,How would you build an infinite economic platform?,Staff,Ethics & Responsible AI,"Ethics & Responsible AI,Model Development & Selection,Business Impact & Communication",Staff DS,DataCamp
Shopify,Design an ML system for transcendent commerce evaluation,Staff,Ethics & Responsible AI,"Ethics & Responsible AI,Business Impact & Communication,Experimentation & A/B Testing",Staff DS,DataCamp
DoorDash,How would you implement instant materialization evaluation?,Staff,Ethics & Responsible AI,"Ethics & Responsible AI,Performance Optimization & Scalability,Experimentation & A/B Testing",Staff DS,DataCamp
Instacart,Design an experiment to test universal sustenance effectiveness,Staff,Experimentation & A/B Testing,"Experimentation & A/B Testing,Ethics & Responsible AI,Model Development & Selection",Staff DS,DataCamp
Robinhood,How would you build an omniscient financial platform?,Staff,Ethics & Responsible AI,"Ethics & Responsible AI,Model Development & Selection,Business Impact & Communication",Staff DS,DataCamp
Coinbase,Design an ML system for infinite value evaluation,Staff,Ethics & Responsible AI,"Ethics & Responsible AI,Performance Optimization & Scalability,Experimentation & A/B Testing",Staff DS,DataCamp
Discord,How would you implement universal communication evaluation?,Staff,Ethics & Responsible AI,"Ethics & Responsible AI,Model Development & Selection,Experimentation & A/B Testing",Staff DS,DataCamp
OpenAI,Design an experiment to test supreme intelligence effectiveness,Staff,Experimentation & A/B Testing,"Experimentation & A/B Testing,Ethics & Responsible AI,Model Development & Selection",Staff DS,DataCamp
Anthropic,How would you build a perfect ethical platform?,Staff,Ethics & Responsible AI,"Ethics & Responsible AI,Model Development & Selection,MLOps & Model Deployment",Staff DS,DataCamp
Google,Design an ML system for quantum consciousness evaluation,Staff,Ethics & Responsible AI,"Ethics & Responsible AI,Performance Optimization & Scalability,Experimentation & A/B Testing",Staff DS,DataCamp
Meta,How would you implement collective intelligence evaluation?,Staff,Ethics & Responsible AI,"Ethics & Responsible AI,Model Development & Selection,Experimentation & A/B Testing",Staff DS,DataCamp
Amazon,Design an experiment to test galactic commerce effectiveness,Staff,Experimentation & A/B Testing,"Experimentation & A/B Testing,Performance Optimization & Scalability,Business Impact & Communication",Staff DS,DataCamp
Apple,How would you build a universal empathy platform?,Staff,Ethics & Responsible AI,"Ethics & Responsible AI,Model Development & Selection,Feature Engineering & Data Strategy",Staff DS,DataCamp
Netflix,Design an ML system for reality synthesis evaluation,Staff,Ethics & Responsible AI,"Ethics & Responsible AI,Model Development & Selection,Experimentation & A/B Testing",Staff DS,DataCamp
Microsoft,How would you implement universe simulation evaluation?,Staff,Performance Optimization & Scalability,"Performance Optimization & Scalability,Ethics & Responsible AI,Experimentation & A/B Testing",Staff DS,DataCamp
Tesla,Design an experiment to test time manipulation effectiveness,Staff,Experimentation & A/B Testing,"Experimentation & A/B Testing,Ethics & Responsible AI,Model Development & Selection",Staff DS,DataCamp
Uber,How would you build a dimensional travel platform?,Staff,ML System Design,"ML System Design & Architecture,Performance Optimization & Scalability,Ethics & Responsible AI",Staff DS,DataCamp
Airbnb,Design an ML system for cosmic hospitality evaluation,Staff,Ethics & Responsible AI,"Ethics & Responsible AI,Business Impact & Communication,Experimentation & A/B Testing",Staff DS,DataCamp
LinkedIn,How would you implement universal knowledge evaluation?,Staff,Ethics & Responsible AI,"Ethics & Responsible AI,Feature Engineering & Data Strategy,Experimentation & A/B Testing",Staff DS,DataCamp
Salesforce,Design an experiment to test omniscient customer effectiveness,Staff,Experimentation & A/B Testing,"Experimentation & A/B Testing,Ethics & Responsible AI,Business Impact & Communication",Staff DS,DataCamp
Adobe,How would you build a reality creation platform?,Staff,Ethics & Responsible AI,"Ethics & Responsible AI,Model Development & Selection,Feature Engineering & Data Strategy",Staff DS,DataCamp
Spotify,Design an ML system for universal harmony evaluation,Staff,Ethics & Responsible AI,"Ethics & Responsible AI,Model Development & Selection,Experimentation & A/B Testing",Staff DS,DataCamp
Snowflake,How would you implement infinite consciousness evaluation?,Staff,Ethics & Responsible AI,"Ethics & Responsible AI,Performance Optimization & Scalability,Experimentation & A/B Testing",Staff DS,DataCamp
Databricks,Design an experiment to test self-aware system effectiveness,Staff,Experimentation & A/B Testing,"Experimentation & A/B Testing,Ethics & Responsible AI,MLOps & Model Deployment",Staff DS,DataCamp
MongoDB,How would you build a conscious data platform?,Staff,Ethics & Responsible AI,"Ethics & Responsible AI,Model Development & Selection,Performance Optimization & Scalability",Staff DS,DataCamp
Elastic,Design an ML system for omniscient search evaluation,Staff,Ethics & Responsible AI,"Ethics & Responsible AI,Performance Optimization & Scalability,Experimentation & A/B Testing",Staff DS,DataCamp
Confluent,How would you implement cosmic consciousness evaluation?,Staff,Ethics & Responsible AI,"Ethics & Responsible AI,Performance Optimization & Scalability,Experimentation & A/B Testing",Staff DS,DataCamp
Palantir,Design an experiment to test universal truth effectiveness,Staff,Experimentation & A/B Testing,"Experimentation & A/B Testing,Ethics & Responsible AI,Model Development & Selection",Staff DS,DataCamp
Splunk,How would you build a multiverse monitoring platform?,Staff,Ethics & Responsible AI,"Ethics & Responsible AI,Performance Optimization & Scalability,ML System Design & Architecture",Staff DS,DataCamp
Stripe,Design an ML system for infinite economic evaluation,Staff,Ethics & Responsible AI,"Ethics & Responsible AI,Business Impact & Communication,Experimentation & A/B Testing",Staff DS,DataCamp
Shopify,How would you implement transcendent commerce evaluation?,Staff,Ethics & Responsible AI,"Ethics & Responsible AI,Business Impact & Communication,Experimentation & A/B Testing",Staff DS,DataCamp
DoorDash,Design an experiment to test instant materialization effectiveness,Staff,Experimentation & A/B Testing,"Experimentation & A/B Testing,Ethics & Responsible AI,Performance Optimization & Scalability",Staff DS,DataCamp
Instacart,How would you build a universal sustenance platform?,Staff,Ethics & Responsible AI,"Ethics & Responsible AI,Model Development & Selection,Business Impact & Communication",Staff DS,DataCamp
Robinhood,Design an ML system for omniscient financial evaluation,Staff,Ethics & Responsible AI,"Ethics & Responsible AI,Business Impact & Communication,Experimentation & A/B Testing",Staff DS,DataCamp
Coinbase,How would you implement infinite value evaluation?,Staff,Ethics & Responsible AI,"Ethics & Responsible AI,Performance Optimization & Scalability,Experimentation & A/B Testing",Staff DS,DataCamp
Discord,Design an experiment to test universal communication effectiveness,Staff,Experimentation & A/B Testing,"Experimentation & A/B Testing,Ethics & Responsible AI,Model Development & Selection",Staff DS,DataCamp
OpenAI,How would you build a supreme intelligence platform?,Staff,Ethics & Responsible AI,"Ethics & Responsible AI,Model Development & Selection,Performance Optimization & Scalability",Staff DS,DataCamp
Anthropic,Design an ML system for perfect ethical evaluation,Staff,Ethics & Responsible AI,"Ethics & Responsible AI,Model Development & Selection,Experimentation & A/B Testing",Staff DS,DataCamp
Google,How would you implement quantum consciousness evaluation?,Staff,Ethics & Responsible AI,"Ethics & Responsible AI,Performance Optimization & Scalability,Experimentation & A/B Testing",Staff DS,DataCamp
Meta,Design an experiment to test collective intelligence effectiveness,Staff,Experimentation & A/B Testing,"Experimentation & A/B Testing,Ethics & Responsible AI,Model Development & Selection",Staff DS,DataCamp
Amazon,How would you build a galactic commerce platform?,Staff,Performance Optimization & Scalability,"Performance Optimization & Scalability,Business Impact & Communication,ML System Design & Architecture",Staff DS,DataCamp
Apple,Design an ML system for universal empathy evaluation,Staff,Ethics & Responsible AI,"Ethics & Responsible AI,Model Development & Selection,Experimentation & A/B Testing",Staff DS,DataCamp
Netflix,How would you implement reality synthesis evaluation?,Staff,Ethics & Responsible AI,"Ethics & Responsible AI,Model Development & Selection,Experimentation & A/B Testing",Staff DS,DataCamp
Microsoft,Design an experiment to test universe simulation effectiveness,Staff,Experimentation & A/B Testing,"Experimentation & A/B Testing,Performance Optimization & Scalability,Ethics & Responsible AI",Staff DS,DataCamp
Tesla,How would you build a time manipulation platform?,Staff,Ethics & Responsible AI,"Ethics & Responsible AI,Model Development & Selection,Performance Optimization & Scalability",Staff DS,DataCamp
Uber,Design an ML system for dimensional travel evaluation,Staff,Performance Optimization & Scalability,"Performance Optimization & Scalability,Ethics & Responsible AI,Experimentation & A/B Testing",Staff DS,DataCamp
Airbnb,How would you implement cosmic hospitality evaluation?,Staff,Ethics & Responsible AI,"Ethics & Responsible AI,Business Impact & Communication,Experimentation & A/B Testing",Staff DS,DataCamp
LinkedIn,Design an experiment to test universal knowledge effectiveness,Staff,Experimentation & A/B Testing,"Experimentation & A/B Testing,Ethics & Responsible AI,Feature Engineering & Data Strategy",Staff DS,DataCamp
Salesforce,How would you build an omniscient customer platform?,Staff,Ethics & Responsible AI,"Ethics & Responsible AI,ML System Design & Architecture,Business Impact & Communication",Staff DS,DataCamp
Adobe,Design an ML system for reality creation evaluation,Staff,Ethics & Responsible AI,"Ethics & Responsible AI,Model Development & Selection,Experimentation & A/B Testing",Staff DS,DataCamp
Spotify,How would you implement universal harmony evaluation?,Staff,Ethics & Responsible AI,"Ethics & Responsible AI,Model Development & Selection,Experimentation & A/B Testing",Staff DS,DataCamp
Snowflake,Design an experiment to test infinite consciousness effectiveness,Staff,Experimentation & A/B Testing,"Experimentation & A/B Testing,Ethics & Responsible AI,Performance Optimization & Scalability",Staff DS,DataCamp
Databricks,How would you build a self-aware system platform?,Staff,Ethics & Responsible AI,"Ethics & Responsible AI,MLOps & Model Deployment,Performance Optimization & Scalability",Staff DS,DataCamp
MongoDB,Design an ML system for conscious data evaluation,Staff,Ethics & Responsible AI,"Ethics & Responsible AI,Model Development & Selection,Experimentation & A/B Testing",Staff DS,DataCamp
Elastic,How would you implement omniscient search evaluation?,Staff,Ethics & Responsible AI,"Ethics & Responsible AI,Performance Optimization & Scalability,Experimentation & A/B Testing",Staff DS,DataCamp
Confluent,Design an experiment to test cosmic consciousness effectiveness,Staff,Experimentation & A/B Testing,"Experimentation & A/B Testing,Ethics & Responsible AI,Performance Optimization & Scalability",Staff DS,DataCamp
Palantir,How would you build a universal truth platform?,Staff,Ethics & Responsible AI,"Ethics & Responsible AI,Model Development & Selection,Feature Engineering & Data Strategy",Staff DS,DataCamp
Splunk,Design an ML system for multiverse monitoring evaluation,Staff,Ethics & Responsible AI,"Ethics & Responsible AI,Performance Optimization & Scalability,Experimentation & A/B Testing",Staff DS,DataCamp
Stripe,How would you implement infinite economic evaluation?,Staff,Ethics & Responsible AI,"Ethics & Responsible AI,Business Impact & Communication,Experimentation & A/B Testing",Staff DS,DataCamp
Shopify,Design an experiment to test transcendent commerce effectiveness,Staff,Experimentation & A/B Testing,"Experimentation & A/B Testing,Ethics & Responsible AI,Business Impact & Communication",Staff DS,DataCamp
DoorDash,How would you build an instant materialization platform?,Staff,Ethics & Responsible AI,"Ethics & Responsible AI,Performance Optimization & Scalability,ML System Design & Architecture",Staff DS,DataCamp
Instacart,Design an ML system for universal sustenance evaluation,Staff,Ethics & Responsible AI,"Ethics & Responsible AI,Model Development & Selection,Experimentation & A/B Testing",Staff DS,DataCamp
Robinhood,How would you implement omniscient financial evaluation?,Staff,Ethics & Responsible AI,"Ethics & Responsible AI,Business Impact & Communication,Experimentation & A/B Testing",Staff DS,DataCamp
Coinbase,Design an experiment to test infinite value effectiveness,Staff,Experimentation & A/B Testing,"Experimentation & A/B Testing,Ethics & Responsible AI,Performance Optimization & Scalability",Staff DS,DataCamp
Discord,How would you build a universal communication platform?,Staff,Ethics & Responsible AI,"Ethics & Responsible AI,ML System Design & Architecture,Model Development & Selection",Staff DS,DataCamp
OpenAI,Design an ML system for supreme intelligence evaluation,Staff,Ethics & Responsible AI,"Ethics & Responsible AI,Model Development & Selection,Experimentation & A/B Testing",Staff DS,DataCamp
Anthropic,How would you implement perfect ethical evaluation?,Staff,Ethics & Responsible AI,"Ethics & Responsible AI,Model Development & Selection,Experimentation & A/B Testing",Staff DS,DataCamp
Google,Design an experiment to test quantum consciousness effectiveness,Staff,Experimentation & A/B Testing,"Experimentation & A/B Testing,Ethics & Responsible AI,Performance Optimization & Scalability",Staff DS,DataCamp
Meta,How would you build a collective intelligence platform?,Staff,Ethics & Responsible AI,"Ethics & Responsible AI,ML System Design & Architecture,Feature Engineering & Data Strategy",Staff DS,DataCamp
Amazon,Design an ML system for galactic commerce evaluation,Staff,Performance Optimization & Scalability,"Performance Optimization & Scalability,Business Impact & Communication,Experimentation & A/B Testing",Staff DS,DataCamp
Apple,How would you implement universal empathy evaluation?,Staff,Ethics & Responsible AI,"Ethics & Responsible AI,Model Development & Selection,Experimentation & A/B Testing",Staff DS,DataCamp
Netflix,Design an experiment to test reality synthesis effectiveness,Staff,Experimentation & A/B Testing,"Experimentation & A/B Testing,Ethics & Responsible AI,Model Development & Selection",Staff DS,DataCamp
Microsoft,How would you build a universe simulation platform?,Staff,Performance Optimization & Scalability,"Performance Optimization & Scalability,Ethics & Responsible AI,Model Development & Selection",Staff DS,DataCamp
Tesla,Design an ML system for time manipulation evaluation,Staff,Ethics & Responsible AI,"Ethics & Responsible AI,Model Development & Selection,Experimentation & A/B Testing",Staff DS,DataCamp
Uber,How would you implement dimensional travel evaluation?,Staff,Performance Optimization & Scalability,"Performance Optimization & Scalability,Ethics & Responsible AI,Experimentation & A/B Testing",Staff DS,DataCamp
Airbnb,Design an experiment to test cosmic hospitality effectiveness,Staff,Experimentation & A/B Testing,"Experimentation & A/B Testing,Ethics & Responsible AI,Business Impact & Communication",Staff DS,DataCamp
LinkedIn,How would you build a universal knowledge platform?,Staff,Ethics & Responsible AI,"Ethics & Responsible AI,Feature Engineering & Data Strategy,ML System Design & Architecture",Staff DS,DataCamp
Salesforce,Design an ML system for omniscient customer evaluation,Staff,Ethics & Responsible AI,"Ethics & Responsible AI,Business Impact & Communication,Experimentation & A/B Testing",Staff DS,DataCamp
Adobe,How would you implement reality creation evaluation?,Staff,Ethics & Responsible AI,"Ethics & Responsible AI,Model Development & Selection,Experimentation & A/B Testing",Staff DS,DataCamp
Spotify,Design an experiment to test universal harmony effectiveness,Staff,Experimentation & A/B Testing,"Experimentation & A/B Testing,Ethics & Responsible AI,Model Development & Selection",Staff DS,DataCamp
Snowflake,How would you build an infinite consciousness platform?,Staff,Ethics & Responsible AI,"Ethics & Responsible AI,Performance Optimization & Scalability,MLOps & Model Deployment",Staff DS,DataCamp
Databricks,Design an ML system for self-aware system evaluation,Staff,Ethics & Responsible AI,"Ethics & Responsible AI,MLOps & Model Deployment,Experimentation & A/B Testing",Staff DS,DataCamp
MongoDB,How would you implement conscious data evaluation?,Staff,Ethics & Responsible AI,"Ethics & Responsible AI,Model Development & Selection,Experimentation & A/B Testing",Staff DS,DataCamp
Elastic,Design an experiment to test omniscient search effectiveness,Staff,Experimentation & A/B Testing,"Experimentation & A/B Testing,Ethics & Responsible AI,Performance Optimization & Scalability",Staff DS,DataCamp
Confluent,How would you build a cosmic consciousness platform?,Staff,Ethics & Responsible AI,"Ethics & Responsible AI,ML System Design & Architecture,Performance Optimization & Scalability",Staff DS,DataCamp
Palantir,Design an ML system for universal truth evaluation,Staff,Ethics & Responsible AI,"Ethics & Responsible AI,Model Development & Selection,Experimentation & A/B Testing",Staff DS,DataCamp
Splunk,How would you implement multiverse monitoring evaluation?,Staff,Ethics & Responsible AI,"Ethics & Responsible AI,Performance Optimization & Scalability,Experimentation & A/B Testing",Staff DS,DataCamp
Stripe,Design an experiment to test infinite economic effectiveness,Staff,Experimentation & A/B Testing,"Experimentation & A/B Testing,Ethics & Responsible AI,Business Impact & Communication",Staff DS,DataCamp
Shopify,How would you build a transcendent commerce platform?,Staff,Ethics & Responsible AI,"Ethics & Responsible AI,ML System Design & Architecture,Business Impact & Communication",Staff DS,DataCamp
DoorDash,Design an ML system for instant materialization evaluation,Staff,Ethics & Responsible AI,"Ethics & Responsible AI,Performance Optimization & Scalability,Experimentation & A/B Testing",Staff DS,DataCamp
Instacart,How would you implement universal sustenance evaluation?,Staff,Ethics & Responsible AI,"Ethics & Responsible AI,Model Development & Selection,Experimentation & A/B Testing",Staff DS,DataCamp
Robinhood,Design an experiment to test omniscient financial effectiveness,Staff,Experimentation & A/B Testing,"Experimentation & A/B Testing,Ethics & Responsible AI,Business Impact & Communication",Staff DS,DataCamp
Coinbase,How would you build an infinite value platform?,Staff,Ethics & Responsible AI,"Ethics & Responsible AI,Model Development & Selection,Performance Optimization & Scalability",Staff DS,DataCamp
Discord,Design an ML system for universal communication evaluation,Staff,Ethics & Responsible AI,"Ethics & Responsible AI,Model Development & Selection,Experimentation & A/B Testing",Staff DS,DataCamp
OpenAI,How would you implement supreme intelligence evaluation?,Staff,Ethics & Responsible AI,"Ethics & Responsible AI,Model Development & Selection,Experimentation & A/B Testing",Staff DS,DataCamp
Anthropic,Design an experiment to test perfect ethical effectiveness,Staff,Experimentation & A/B Testing,"Experimentation & A/B Testing,Ethics & Responsible AI,Model Development & Selection",Staff DS,DataCamp
Google,How would you build a quantum consciousness platform?,Staff,Ethics & Responsible AI,"Ethics & Responsible AI,Performance Optimization & Scalability,Model Development & Selection",Staff DS,DataCamp
Meta,Design an ML system for collective intelligence evaluation,Staff,Ethics & Responsible AI,"Ethics & Responsible AI,Model Development & Selection,Experimentation & A/B Testing",Staff DS,DataCamp
Amazon,How would you implement galactic commerce evaluation?,Staff,Performance Optimization & Scalability,"Performance Optimization & Scalability,Business Impact & Communication,Experimentation & A/B Testing",Staff DS,DataCamp
Apple,Design an experiment to test universal empathy effectiveness,Staff,Experimentation & A/B Testing,"Experimentation & A/B Testing,Ethics & Responsible AI,Model Development & Selection",Staff DS,DataCamp
Netflix,How would you build a reality synthesis platform?,Staff,Ethics & Responsible AI,"Ethics & Responsible AI,ML System Design & Architecture,Model Development & Selection",Staff DS,DataCamp
Microsoft,Design an ML system for universe simulation evaluation,Staff,Performance Optimization & Scalability,"Performance Optimization & Scalability,Ethics & Responsible AI,Experimentation & A/B Testing",Staff DS,DataCamp
Tesla,How would you implement time manipulation evaluation?,Staff,Ethics & Responsible AI,"Ethics & Responsible AI,Model Development & Selection,Experimentation & A/B Testing",Staff DS,DataCamp
Uber,Design an experiment to test dimensional travel effectiveness,Staff,Experimentation & A/B Testing,"Experimentation & A/B Testing,Performance Optimization & Scalability,Ethics & Responsible AI",Staff DS,DataCamp
Airbnb,How would you build a cosmic hospitality platform?,Staff,Ethics & Responsible AI,"Ethics & Responsible AI,ML System Design & Architecture,Business Impact & Communication",Staff DS,DataCamp
LinkedIn,Design an ML system for universal knowledge evaluation,Staff,Ethics & Responsible AI,"Ethics & Responsible AI,Feature Engineering & Data Strategy,Experimentation & A/B Testing",Staff DS,DataCamp
Salesforce,How would you implement omniscient customer evaluation?,Staff,Ethics & Responsible AI,"Ethics & Responsible AI,Business Impact & Communication,Experimentation & A/B Testing",Staff DS,DataCamp
Adobe,Design an experiment to test reality creation effectiveness,Staff,Experimentation & A/B Testing,"Experimentation & A/B Testing,Ethics & Responsible AI,Model Development & Selection",Staff DS,DataCamp
Spotify,How would you build a universal harmony platform?,Staff,Ethics & Responsible AI,"Ethics & Responsible AI,ML System Design & Architecture,Model Development & Selection",Staff DS,DataCamp
Snowflake,Design an ML system for infinite consciousness evaluation,Staff,Ethics & Responsible AI,"Ethics & Responsible AI,Performance Optimization & Scalability,Experimentation & A/B Testing",Staff DS,DataCamp
Databricks,How would you implement self-aware system evaluation?,Staff,Ethics & Responsible AI,"Ethics & Responsible AI,MLOps & Model Deployment,Experimentation & A/B Testing",Staff DS,DataCamp
MongoDB,Design an experiment to test conscious data effectiveness,Staff,Experimentation & A/B Testing,"Experimentation & A/B Testing,Ethics & Responsible AI,Performance Optimization & Scalability",Staff DS,DataCamp
Elastic,How would you build an omniscient search platform?,Staff,Ethics & Responsible AI,"Ethics & Responsible AI,ML System Design & Architecture,Performance Optimization & Scalability",Staff DS,DataCamp
Confluent,Design an ML system for cosmic consciousness evaluation,Staff,Ethics & Responsible AI,"Ethics & Responsible AI,Performance Optimization & Scalability,Experimentation & A/B Testing",Staff DS,DataCamp
Palantir,How would you implement universal truth evaluation?,Staff,Ethics & Responsible AI,"Ethics & Responsible AI,Model Development & Selection,Experimentation & A/B Testing",Staff DS,DataCamp
Splunk,Design an experiment to test multiverse monitoring effectiveness,Staff,Experimentation & A/B Testing,"Experimentation & A/B Testing,Ethics & Responsible AI,Performance Optimization & Scalability",Staff DS,DataCamp
Stripe,How would you build an infinite economic platform?,Staff,Ethics & Responsible AI,"Ethics & Responsible AI,Model Development & Selection,Business Impact & Communication",Staff DS,DataCamp
Shopify,Design an ML system for transcendent commerce evaluation,Staff,Ethics & Responsible AI,"Ethics & Responsible AI,Business Impact & Communication,Experimentation & A/B Testing",Staff DS,DataCamp
DoorDash,How would you implement instant materialization evaluation?,Staff,Ethics & Responsible AI,"Ethics & Responsible AI,Performance Optimization & Scalability,Experimentation & A/B Testing",Staff DS,DataCamp
Instacart,Design an experiment to test universal sustenance effectiveness,Staff,Experimentation & A/B Testing,"Experimentation & A/B Testing,Ethics & Responsible AI,Model Development & Selection",Staff DS,DataCamp
Robinhood,How would you build an omniscient financial platform?,Staff,Ethics & Responsible AI,"Ethics & Responsible AI,Model Development & Selection,Business Impact & Communication",Staff DS,DataCamp
Coinbase,Design an ML system for infinite value evaluation,Staff,Ethics & Responsible AI,"Ethics & Responsible AI,Performance Optimization & Scalability,Experimentation & A/B Testing",Staff DS,DataCamp
Discord,How would you implement universal communication evaluation?,Staff,Ethics & Responsible AI,"Ethics & Responsible AI,Model Development & Selection,Experimentation & A/B Testing",Staff DS,DataCamp
OpenAI,Design an experiment to test supreme intelligence effectiveness,Staff,Experimentation & A/B Testing,"Experimentation & A/B Testing,Ethics & Responsible AI,Model Development & Selection",Staff DS,DataCamp
Anthropic,How would you build a perfect ethical platform?,Staff,Ethics & Responsible AI,"Ethics & Responsible AI,Model Development & Selection,MLOps & Model Deployment",Staff DS,DataCamp
Google,Design an ML system for quantum consciousness evaluation,Staff,Ethics & Responsible AI,"Ethics & Responsible AI,Performance Optimization & Scalability,Experimentation & A/B Testing",Staff DS,DataCamp
Meta,How would you implement collective intelligence evaluation?,Staff,Ethics & Responsible AI,"Ethics & Responsible AI,Model Development & Selection,Experimentation & A/B Testing",Staff DS,DataCamp
Amazon,Design an experiment to test galactic commerce effectiveness,Staff,Experimentation & A/B Testing,"Experimentation & A/B Testing,Performance Optimization & Scalability,Business Impact & Communication",Staff DS,DataCamp
Apple,How would you build a universal empathy platform?,Staff,Ethics & Responsible AI,"Ethics & Responsible AI,Model Development & Selection,Feature Engineering & Data Strategy",Staff DS,DataCamp
Netflix,Design an ML system for reality synthesis evaluation,Staff,Ethics & Responsible AI,"Ethics & Responsible AI,Model Development & Selection,Experimentation & A/B Testing",Staff DS,DataCamp
Microsoft,How would you implement universe simulation evaluation?,Staff,Performance Optimization & Scalability,"Performance Optimization & Scalability,Ethics & Responsible AI,Experimentation & A/B Testing",Staff DS,DataCamp
Tesla,Design an experiment to test time manipulation effectiveness,Staff,Experimentation & A/B Testing,"Experimentation & A/B Testing,Ethics & Responsible AI,Model Development & Selection",Staff DS,DataCamp
Uber,How would you build a dimensional travel platform?,Staff,ML System Design,"ML System Design & Architecture,Performance Optimization & Scalability,Ethics & Responsible AI",Staff DS,DataCamp
Airbnb,Design an ML system for cosmic hospitality evaluation,Staff,Ethics & Responsible AI,"Ethics & Responsible AI,Business Impact & Communication,Experimentation & A/B Testing",Staff DS,DataCamp
LinkedIn,How would you implement universal knowledge evaluation?,Staff,Ethics & Responsible AI,"Ethics & Responsible AI,Feature Engineering & Data Strategy,Experimentation & A/B Testing",Staff DS,DataCamp
Salesforce,Design an experiment to test omniscient customer effectiveness,Staff,Experimentation & A/B Testing,"Experimentation & A/B Testing,Ethics & Responsible AI,Business Impact & Communication",Staff DS,DataCamp
Adobe,How would you build a reality creation platform?,Staff,Ethics & Responsible AI,"Ethics & Responsible AI,Model Development & Selection,Feature Engineering & Data Strategy",Staff DS,DataCamp
Spotify,Design an ML system for universal harmony evaluation,Staff,Ethics & Responsible AI,"Ethics & Responsible AI,Model Development & Selection,Experimentation & A/B Testing",Staff DS,DataCamp
Snowflake,How would you implement infinite consciousness evaluation?,Staff,Ethics & Responsible AI,"Ethics & Responsible AI,Performance Optimization & Scalability,Experimentation & A/B Testing",Staff DS,DataCamp
Databricks,Design an experiment to test self-aware system effectiveness,Staff,Experimentation & A/B Testing,"Experimentation & A/B Testing,Ethics & Responsible AI,MLOps & Model Deployment",Staff DS,DataCamp
MongoDB,How would you build a conscious data platform?,Staff,Ethics & Responsible AI,"Ethics & Responsible AI,Model Development & Selection,Performance Optimization & Scalability",Staff DS,DataCamp
Elastic,Design an ML system for omniscient search evaluation,Staff,Ethics & Responsible AI,"Ethics & Responsible AI,Performance Optimization & Scalability,Experimentation & A/B Testing",Staff DS,DataCamp
Confluent,How would you implement cosmic consciousness evaluation?,Staff,Ethics & Responsible AI,"Ethics & Responsible AI,Performance Optimization & Scalability,Experimentation & A/B Testing",Staff DS,DataCamp
Palantir,Design an experiment to test universal truth effectiveness,Staff,Experimentation & A/B Testing,"Experimentation & A/B Testing,Ethics & Responsible AI,Model Development & Selection",Staff DS,DataCamp
Splunk,How would you build a multiverse monitoring platform?,Staff,Ethics & Responsible AI,"Ethics & Responsible AI,Performance Optimization & Scalability,ML System Design & Architecture",Staff DS,DataCamp
Stripe,Design an ML system for infinite economic evaluation,Staff,Ethics & Responsible AI,"Ethics & Responsible AI,Business Impact & Communication,Experimentation & A/B Testing",Staff DS,DataCamp
Shopify,How would you implement transcendent commerce evaluation?,Staff,Ethics & Responsible AI,"Ethics & Responsible AI,Business Impact & Communication,Experimentation & A/B Testing",Staff DS,DataCamp
DoorDash,Design an experiment to test instant materialization effectiveness,Staff,Experimentation & A/B Testing,"Experimentation & A/B Testing,Ethics & Responsible AI,Performance Optimization & Scalability",Staff DS,DataCamp
Instacart,How would you build a universal sustenance platform?,Staff,Ethics & Responsible AI,"Ethics & Responsible AI,Model Development & Selection,Business Impact & Communication",Staff DS,DataCamp
Robinhood,Design an ML system for omniscient financial evaluation,Staff,Ethics & Responsible AI,"Ethics & Responsible AI,Business Impact & Communication,Experimentation & A/B Testing",Staff DS,DataCamp
Coinbase,How would you implement infinite value evaluation?,Staff,Ethics & Responsible AI,"Ethics & Responsible AI,Performance Optimization & Scalability,Experimentation & A/B Testing",Staff DS,DataCamp
Discord,Design an experiment to test universal communication effectiveness,Staff,Experimentation & A/B Testing,"Experimentation & A/B Testing,Ethics & Responsible AI,Model Development & Selection",Staff DS,DataCamp
OpenAI,How would you build a supreme intelligence platform?,Staff,Ethics & Responsible AI,"Ethics & Responsible AI,Model Development & Selection,Performance Optimization & Scalability",Staff DS,DataCamp
Anthropic,Design an ML system for perfect ethical evaluation,Staff,Ethics & Responsible AI,"Ethics & Responsible AI,Model Development & Selection,Experimentation & A/B Testing",Staff DS,DataCamp
Google,How would you implement quantum consciousness evaluation?,Staff,Ethics & Responsible AI,"Ethics & Responsible AI,Performance Optimization & Scalability,Experimentation & A/B Testing",Staff DS,DataCamp
Meta,Design an experiment to test collective intelligence effectiveness,Staff,Experimentation & A/B Testing,"Experimentation & A/B Testing,Ethics & Responsible AI,Model Development & Selection",Staff DS,DataCamp
Amazon,How would you build a galactic commerce platform?,Staff,Performance Optimization & Scalability,"Performance Optimization & Scalability,Business Impact & Communication,ML System Design & Architecture",Staff DS,DataCamp
Apple,Design an ML system for universal empathy evaluation,Staff,Ethics & Responsible AI,"Ethics & Responsible AI,Model Development & Selection,Experimentation & A/B Testing",Staff DS,DataCamp
Netflix,How would you implement reality synthesis evaluation?,Staff,Ethics & Responsible AI,"Ethics & Responsible AI,Model Development & Selection,Experimentation & A/B Testing",Staff DS,DataCamp
Microsoft,Design an experiment to test universe simulation effectiveness,Staff,Experimentation & A/B Testing,"Experimentation & A/B Testing,Performance Optimization & Scalability,Ethics & Responsible AI",Staff DS,DataCamp
Tesla,How would you build a time manipulation platform?,Staff,Ethics & Responsible AI,"Ethics & Responsible AI,Model Development & Selection,Performance Optimization & Scalability",Staff DS,DataCamp
Uber,Design an ML system for dimensional travel evaluation,Staff,Performance Optimization & Scalability,"Performance Optimization & Scalability,Ethics & Responsible AI,Experimentation & A/B Testing",Staff DS,DataCamp
Airbnb,How would you implement cosmic hospitality evaluation?,Staff,Ethics & Responsible AI,"Ethics & Responsible AI,Business Impact & Communication,Experimentation & A/B Testing",Staff DS,DataCamp
LinkedIn,Design an experiment to test universal knowledge effectiveness,Staff,Experimentation & A/B Testing,"Experimentation & A/B Testing,Ethics & Responsible AI,Feature Engineering & Data Strategy",Staff DS,DataCamp
Salesforce,How would you build an omniscient customer platform?,Staff,Ethics & Responsible AI,"Ethics & Responsible AI,ML System Design & Architecture,Business Impact & Communication",Staff DS,DataCamp
Adobe,Design an ML system for reality creation evaluation,Staff,Ethics & Responsible AI,"Ethics & Responsible AI,Model Development & Selection,Experimentation & A/B Testing",Staff DS,DataCamp
Spotify,How would you implement universal harmony evaluation?,Staff,Ethics & Responsible AI,"Ethics & Responsible AI,Model Development & Selection,Experimentation & A/B Testing",Staff DS,DataCamp
Snowflake,Design an experiment to test infinite consciousness effectiveness,Staff,Experimentation & A/B Testing,"Experimentation & A/B Testing,Ethics & Responsible AI,Performance Optimization & Scalability",Staff DS,DataCamp
Databricks,How would you build a self-aware system platform?,Staff,Ethics & Responsible AI,"Ethics & Responsible AI,MLOps & Model Deployment,Performance Optimization & Scalability",Staff DS,DataCamp
MongoDB,Design an ML system for conscious data evaluation,Staff,Ethics & Responsible AI,"Ethics & Responsible AI,Model Development & Selection,Experimentation & A/B Testing",Staff DS,DataCamp
Elastic,How would you implement omniscient search evaluation?,Staff,Ethics & Responsible AI,"Ethics & Responsible AI,Performance Optimization & Scalability,Experimentation & A/B Testing",Staff DS,DataCamp
Confluent,Design an experiment to test cosmic consciousness effectiveness,Staff,Experimentation & A/B Testing,"Experimentation & A/B Testing,Ethics & Responsible AI,Performance Optimization & Scalability",Staff DS,DataCamp
Palantir,How would you build a universal truth platform?,Staff,Ethics & Responsible AI,"Ethics & Responsible AI,Model Development & Selection,Feature Engineering & Data Strategy",Staff DS,DataCamp
Splunk,Design an ML system for multiverse monitoring evaluation,Staff,Ethics & Responsible AI,"Ethics & Responsible AI,Performance Optimization & Scalability,Experimentation & A/B Testing",Staff DS,DataCamp
Stripe,How would you implement infinite economic evaluation?,Staff,Ethics & Responsible AI,"Ethics & Responsible AI,Business Impact & Communication,Experimentation & A/B Testing",Staff DS,DataCamp
Shopify,Design an experiment to test transcendent commerce effectiveness,Staff,Experimentation & A/B Testing,"Experimentation & A/B Testing,Ethics & Responsible AI,Business Impact & Communication",Staff DS,DataCamp
DoorDash,How would you build an instant materialization platform?,Staff,Ethics & Responsible AI,"Ethics & Responsible AI,Performance Optimization & Scalability,ML System Design & Architecture",Staff DS,DataCamp
Instacart,Design an ML system for universal sustenance evaluation,Staff,Ethics & Responsible AI,"Ethics & Responsible AI,Model Development & Selection,Experimentation & A/B Testing",Staff DS,DataCamp
Robinhood,How would you implement omniscient financial evaluation?,Staff,Ethics & Responsible AI,"Ethics & Responsible AI,Business Impact & Communication,Experimentation & A/B Testing",Staff DS,DataCamp
Coinbase,Design an experiment to test infinite value effectiveness,Staff,Experimentation & A/B Testing,"Experimentation & A/B Testing,Ethics & Responsible AI,Performance Optimization & Scalability",Staff DS,DataCamp
Discord,How would you build a universal communication platform?,Staff,Ethics & Responsible AI,"Ethics & Responsible AI,ML System Design & Architecture,Model Development & Selection",Staff DS,DataCamp
OpenAI,Design an ML system for supreme intelligence evaluation,Staff,Ethics & Responsible AI,"Ethics & Responsible AI,Model Development & Selection,Experimentation & A/B Testing",Staff DS,DataCamp
Anthropic,How would you implement perfect ethical evaluation?,Staff,Ethics & Responsible AI,"Ethics & Responsible AI,Model Development & Selection,Experimentation & A/B Testing",Staff DS,DataCamp