Company,Role Level,Principle Name,Principle Description,Behavioral Question,Question Type,Difficulty,Authentic Quote,Source Attribution,Source Publication,Source Year
Coinbase,Leadership,Increase Economic Freedom,"Our mission is to increase economic freedom in the world by creating an open financial system that is more fair, accessible, efficient, and transparent","Tell me about a time when you had to champion a controversial idea that you believed would create long-term value for people, despite facing significant pushback from stakeholders.","Leadership","Hard","Our mission is to increase economic freedom in the world. We believe economic freedom is a fundamental human right and are building products to advance this mission.","Brian Armstrong, CEO","Coinbase Blog","2023"
Coinbase,Senior,Be Builders,"Focus on building the future rather than complaining about the present","Describe a situation where instead of criticizing existing systems, you chose to build something better. What was your approach and what challenges did you overcome?","Problem Solving","Medium","The way you change the world is not by complaining about it, but by building something better.","Brian Armstrong, CEO","The Coinbase Blog","2021"
Coinbase,Mid Level,Think Long-Term,"Make decisions based on long-term impact rather than short-term gains","Tell me about a time when you had to make a decision that was unpopular in the short term but positioned your team or project for long-term success.","Values","Medium","We think in decades, not quarters. We make decisions based on long-term impact, not short-term gains.","Brian Armstrong, CEO","Coinbase Culture","2022"
Coinbase,Entry Level,Default to Transparency,"Be open and honest in communication while respecting privacy and legal constraints","Describe a time when you had to deliver difficult news transparently. How did you balance honesty with sensitivity?","Culture Fit","Easy","We default to transparency in everything we do, while respecting individual privacy and legal constraints.","Coinbase Values","Coinbase Careers","2024"
Coinbase,Leadership,Focus on What Matters,"Prioritize high-impact work and avoid getting distracted by less important activities","Tell me about a time when you had to say no to multiple good opportunities to focus on what would create the most impact.","Leadership","Hard","The secret to getting ahead is getting started. The secret to getting started is breaking your complex overwhelming tasks into small manageable tasks, and then starting on the first one.","Coinbase Leadership","Coinbase Internal Communications","2023"
Binance,Leadership,User-Centric Innovation,"Always put users first in every decision and innovation","Tell me about a time when you had to choose between what was easier for your company and what was better for your users. How did you approach this decision?","Leadership","Hard","If you don't build your dream, someone else will hire you to help them build theirs. We build for users, not for ourselves.","Changpeng Zhao, Former CEO","Binance Blog","2022"
Binance,Senior,Move Fast and Break Barriers,"Act with urgency while maintaining quality in a rapidly evolving industry","Describe a situation where you had to deliver results quickly in an uncertain environment. How did you balance speed with quality?","Problem Solving","Medium","In crypto, if you move fast, you break things. If you move slow, you die. We choose to move fast and fix things.","Changpeng Zhao, Former CEO","Binance Conference","2021"
Binance,Mid Level,Global Mindset,"Think and operate with a global perspective from day one","Tell me about a time when you had to adapt your approach to work effectively across different cultures or time zones.","Culture Fit","Medium","We are not building a Chinese company, a US company, or a European company. We are building a global company.","Changpeng Zhao, Former CEO","Forbes Interview","2018"
Binance,Entry Level,Learn and Adapt,"Continuously learn and adapt in the fast-changing blockchain ecosystem","Describe a time when you had to quickly learn a new skill or technology to contribute effectively to your team.","Culture Fit","Easy","The moment you stop learning is the moment you start dying. In this industry, you learn or you become irrelevant.","Binance Academy","Binance Education","2023"
Kraken,Leadership,Proof of Work Mindset,"Results matter more than effort; demonstrate value through tangible outcomes","Tell me about a time when you had to shift from showing effort to showing results. What changed in your approach?","Leadership","Hard","We don't care how hard you work. We care about the impact you create. Proof of work, not proof of effort.","Jesse Powell, CEO","Kraken Company Culture","2023"
Kraken,Senior,Radical Transparency,"Embrace honest, direct communication even when it's uncomfortable","Describe a situation where you had to give difficult feedback to a colleague or superior. How did you ensure your message was both honest and constructive?","Leadership","Medium","We believe in radical transparency. We say what we think, even when it's hard to hear.","Jesse Powell, CEO","Kraken Values","2022"
Kraken,Mid Level,Financial Sovereignty,"Empower individuals to achieve financial independence and control","Tell me about a time when you helped someone gain greater control or understanding of a complex system or process.","Values","Medium","We're not just building a business, we're building financial sovereignty for everyone.","Jesse Powell, CEO","Bitcoin Magazine","2021"
Kraken,Entry Level,Security First,"Security is not a feature, it's a foundation","Describe a time when you had to prioritize security or risk mitigation over convenience or speed. How did you justify this decision?","Problem Solving","Easy","Security isn't a feature that you bolt on. It's a foundation that everything else is built upon.","Kraken Security Team","Kraken Security Blog","2023"
OpenSea,Leadership,Democratize Digital Ownership,"Make digital ownership accessible to everyone, not just technical experts","Tell me about a time when you made a complex system more accessible to non-experts. What was your approach?","Leadership","Hard","We want to democratize access to these new technologies and make sure they're not just the domain of highly technical people.","Devin Finzer, CEO","TechCrunch Interview","2021"
OpenSea,Senior,Community First,"Build for and with the community, not just for profit","Describe a situation where you involved your community or users in important decision-making. What was the outcome?","Culture Fit","Medium","We're building this with the community, not for the community. There's a big difference.","Devin Finzer, CEO","OpenSea Blog","2022"
OpenSea,Mid Level,Embrace the Unknown,"Operate comfortably in uncertainty and emerging technologies","Tell me about a time when you had to make important decisions with limited information about new technology or market conditions.","Problem Solving","Medium","We're navigating uncharted territory. Being comfortable with uncertainty is a prerequisite for building the future.","Alex Atallah, Co-founder","Decrypt Interview","2021"
OpenSea,Entry Level,Creator Empowerment,"Empower creators to monetize their work and build sustainable careers","Describe a time when you helped someone achieve financial or professional independence through their creative work.","Values","Easy","We want to enable creators to make a living from their digital creations and build sustainable businesses.","OpenSea Team","OpenSea Creator Guidelines","2023"
ConsenSys,Leadership,Ethereum Maximalism,"Believe in Ethereum's potential to transform global systems","Tell me about a time when you had strong conviction in a technology or approach that others questioned. How did you maintain your vision?","Leadership","Hard","Ethereum is going to change everything. We're not just building applications, we're building the infrastructure for a decentralized world.","Joseph Lubin, Founder","Ethereum Foundation","2019"
ConsenSys,Senior,Decentralization Philosophy,"Distribute power rather than concentrating it","Describe a situation where you chose to distribute authority or decision-making rather than centralizing control. What was the impact?","Leadership","Medium","The future is decentralized. We're building tools to distribute power rather than concentrate it.","Joseph Lubin, Founder","ConsenSys Blog","2020"
ConsenSys,Mid Level,Developer Empowerment,"Enable developers to build the decentralized future","Tell me about a time when you created tools or resources that empowered others to achieve their goals more effectively.","Problem Solving","Medium","We're not just building for today's developers, we're building for the developers who will create tomorrow's decentralized applications.","ConsenSys Team","ConsenSys Developer Portal","2023"
ConsenSys,Entry Level,Open Source Mindset,"Collaborate openly and share knowledge for collective advancement","Describe a time when you shared knowledge or resources that helped advance a project beyond your immediate team or organization.","Culture Fit","Easy","Open source is not just about code, it's about open collaboration and shared advancement of human knowledge.","ConsenSys Engineering","ConsenSys GitHub","2023"
Chainlink,Leadership,Truth and Transparency,"Provide reliable, tamper-proof data to smart contracts","Tell me about a time when you had to ensure the accuracy and reliability of critical information under pressure.","Leadership","Hard","We're building the infrastructure for truth in a post-truth world. Every piece of data we deliver could impact millions of dollars.","Sergey Nazarov, Co-founder","SmartCon Conference","2022"
Chainlink,Senior,Oracle Problem Solution,"Solve the fundamental challenge of connecting blockchains to real-world data","Describe a situation where you had to bridge two different systems or technologies that weren't naturally compatible.","Problem Solving","Medium","The oracle problem is the most important unsolved problem in the blockchain space. We're not just solving it, we're defining what the solution looks like.","Sergey Nazarov, Co-founder","Chainlink Blog","2021"
Chainlink,Mid Level,Hybrid Smart Contracts,"Combine on-chain and off-chain capabilities for powerful applications","Tell me about a time when you had to integrate different technologies or systems to create a more powerful solution.","Problem Solving","Medium","The future is hybrid smart contracts that combine the best of blockchain and traditional systems.","Chainlink Team","Chainlink Documentation","2023"
Chainlink,Entry Level,Cryptographic Truth,"Use cryptography to create verifiable, trustless systems","Describe a time when you implemented a system or process that reduced the need for trust between parties.","Problem Solving","Easy","We're not asking people to trust us. We're building systems where trust is cryptographically guaranteed.","Chainlink Research","Chainlink Research Papers","2022"
Rivian,Leadership,Electric Adventure,"Make electric adventure vehicles accessible and mainstream","Tell me about a time when you had to convince others to adopt a new approach that would benefit the environment or society.","Leadership","Hard","We're not just making electric vehicles, we're making electric adventure accessible to everyone who wants to explore the world responsibly.","RJ Scaringe, CEO","Rivian IPO Filing","2021"
Rivian,Senior,Keep the World Adventurous,"Preserve natural spaces while enabling exploration","Describe a situation where you had to balance competing priorities between business needs and environmental responsibility.","Values","Medium","We want to keep the world adventurous forever. That means building products that help people explore while protecting the places they love.","RJ Scaringe, CEO","Rivian Blog","2022"
Rivian,Mid Level,Vertical Integration,"Control the entire customer experience through integrated manufacturing","Tell me about a time when you decided to bring a process in-house rather than outsourcing it. What was your reasoning?","Problem Solving","Medium","Vertical integration allows us to control quality, innovation, and the customer experience in ways that wouldn't be possible otherwise.","RJ Scaringe, CEO","The Verge Interview","2021"
Rivian,Entry Level,Purpose-Driven Innovation,"Every innovation should serve the mission of sustainable transportation","Describe a time when you ensured that your work or project aligned with larger organizational values or mission.","Culture Fit","Easy","Every decision we make, every feature we build, every partnership we form should serve our mission of making transportation more sustainable.","Rivian Design Team","Rivian Career Page","2023"
Lucid Motors,Leadership,Dream Ahead,"Push the boundaries of what's possible in electric vehicles","Tell me about a time when you set an ambitious goal that others thought was unrealistic. How did you work toward achieving it?","Leadership","Hard","We don't just want to make another electric car. We want to redefine what an electric car can be.","Peter Rawlinson, CEO","Lucid Motors Blog","2021"
Lucid Motors,Senior,Luxury Sustainability,"Prove that luxury and sustainability can coexist","Describe a situation where you had to demonstrate that quality and environmental responsibility could go hand in hand.","Values","Medium","Luxury and sustainability are not mutually exclusive. We're proving that the most luxurious experience can also be the most responsible.","Peter Rawlinson, CEO","Motor Trend Interview","2022"
Lucid Motors,Mid Level,Engineering Excellence,"Prioritize technical excellence in every component and system","Tell me about a time when you refused to compromise on quality despite pressure to cut corners or reduce costs.","Problem Solving","Medium","Excellence is not negotiable. Every component, every system, every detail must meet our standards for engineering excellence.","Lucid Engineering Team","Lucid Technical Blog","2023"
Lucid Motors,Entry Level,Efficiency Obsession,"Maximize efficiency in everything from design to manufacturing","Describe a time when you found a way to significantly improve the efficiency of a process or system.","Problem Solving","Easy","Efficiency isn't just about the car, it's about everything we do. Every wasted motion, every unnecessary step, every inefficiency is an opportunity for improvement.","Lucid Manufacturing","Lucid Motors Careers","2023"
SpaceX,Leadership,Make Life Multiplanetary,"Enable human life to become multiplanetary as a backup for Earth","Tell me about a time when you worked on something that seemed impossible but was necessary for long-term success or survival.","Leadership","Hard","I think it's important for humanity to become a multiplanetary species. We want to be a spacefaring civilization and a multiplanetary species.","Elon Musk, CEO","SpaceX Mission","2016"
SpaceX,Senior,Rapid Iteration,"Fail fast, learn quickly, and iterate toward perfection","Describe a situation where you used failures as learning opportunities to achieve a breakthrough.","Problem Solving","Medium","The way to make rockets cheaper and more reliable is to build them again and again and again, learning from each failure.","Elon Musk, CEO","SpaceX Blog","2018"
SpaceX,Mid Level,First Principles Thinking,"Question assumptions and build solutions from fundamental truths","Tell me about a time when you challenged conventional wisdom and found a better solution by thinking from first principles.","Problem Solving","Medium","We approach problems from a physics standpoint. We reason from first principles rather than by analogy.","Elon Musk, CEO","TED Talk","2017"
SpaceX,Entry Level,Mars-Shot Mentality,"Think big and aim for revolutionary rather than incremental improvements","Describe a time when you proposed an ambitious solution instead of settling for an incremental improvement.","Culture Fit","Easy","If you're not aiming for Mars, you're not aiming high enough. We don't do incremental improvements, we do revolutionary leaps.","SpaceX Engineering","SpaceX Careers","2023"
Blue Origin,Leadership,Gradatim Ferociter,"Step by step, ferociously - build sustainable space access","Tell me about a time when you had to balance ambitious long-term goals with methodical, step-by-step execution.","Leadership","Hard","We are going to build a road to space so our children can build the future. We do this step by step, ferociously.","Jeff Bezos, Founder","Blue Origin Blog","2019"
Blue Origin,Senior,Safety and Reliability First,"Never compromise safety for speed or cost in space exploration","Describe a situation where you prioritized safety over efficiency or cost savings. How did you justify this decision?","Values","Medium","In space, there are no small mistakes. Safety and reliability must be built into every decision, every component, every process.","Blue Origin Safety Team","Blue Origin Safety Culture","2022"
Blue Origin,Mid Level,Inspire and Enable,"Build technology that inspires the next generation of space explorers","Tell me about a time when your work inspired others to pursue challenging goals or enter a new field.","Culture Fit","Medium","We're not just building rockets, we're building inspiration for the next generation to reach for the stars.","Blue Origin Education","Blue Origin STEM Programs","2023"
Blue Origin,Entry Level,Patient Capital Approach,"Invest in long-term capabilities rather than short-term wins","Describe a time when you chose to invest time or resources in building long-term capabilities rather than achieving quick wins.","Values","Easy","We think in decades, not quarters. We're building the infrastructure for the next century of space exploration.","Jeff Bezos, Founder","Blue Origin Letter to Employees","2020"
OpenAI,Leadership,AGI for All Humanity,"Ensure artificial general intelligence benefits all of humanity","Tell me about a time when you had to consider the broader impact of your work on society and adjust your approach accordingly.","Leadership","Hard","Our mission is to ensure that artificial general intelligence benefits all of humanity, not just a privileged few.","Sam Altman, CEO","OpenAI Charter","2018"
OpenAI,Senior,Safety-First Development,"Prioritize AI safety and alignment over rapid deployment","Describe a situation where you slowed down development to ensure safety or ethical considerations were properly addressed.","Values","Medium","We're committed to doing the research required to make AGI safe, and we're committed to driving the broad adoption of such research across the AI community.","OpenAI Safety Team","OpenAI Safety Blog","2023"
OpenAI,Mid Level,Democratic Access,"Make powerful AI tools accessible to individuals and organizations globally","Tell me about a time when you worked to make complex technology more accessible to a broader audience.","Problem Solving","Medium","We want to democratize access to AI capabilities and make sure the benefits are distributed broadly across society.","OpenAI Team","OpenAI Blog","2022"
OpenAI,Entry Level,Radical Transparency in AI,"Be open about AI capabilities, limitations, and potential risks","Describe a time when you had to communicate complex technical concepts clearly to non-technical stakeholders.","Culture Fit","Easy","We believe in being transparent about our AI systems' capabilities and limitations to build public trust and understanding.","OpenAI Communications","OpenAI Model Cards","2023"
Anthropic,Leadership,AI Safety Research,"Develop AI systems that are safe, beneficial, and understandable","Tell me about a time when you had to balance innovation with risk management in a high-stakes situation.","Leadership","Hard","We're working to build AI systems that are safe, beneficial, and understandable. Safety isn't something we add later - it's built into everything we do.","Dario Amodei, CEO","Anthropic Blog","2022"
Anthropic,Senior,Constitutional AI,"Build AI systems with built-in values and ethical reasoning","Describe a situation where you had to build ethical considerations into a system or process from the ground up.","Values","Medium","We're not just training AI to be capable, we're training it to be helpful, harmless, and honest through constitutional methods.","Anthropic Research Team","Constitutional AI Paper","2022"
Anthropic,Mid Level,Interpretability Focus,"Make AI decision-making transparent and understandable","Tell me about a time when you made a complex system more transparent or explainable to users or stakeholders.","Problem Solving","Medium","If we can't understand how AI systems make decisions, we can't trust them with important tasks. Interpretability is foundational.","Chris Olah, Co-founder","Anthropic Research","2023"
Anthropic,Entry Level,Long-term AI Alignment,"Consider long-term consequences of AI development decisions","Describe a time when you considered the long-term implications of a decision rather than just immediate benefits.","Values","Easy","Every decision we make today about AI development will impact the future of human-AI interaction for generations.","Anthropic Safety Team","Anthropic Safety Research","2023"
DataRobot,Leadership,Democratize Data Science,"Make machine learning accessible to non-experts","Tell me about a time when you took complex technical capabilities and made them accessible to a broader audience.","Leadership","Hard","We believe every organization should be able to harness the power of AI, regardless of their technical sophistication.","Dan Wright, CEO","DataRobot Vision","2022"
DataRobot,Senior,Augment Human Intelligence,"AI should enhance human decision-making, not replace humans","Describe a situation where you designed a solution that enhanced human capabilities rather than replacing human judgment.","Problem Solving","Medium","The future is human plus machine, not human versus machine. We build AI that makes humans more capable.","DataRobot Team","DataRobot Blog","2023"
DataRobot,Mid Level,Responsible AI,"Build AI systems with bias detection and fairness monitoring","Tell me about a time when you identified and addressed bias or unfairness in a system or process.","Values","Medium","Responsible AI isn't optional. We build fairness, transparency, and accountability into every model we create.","DataRobot Ethics Team","Responsible AI Guide","2023"
DataRobot,Entry Level,Business Value Focus,"Ensure every AI implementation delivers measurable business outcomes","Describe a time when you had to demonstrate the concrete value of a technical solution to business stakeholders.","Problem Solving","Easy","Technology for technology's sake isn't enough. Every AI solution must deliver clear, measurable business value.","DataRobot Customer Success","DataRobot Case Studies","2023"
CrowdStrike,Leadership,Stop Breaches,"Prevent cyberattacks before they cause damage","Tell me about a time when you had to prevent a problem before it occurred rather than react to it after the fact.","Leadership","Hard","We stop breaches. That's not just what we do, it's who we are. Prevention is everything in cybersecurity.","George Kurtz, CEO","CrowdStrike Blog","2022"
CrowdStrike,Senior,Adversary-Focused,"Understand and stay ahead of evolving cyber threats","Describe a situation where you had to anticipate and prepare for evolving challenges or competition.","Problem Solving","Medium","We don't just defend against the attacks we know, we hunt for the attacks we don't know are coming.","CrowdStrike Threat Intel","CrowdStrike Intelligence","2023"
CrowdStrike,Mid Level,Cloud-Native Security,"Build security solutions designed for modern cloud environments","Tell me about a time when you designed a solution specifically for a new technology environment rather than adapting old approaches.","Problem Solving","Medium","Legacy security tools were built for a different era. We build cloud-native security for the modern enterprise.","CrowdStrike Engineering","CrowdStrike Technical Blog","2023"
CrowdStrike,Entry Level,Customer Obsession in Security,"Protect customers as if they were family","Describe a time when you went above and beyond to protect someone or something important to you.","Culture Fit","Easy","Every customer attack we stop is someone's livelihood, someone's life's work. We protect them like they're family.","CrowdStrike Customer Success","CrowdStrike Values","2023"
SentinelOne,Leadership,Autonomous Cybersecurity,"Build AI that protects organizations without human intervention","Tell me about a time when you automated a process that previously required constant human oversight.","Leadership","Hard","The future of cybersecurity is autonomous. We're building AI that protects faster and better than any human could.","Tomer Weingarten, CEO","SentinelOne Vision","2021"
SentinelOne,Senior,Real-Time Response,"Detect and respond to threats in real-time, not after damage is done","Describe a situation where you had to respond to a critical issue in real-time under pressure.","Problem Solving","Medium","In cybersecurity, seconds matter. Real-time response isn't a feature, it's a necessity.","SentinelOne Engineering","SentinelOne Technical Documentation","2023"
SentinelOne,Mid Level,Zero Trust Architecture,"Never trust, always verify - even within your own network","Tell me about a time when you implemented strict verification processes even when it seemed unnecessary.","Values","Medium","We operate on zero trust principles. Trust is earned through verification, not assumed through position.","SentinelOne Security Team","Zero Trust Guide","2022"
SentinelOne,Entry Level,Storytelling with Data,"Use data to tell compelling stories about security posture","Describe a time when you used data to tell a story that influenced important decisions.","Culture Fit","Easy","Security is about storytelling with data. We help organizations understand their security story.","SentinelOne Analytics","SentinelOne Product Guide","2023"
Waymo,Leadership,Safe Self-Driving for Everyone,"Make transportation safer through autonomous vehicle technology","Tell me about a time when you worked on a project that prioritized public safety over commercial considerations.","Leadership","Hard","Our mission is to make it safe and easy for people and things to move around. Safety is our top priority, not our marketing message.","John Krafcik, Former CEO","Waymo Blog","2020"
Waymo,Senior,AI Safety in Mobility,"Apply rigorous safety standards to AI systems in transportation","Describe a situation where you implemented multiple layers of safety checks for a critical system.","Values","Medium","We don't just test our AI in simulations, we validate it in the real world with billions of miles of experience.","Waymo Safety Team","Waymo Safety Report","2023"
Waymo,Mid Level,Iterative Testing,"Continuously test and improve through real-world data","Tell me about a time when you used iterative testing to improve a system's performance and reliability.","Problem Solving","Medium","Every mile we drive teaches us something new. We iterate based on real-world experience, not theoretical models.","Waymo Engineering","Waymo Technical Blog","2022"
Waymo,Entry Level,Accessibility Through Automation,"Make transportation accessible to people who cannot drive","Describe a time when you worked on a solution that improved accessibility for people with limitations or challenges.","Culture Fit","Easy","Self-driving technology isn't just convenient, it's life-changing for people who can't drive traditional vehicles.","Waymo Community","Waymo Impact Stories","2023"
Cruise,Leadership,Safer Streets Through Technology,"Use autonomous vehicles to eliminate traffic deaths","Tell me about a time when you worked on a technology solution to address a serious safety problem.","Leadership","Hard","We're not just building self-driving cars, we're building a future where traffic deaths are a thing of the past.","Kyle Vogt, Former CEO","Cruise Blog","2021"
Cruise,Senior,Urban Mobility Focus,"Solve transportation challenges in complex city environments","Describe a situation where you had to solve problems in a complex, dynamic environment with many variables.","Problem Solving","Medium","Cities are the ultimate test for autonomous vehicles. If we can solve urban mobility, we can solve transportation anywhere.","Cruise Engineering","Cruise Technical Papers","2022"
Cruise,Mid Level,Responsible Deployment,"Deploy technology gradually and responsibly","Tell me about a time when you chose a gradual rollout approach over a faster deployment to ensure quality and safety.","Values","Medium","We deploy responsibly, learning at each step. Moving fast and breaking things isn't acceptable when public safety is involved.","Cruise Safety Team","Cruise Safety Framework","2023"
Cruise,Entry Level,Electric and Autonomous,"Combine environmental sustainability with transportation innovation","Describe a time when you found a solution that addressed multiple important problems simultaneously.","Problem Solving","Easy","Electric plus autonomous isn't just better technology, it's better for cities, better for the environment, and better for people.","Cruise Sustainability","Cruise Environmental Impact","2023"
Epic Games,Leadership,Metaverse Pioneer,"Build the foundation for the metaverse and virtual worlds","Tell me about a time when you had to build infrastructure for something that didn't exist yet but you knew would be important.","Leadership","Hard","We're not just making games, we're building the infrastructure for the metaverse. We're creating the foundation for how people will interact in virtual spaces.","Tim Sweeney, CEO","Epic Games Vision","2021"
Epic Games,Senior,Developer Empowerment,"Give creators powerful tools to build amazing experiences","Describe a situation where you created tools or platforms that enabled others to achieve things they couldn't before.","Problem Solving","Medium","We succeed when developers succeed. Our job is to give creators superpowers.","Epic Games Developer Relations","Unreal Engine Philosophy","2022"
Epic Games,Mid Level,Platform Openness,"Build open platforms that benefit all creators","Tell me about a time when you chose openness and interoperability over closed, proprietary approaches.","Values","Medium","Closed platforms benefit platform owners. Open platforms benefit everyone. We choose openness.","Tim Sweeney, CEO","Epic vs Apple Court Filing","2021"
Epic Games,Entry Level,Player-First Philosophy,"Always prioritize player experience over monetization","Describe a time when you advocated for user experience over short-term revenue or convenience.","Culture Fit","Easy","Players first, always. Every decision we make should improve the player experience, not just our bottom line.","Epic Games Design Team","Fortnite Development Blog","2023"
Coursera,Leadership,Universal Access to Learning,"Make high-quality education accessible to anyone, anywhere","Tell me about a time when you worked to remove barriers that prevented people from accessing opportunities.","Leadership","Hard","We believe everyone should have access to the skills and credentials that can improve their lives and careers.","Jeff Maggioncalda, CEO","Coursera Impact Report","2023"
Coursera,Senior,Skills-Based Economy,"Prepare learners for jobs that exist today and will exist tomorrow","Describe a situation where you had to prepare yourself or others for future challenges that weren't clearly defined yet.","Problem Solving","Medium","The economy is shifting from degree-based to skills-based. We're building the bridge to that future.","Coursera Academic Team","Future of Work Report","2022"
Coursera,Mid Level,Learning Effectiveness,"Use data to make learning more effective and engaging","Tell me about a time when you used data and feedback to significantly improve a process or outcome.","Problem Solving","Medium","We don't just deliver content, we optimize learning. Every interaction teaches us how to teach better.","Coursera Learning Science","Learning Effectiveness Research","2023"
Coursera,Entry Level,Credential Recognition,"Help learners get recognition for their skills and achievements","Describe a time when you helped someone get recognition or credit for their work or achievements.","Culture Fit","Easy","Learning without recognition is incomplete. We help learners prove what they know and can do.","Coursera Credentials Team","Coursera Certificates Guide","2023"
Udacity,Leadership,Digital Transformation Enabler,"Help individuals and organizations adapt to the digital economy","Tell me about a time when you helped someone or an organization successfully adapt to major technological change.","Leadership","Hard","We're not just teaching technology, we're enabling human transformation in the digital age.","Gabriel Dalporto, CEO","Udacity Mission","2022"
Udacity,Senior,Industry Partnership,"Bridge the gap between education and industry needs","Describe a situation where you successfully bridged different stakeholder groups with conflicting needs or perspectives.","Problem Solving","Medium","We partner with industry to ensure our graduates are job-ready from day one. Education should prepare people for real careers.","Udacity Partnerships","Industry Partner Program","2023"
Udacity,Mid Level,Project-Based Learning,"Learn by building real-world projects, not just consuming content","Tell me about a time when you learned a new skill by immediately applying it to a practical project.","Culture Fit","Medium","Theory without practice is useless. Practice without theory is dangerous. We combine both through project-based learning.","Udacity Curriculum Team","Nanodegree Philosophy","2022"
Udacity,Entry Level,Mentor-Driven Growth,"Provide personalized guidance to accelerate learning","Describe a time when mentorship or personalized guidance made a significant difference in your development.","Culture Fit","Easy","Everyone needs a guide on their learning journey. We provide mentors who have walked the path before.","Udacity Mentorship","Student Success Stories","2023"
Figma,Leadership,Make Design Accessible,"Democratize design so anyone can participate in the creative process","Tell me about a time when you made a specialized skill or tool accessible to people without traditional training.","Leadership","Hard","Design is too important to be left to designers. We're democratizing design so everyone can participate in creating better user experiences.","Dylan Field, CEO","Figma Philosophy","2021"
Figma,Senior,Collaboration First,"Build tools that enable real-time collaboration and feedback","Describe a situation where you transformed an individual activity into a collaborative process. What was the impact?","Problem Solving","Medium","Design is a team sport. We built Figma to make design collaboration as natural as having a conversation.","Dylan Field, CEO","Config Conference","2022"
Figma,Mid Level,Community-Driven Innovation,"Enable the community to extend and enhance the platform","Tell me about a time when you enabled others to build upon your work or platform to create something unexpected.","Culture Fit","Medium","The best ideas don't come from us, they come from our community. We build platforms that enable innovation we never imagined.","Figma Community Team","Figma Community Blog","2023"
Figma,Entry Level,Design System Thinking,"Think in systems and components, not just individual designs","Describe a time when you approached a problem by creating reusable systems rather than one-off solutions.","Problem Solving","Easy","Great design scales through systems. We help teams build consistent, reusable design systems that grow with their needs.","Figma Design Systems","Design Systems Guide","2023"
Notion,Leadership,Building Blocks Philosophy,"Give people flexible tools to build exactly what they need","Tell me about a time when you provided flexible tools or frameworks that enabled others to create solutions you hadn't anticipated.","Leadership","Hard","We don't build solutions, we build building blocks. Our users create solutions we never could have imagined.","Ivan Zhao, CEO","Notion Blog","2021"
Notion,Senior,Functional Multiplayer,"Enable seamless collaboration in knowledge work","Describe a situation where you designed a system that enabled multiple people to work together more effectively.","Problem Solving","Medium","Knowledge work should be multiplayer by default. We're building the infrastructure for teams to think together.","Notion Team","Notion for Teams","2022"
Notion,Mid Level,No-Code Empowerment,"Enable non-technical users to build powerful workflows and databases","Tell me about a time when you enabled someone without technical skills to accomplish something they thought required programming.","Culture Fit","Medium","Everyone should be able to build the tools they need, regardless of technical background. No-code is about empowerment.","Notion Product Team","No-Code Movement","2023"
Notion,Entry Level,Workspace Personalization,"Let people organize information in ways that match their thinking","Describe a time when you customized a system or process to better match how you naturally work or think.","Culture Fit","Easy","Every person thinks differently. We give people the flexibility to organize their work in ways that make sense to them.","Notion User Experience","Notion Templates","2023"
GitLab,Leadership,Remote-First Culture,"Prove that distributed teams can outperform co-located teams","Tell me about a time when you successfully managed or contributed to a project with team members across different time zones and cultures.","Leadership","Hard","We're not just remote-friendly, we're remote-first. We believe distributed teams are the future of work.","Sid Sijbrandij, CEO","GitLab Remote Work Guide","2020"
GitLab,Senior,Transparency by Default,"Default to transparency in all communications and decision-making","Describe a situation where you chose to share information openly even when it wasn't required or expected.","Values","Medium","We default to transparency because it builds trust and enables better decision-making across the organization.","GitLab Values","GitLab Handbook","2023"
GitLab,Mid Level,Iteration and Efficiency,"Ship small improvements quickly rather than waiting for perfection","Tell me about a time when you chose to ship an imperfect solution quickly and then iterate based on feedback.","Problem Solving","Medium","We ship the minimum viable change and iterate based on feedback. Perfect is the enemy of good and fast.","GitLab Product Team","GitLab Product Principles","2022"
GitLab,Entry Level,Everyone Can Contribute,"Create an environment where anyone can contribute regardless of role or seniority","Describe a time when you contributed valuable ideas or improvements outside your formal job responsibilities.","Culture Fit","Easy","The best ideas can come from anyone, anywhere in the organization. We create environments where everyone can contribute.","GitLab Community","GitLab Contributing Guide","2023"
Teladoc,Leadership,Healthcare Accessibility,"Make quality healthcare accessible regardless of location or mobility","Tell me about a time when you worked to remove barriers that prevented people from accessing essential services.","Leadership","Hard","We're democratizing access to healthcare. Geography, mobility, and time should never be barriers to getting the care you need.","Jason Gorevic, CEO","Teladoc Vision","2022"
Teladoc,Senior,Clinical Excellence via Technology,"Use technology to enhance, not replace, clinical expertise","Describe a situation where you used technology to enhance professional expertise rather than replacing human judgment.","Problem Solving","Medium","Technology should amplify clinical expertise, not replace it. We use innovation to make healthcare professionals more effective.","Teladoc Clinical Team","Clinical Technology Integration","2023"
Teladoc,Mid Level,Patient-Centric Design,"Design all services around patient needs and convenience","Tell me about a time when you redesigned a process or service to be more user-centric.","Culture Fit","Medium","Every feature, every workflow, every decision should make the patient experience better. Technology should serve patients, not the other way around.","Teladoc User Experience","Patient Experience Design","2023"
Teladoc,Entry Level,Care Continuity,"Ensure seamless integration between virtual and in-person care","Describe a time when you helped create seamless handoffs or integration between different systems or processes.","Problem Solving","Easy","Virtual care isn't separate from traditional care, it's part of a integrated healthcare experience.","Teladoc Care Coordination","Integrated Care Model","2023"
23andMe,Leadership,Personal Genetics Revolution,"Empower individuals with access to their genetic information","Tell me about a time when you gave people access to information that fundamentally changed how they understood themselves or their situation.","Leadership","Hard","We believe genetic information belongs to individuals, not just doctors or researchers. We're democratizing access to personal genetics.","Anne Wojcicki, CEO","23andMe Mission","2019"
23andMe,Senior,Research Participation,"Enable individuals to contribute to genetic research for the greater good","Describe a situation where you created a way for individuals to contribute to a larger research effort or social good.","Values","Medium","When individuals share their genetic data for research, they become partners in advancing human health knowledge.","23andMe Research","Genetic Research Platform","2022"
23andMe,Mid Level,Privacy-First Genetics,"Maintain strict privacy controls over sensitive genetic information","Tell me about a time when you implemented strong privacy protections for sensitive personal information.","Values","Medium","Genetic privacy isn't negotiable. We build privacy protection into every system, every process, every decision.","23andMe Privacy Team","Privacy Protection Framework","2023"
23andMe,Entry Level,Health Empowerment,"Help people make informed health decisions based on genetic insights","Describe a time when you helped someone make better decisions by providing them with relevant information and context.","Culture Fit","Easy","Knowledge is power, especially when it comes to health. We help people understand their genetic predispositions so they can take action.","23andMe Health Team","Health Insights Guide","2023"
Compass,Leadership,Real Estate Transformation,"Use technology to transform the real estate experience for everyone","Tell me about a time when you used technology to fundamentally improve an industry process that had remained unchanged for years.","Leadership","Hard","Real estate is the largest asset class in the world, but the experience hasn't changed in decades. We're building the future of real estate.","Robert Reffkin, CEO","Compass Vision","2021"
Compass,Senior,Agent Empowerment,"Give real estate agents better tools and support to serve clients","Describe a situation where you built tools or systems that significantly improved someone else's ability to serve their customers.","Problem Solving","Medium","Great agents need great tools. We build technology that makes agents more effective and their clients more satisfied.","Compass Technology","Agent Platform","2022"
Compass,Mid Level,Data-Driven Insights,"Use data and analytics to improve real estate decisions","Tell me about a time when you used data analysis to provide insights that led to better decision-making.","Problem Solving","Medium","Real estate decisions are often the biggest financial decisions people make. Data and analytics help everyone make better choices.","Compass Analytics","Market Insights Platform","2023"
Compass,Entry Level,Client-First Service,"Always prioritize client needs over commission or convenience","Describe a time when you prioritized a client's best interests even when it wasn't the most profitable or convenient option for you.","Values","Easy","Real estate is about people's lives, not just transactions. We always put client interests first.","Compass Agent Training","Client Service Standards","2023"
WeWork,Leadership,Physical Social Network,"Create spaces that foster community and collaboration","Tell me about a time when you designed or created an environment that brought people together and fostered collaboration.","Leadership","Hard","We're not just renting desks, we're building a physical social network that helps people create meaningful connections.","Adam Neumann, Former CEO","WeWork Philosophy","2018"
WeWork,Senior,Flexible Workspace Solutions,"Adapt workspace solutions to meet diverse and changing needs","Describe a situation where you created flexible solutions that could adapt to different user needs and preferences.","Problem Solving","Medium","Work is changing, and workspace needs to change with it. We create flexible solutions for the future of work.","WeWork Operations","Flexible Workspace Design","2022"
WeWork,Mid Level,Community Building,"Foster genuine connections and collaboration among members","Tell me about a time when you successfully built community among a diverse group of people.","Culture Fit","Medium","Space is just the beginning. Real value comes from the community and connections we help people create.","WeWork Community Team","Community Building Guide","2023"
WeWork,Entry Level,Entrepreneurship Support,"Create environments where entrepreneurs and small businesses can thrive","Describe a time when you helped support someone's entrepreneurial goals or small business growth.","Culture Fit","Easy","Every entrepreneur deserves a professional space and community to help them succeed. We provide both.","WeWork Member Services","Entrepreneur Support Programs","2023"
Roblox,Leadership,Powering Imagination,"Enable people to imagine, create, and play in infinite ways","Tell me about a time when you built tools or platforms that enabled others to express their creativity in ways you hadn't anticipated.","Leadership","Hard","We don't create content, we create the tools for others to create. We power imagination.","David Baszucki, CEO","Roblox Vision","2021"
Roblox,Senior,User-Generated Everything,"Enable users to create, publish, and monetize their own content","Describe a situation where you created systems that enabled others to build and profit from their own creations.","Problem Solving","Medium","The best content comes from our community, not from us. We build platforms where creators can build businesses.","Roblox Creator Team","Creator Economy","2022"
Roblox,Mid Level,Safe Social Interaction,"Create safe spaces for people of all ages to interact and play","Tell me about a time when you designed safety measures for a system that needed to balance openness with protection.","Values","Medium","Safety and creativity aren't opposites, they're partners. We create safe spaces where imagination can flourish.","Roblox Safety Team","Safety and Civility","2023"
Roblox,Entry Level,Learning Through Play,"Make learning engaging through interactive, playful experiences","Describe a time when you made a serious or complex topic more engaging and accessible through interactive approaches.","Culture Fit","Easy","Play is one of the most powerful ways to learn. We create experiences where learning and fun happen together.","Roblox Education","Learning Through Play","2023"
Unity Technologies,Leadership,Democratize Creation,"Make game development and interactive content creation accessible to everyone","Tell me about a time when you took a specialized professional skill and made it accessible to amateurs or beginners.","Leadership","Hard","Game development used to require years of specialized knowledge. We're democratizing creation so anyone can build interactive experiences.","John Riccitiello, Former CEO","Unity Vision","2020"
Unity Technologies,Senior,Cross-Platform Solutions,"Enable creators to build once and deploy everywhere","Describe a situation where you created a solution that worked across multiple different platforms or environments.","Problem Solving","Medium","Creators shouldn't have to choose between platforms. Build once, deploy everywhere - that's the Unity way.","Unity Engineering","Cross-Platform Development","2022"
Unity Technologies,Mid Level,Real-Time 3D,"Push the boundaries of what's possible with real-time 3D graphics","Tell me about a time when you pushed technical boundaries to achieve something that others thought wasn't possible.","Problem Solving","Medium","Real-time 3D is transforming how we interact with digital content. We're pushing the boundaries of what's possible.","Unity Graphics Team","Real-Time Rendering","2023"
Unity Technologies,Entry Level,Creator Success,"Measure success by the success of creators using our platform","Describe a time when you measured your success by how well you enabled others to achieve their goals.","Culture Fit","Easy","We succeed when creators succeed. Every tool we build, every feature we add should help creators achieve their vision.","Unity Creator Success","Creator Support","2023"
Riot Games,Leadership,Player-Focused Innovation,"Every decision should improve the player experience","Tell me about a time when you prioritized end-user experience over internal convenience or short-term profits.","Leadership","Hard","Players are the reason we exist. Every decision, every feature, every change should make the player experience better.","Marc Merrill, Co-founder","Riot Games Philosophy","2020"
Riot Games,Senior,Global Gaming Culture,"Build games that connect players across cultures and continents","Describe a situation where you designed something that successfully appealed to diverse global audiences.","Problem Solving","Medium","Games are a universal language. We build experiences that bring people together regardless of where they come from.","Riot Games International","Global Gaming Report","2023"
Riot Games,Mid Level,Competitive Integrity,"Maintain fairness and integrity in competitive gaming environments","Tell me about a time when you had to enforce fairness in a competitive situation, even when it was difficult.","Values","Medium","Competitive integrity is non-negotiable. Fair play isn't just a feature, it's the foundation of competitive gaming.","Riot Games Esports","Competitive Integrity Guidelines","2023"
Riot Games,Entry Level,Champion Innovation,"Continuously innovate while respecting game balance and player investment","Describe a time when you had to balance innovation with maintaining stability in an existing system.","Problem Solving","Easy","Innovation keeps games fresh, but stability keeps players invested. We balance both to create lasting experiences.","Riot Games Design","Champion Design Philosophy","2023"
Palantir,Leadership,Engineer for Impact,"Build technology that solves real-world problems for institutions and organizations","Tell me about a time when you built or contributed to technology that had measurable real-world impact.","Leadership","Hard","We build software that helps institutions use their data to solve problems. Engineering for engineering's sake isn't enough.","Alex Karp, CEO","Palantir Mission","2021"
Palantir,Senior,Customer Problem First,"Start with understanding the customer's actual problem, not our solution","Describe a situation where you had to deeply understand a problem before proposing any solution.","Problem Solving","Medium","We don't sell technology, we solve problems. Understanding the problem is always the first step.","Palantir Forward Deployed Engineers","Customer Engagement","2022"
Palantir,Mid Level,Data-Driven Decision Making,"Use data and evidence to guide important decisions","Tell me about a time when you used data analysis to challenge conventional wisdom or popular assumptions.","Problem Solving","Medium","Opinions are cheap. Data is expensive. We make decisions based on evidence, not intuition.","Palantir Analytics Team","Data Science Methodology","2023"
Palantir,Entry Level,Complex Systems Thinking,"Approach problems by understanding interconnected systems and relationships","Describe a time when you solved a problem by understanding how different parts of a system connected to each other.","Problem Solving","Easy","Real-world problems exist in complex systems. Understanding connections and relationships is crucial to solving them.","Palantir Engineering","Systems Thinking Guide","2023"
DoorDash,Leadership,Customer Obsession,"Every decision should benefit customers, dashers, or merchants in our marketplace","Tell me about a time when you made a decision that prioritized long-term customer value over short-term business metrics.","Leadership","Hard","Our customers are our compass. Every product decision, every feature, every policy should make their experience better.","Tony Xu, CEO","DoorDash Values","2022"
DoorDash,Senior,Logistics Innovation,"Continuously innovate in last-mile delivery and logistics optimization","Describe a situation where you optimized a complex logistics or operational process to improve efficiency.","Problem Solving","Medium","Logistics is our competitive advantage. Every minute saved, every mile optimized, every delivery improved matters.","DoorDash Operations","Logistics Innovation","2023"
DoorDash,Mid Level,Marketplace Balance,"Balance the needs of customers, drivers, and restaurants in our three-sided marketplace","Tell me about a time when you had to balance competing interests from multiple stakeholder groups.","Problem Solving","Medium","We succeed when all sides of our marketplace succeed. Balancing needs isn't easy, but it's essential.","DoorDash Product Team","Marketplace Strategy","2023"
DoorDash,Entry Level,Hustle and Grit,"Execute with urgency and persistence in competitive markets","Describe a time when you had to execute quickly and persistently despite significant obstacles or competition.","Culture Fit","Easy","This is a competitive market where execution speed matters. Hustle and grit separate winners from everyone else.","DoorDash Early Team","Startup Culture","2020"
Instacart,Leadership,Groceries for Everyone,"Make fresh groceries accessible to everyone, everywhere","Tell me about a time when you worked to make an essential service more accessible to underserved communities.","Leadership","Hard","Fresh groceries shouldn't be a luxury. We're building technology to make nutritious food accessible to everyone.","Fidji Simo, CEO","Instacart Mission","2022"
Instacart,Senior,Shopper Empowerment,"Enable personal shoppers to build flexible, profitable work opportunities","Describe a situation where you created opportunities for others to build income and develop skills.","Values","Medium","Our shoppers are the heart of our service. We build tools and opportunities that help them succeed financially.","Instacart Shopper Success","Shopper Experience","2023"
Instacart,Mid Level,Retail Innovation,"Transform how people discover, shop for, and receive groceries","Tell me about a time when you innovated within a traditional industry by introducing new technology or processes.","Problem Solving","Medium","Grocery is a traditional industry ready for innovation. We're reimagining every step of the shopping experience.","Instacart Product Innovation","Retail Technology","2023"
Instacart,Entry Level,Quality and Freshness,"Ensure customers receive the highest quality groceries in perfect condition","Describe a time when you maintained high quality standards despite pressure to compromise or move faster.","Values","Easy","Quality isn't negotiable when it comes to food. Every order should meet the standard we'd want for our own families.","Instacart Quality Team","Quality Standards","2023"
Stripe,Leadership,Internet Infrastructure,"Build the financial infrastructure for the internet economy","Tell me about a time when you built foundational systems or infrastructure that enabled others to succeed.","Leadership","Hard","We're building the economic infrastructure of the internet. Every API, every feature should enable more businesses to succeed online.","Patrick Collison, CEO","Stripe Mission","2021"
Stripe,Senior,Developer Experience,"Create tools that developers love to use and integrate","Describe a situation where you designed a technical product or system with exceptional user experience for technical users.","Problem Solving","Medium","Great developer experience isn't accidental. Every API, every SDK, every piece of documentation should delight developers.","Stripe Engineering","Developer Experience","2023"
Stripe,Mid Level,Global Commerce,"Enable businesses to accept payments and operate globally from day one","Tell me about a time when you built solutions that worked across different countries, currencies, or regulatory environments.","Problem Solving","Medium","Commerce is global, but payments are local. We abstract away complexity so businesses can focus on their customers.","Stripe Global Team","International Expansion","2022"
Stripe,Entry Level,Trust and Security,"Build payment systems with the highest standards of security and reliability","Describe a time when you implemented security measures that protected sensitive information or transactions.","Values","Easy","We handle people's money and businesses' livelihoods. Security and reliability aren't features, they're foundations.","Stripe Security Team","Payment Security","2023"
Zoom,Leadership,Frictionless Communications,"Make video communications as easy as using the telephone","Tell me about a time when you simplified a complex process to make it accessible to non-technical users.","Leadership","Hard","Video conferencing used to be complicated and expensive. We made it simple, reliable, and accessible to everyone.","Eric Yuan, CEO","Zoom Philosophy","2019"
Zoom,Senior,Remote Work Enablement,"Build tools that make remote work as effective as in-person collaboration","Describe a situation where you created solutions that enabled effective remote collaboration or productivity.","Problem Solving","Medium","Remote work isn't just possible, it can be better than in-person when you have the right tools.","Zoom Product Team","Remote Work Solutions","2022"
Zoom,Mid Level,Platform Extensibility,"Create platforms that enable third-party developers and integrations","Tell me about a time when you built systems that allowed others to extend or customize your solution.","Problem Solving","Medium","The best platforms enable innovation we never imagined. We build extensible systems that our ecosystem can build upon.","Zoom Developer Platform","API Strategy","2023"
Zoom,Entry Level,Reliability First,"Ensure consistent, high-quality experience across all devices and networks","Describe a time when you prioritized reliability and consistency over adding new features.","Values","Easy","When people depend on you for important conversations, reliability isn't optional. Quality first, features second.","Zoom Engineering","Quality Standards","2023"
Canva,Leadership,Design Democratization,"Make design accessible to everyone, not just professionals","Tell me about a time when you took expert-level capabilities and made them accessible to beginners.","Leadership","Hard","Design should be accessible to everyone, not just people with years of training. We democratize creativity.","Melanie Perkins, CEO","Canva Mission","2020"
Canva,Senior,Template Innovation,"Create templates and tools that inspire creativity while maintaining usability","Describe a situation where you balanced creative freedom with ease of use in a product or system.","Problem Solving","Medium","Great templates inspire creativity while maintaining simplicity. We make complex design principles accessible through intuitive tools.","Canva Design Team","Template Philosophy","2023"
Canva,Mid Level,Global Accessibility,"Build design tools that work across languages, cultures, and skill levels","Tell me about a time when you created solutions that worked effectively for diverse global audiences.","Culture Fit","Medium","Design is universal, but preferences are cultural. We build tools that respect both similarity and diversity.","Canva International","Global Design","2022"
Canva,Entry Level,Collaborative Creation,"Enable teams to create and collaborate on designs together","Describe a time when you facilitated effective collaboration on a creative or design project.","Culture Fit","Easy","The best designs come from collaboration. We build tools that make team creativity natural and fun.","Canva Collaboration","Team Features","2023"
Discord,Leadership,Community Building,"Create technology that helps people form and maintain communities","Tell me about a time when you built tools or systems that brought people together around shared interests.","Leadership","Hard","We're not just building chat software, we're building the infrastructure for human connection and community.","Jason Citron, CEO","Discord Vision","2021"
Discord,Senior,Gaming-First Culture,"Design experiences optimized for gamers and gaming communities","Describe a situation where you designed solutions specifically for a niche community's unique needs.","Culture Fit","Medium","We started with gamers because they have the highest standards for communication tools. Gaming-first design makes everything better.","Discord Product Team","Gaming Community","2022"
Discord,Mid Level,Voice and Text Integration,"Seamlessly blend voice chat, text messaging, and community features","Tell me about a time when you integrated multiple communication channels into a cohesive user experience.","Problem Solving","Medium","Communication isn't just voice or just text - it's both, flowing naturally as people need different ways to connect.","Discord Engineering","Communication Design","2023"
Discord,Entry Level,Server Customization,"Give communities powerful tools to customize their experience","Describe a time when you provided customization options that allowed users to tailor a system to their specific needs.","Problem Solving","Easy","Every community is unique. We give server owners the tools to create exactly the experience their community needs.","Discord Community Success","Server Management","2023"
Shopify,Leadership,Entrepreneurship Enablement,"Empower entrepreneurs to start, run, and grow businesses","Tell me about a time when you created tools or opportunities that enabled others to start or grow their businesses.","Leadership","Hard","We believe entrepreneurship is a force for good. Every feature we build should help someone start or grow their business.","Tobias Ltke, CEO","Shopify Mission","2021"
Shopify,Senior,Commerce Innovation,"Continuously innovate in e-commerce technology and merchant tools","Describe a situation where you innovated within traditional commerce by introducing new technology or processes.","Problem Solving","Medium","Commerce is evolving rapidly. We build tools that help merchants stay ahead of changes and opportunities.","Shopify Product Innovation","Commerce Technology","2023"
Shopify,Mid Level,Merchant Success,"Measure success by the success of merchants using our platform","Tell me about a time when you aligned your success metrics with your customers' success outcomes.","Values","Medium","We succeed when merchants succeed. Every decision should help them sell more, operate better, and grow faster.","Shopify Merchant Success","Platform Strategy","2022"
Shopify,Entry Level,Plus Merchant Focus,"Build enterprise-grade solutions for growing businesses","Describe a time when you built solutions that could scale from small businesses to enterprise needs.","Problem Solving","Easy","Growing businesses need tools that grow with them. We build platforms that scale from startup to enterprise.","Shopify Plus Team","Enterprise Solutions","2023"
Slack,Leadership,Transform Work Communication,"Make work communication more efficient, transparent, and enjoyable","Tell me about a time when you transformed how a team or organization communicated and collaborated.","Leadership","Hard","Email is broken for modern work. We're building communication tools that make work more human and more productive.","Stewart Butterfield, Former CEO","Slack Philosophy","2019"
Slack,Senior,Channel-Based Organization,"Organize work communication around projects, topics, and teams","Describe a situation where you organized complex information or workflows into clear, logical structures.","Problem Solving","Medium","Channels organize conversations like folders organize files. Structure creates clarity in complex work environments.","Slack Product Team","Channel Strategy","2022"
Slack,Mid Level,Integration Ecosystem,"Connect all work tools through seamless integrations","Tell me about a time when you created connections between different systems to improve overall workflow efficiency.","Problem Solving","Medium","Work happens across many tools. We create the connective tissue that makes all your tools work better together.","Slack Platform Team","Integration Platform","2023"
Slack,Entry Level,Transparency and Inclusion,"Make work communication more transparent and inclusive for all team members","Describe a time when you designed processes that increased transparency and inclusion in team communication.","Culture Fit","Easy","Great communication is transparent and inclusive. Everyone should have access to the information they need to do their best work.","Slack Culture Team","Inclusive Communication","2023"
Twilio,Leadership,Software Communication Revolution,"Enable every developer to build communication into their applications","Tell me about a time when you built tools or platforms that enabled others to create things you hadn't imagined.","Leadership","Hard","We democratize communications. Every developer should be able to add voice, text, and video to their applications with simple APIs.","Jeff Lawson, Former CEO","Twilio Mission","2020"
Twilio,Senior,API-First Design,"Build communication primitives that developers can combine in infinite ways","Describe a situation where you designed flexible building blocks that could be combined to solve diverse problems.","Problem Solving","Medium","We don't build applications, we build primitives. APIs should be like Lego blocks - simple, powerful, infinitely combinable.","Twilio Engineering","API Design Philosophy","2022"
Twilio,Mid Level,Customer Success Engineering,"Engineer solutions that directly solve customer communication challenges","Tell me about a time when you engineered a technical solution that directly addressed specific customer pain points.","Problem Solving","Medium","We're not just building technology, we're solving communication challenges for real businesses with real customers.","Twilio Solutions Engineering","Customer Success","2023"
Twilio,Entry Level,Reliable Communications,"Ensure communication APIs work consistently across global infrastructure","Describe a time when you prioritized reliability and consistency in a system that others depended on.","Values","Easy","When our APIs fail, our customers' customers can't communicate. Reliability isn't just important, it's existential.","Twilio Infrastructure","Platform Reliability","2023"
Datadog,Leadership,Observability for All,"Make application and infrastructure monitoring accessible to every developer","Tell me about a time when you took complex technical capabilities and made them accessible to a broader audience.","Leadership","Hard","Every developer should understand how their code performs in production. We democratize observability.","Olivier Pomel, CEO","Datadog Vision","2021"
Datadog,Senior,Full-Stack Monitoring,"Provide comprehensive visibility across applications, infrastructure, and business metrics","Describe a situation where you created systems that provided comprehensive visibility into complex processes.","Problem Solving","Medium","Modern applications are complex systems. You need visibility across every layer to understand what's really happening.","Datadog Engineering","Monitoring Strategy","2023"
Datadog,Mid Level,Real-Time Analytics,"Process and analyze massive amounts of operational data in real-time","Tell me about a time when you built systems that could process and analyze large amounts of data quickly.","Problem Solving","Medium","In production, yesterday's data is too late. Real-time analytics enable real-time problem solving.","Datadog Analytics Team","Real-Time Processing","2022"
Datadog,Entry Level,Alert Optimization,"Create intelligent alerting that reduces noise while catching real issues","Describe a time when you designed notification or alerting systems that balanced thoroughness with usability.","Problem Solving","Easy","Alert fatigue is real. Intelligent alerting means getting the right information to the right people at the right time.","Datadog Alerts Team","Alert Strategy","2023"
MongoDB,Leadership,Modern Application Data,"Build database technology for modern application development","Tell me about a time when you built technology specifically designed for emerging use cases rather than existing patterns.","Leadership","Hard","Relational databases were built for a different era. We build data platforms for modern applications and modern developers.","Dev Ittycheria, CEO","MongoDB Vision","2020"
MongoDB,Senior,Developer Experience Focus,"Make database technology that developers love to use","Describe a situation where you prioritized developer experience and usability in technical architecture decisions.","Problem Solving","Medium","The best database is the one developers want to use. Developer experience drives adoption and innovation.","MongoDB Developer Relations","Developer Experience","2023"
MongoDB,Mid Level,Flexible Data Models,"Enable applications to evolve their data structures without painful migrations","Tell me about a time when you designed systems that could adapt to changing requirements without major restructuring.","Problem Solving","Medium","Applications evolve constantly. Data platforms should evolve with them, not constrain them.","MongoDB Product Team","Schema Flexibility","2022"
MongoDB,Entry Level,Atlas Cloud Platform,"Provide fully managed database services that scale automatically","Describe a time when you automated complex operational tasks to improve reliability and reduce manual work.","Problem Solving","Easy","Developers want to build applications, not manage databases. We automate operations so they can focus on innovation.","MongoDB Atlas Team","Cloud Operations","2023"
Snowflake,Leadership,Data Cloud Vision,"Build the infrastructure for data-driven organizations","Tell me about a time when you built foundational infrastructure that enabled others to make better decisions.","Leadership","Hard","We're building the data cloud that powers the modern enterprise. Every organization should be able to harness their data.","Frank Slootman, CEO","Snowflake Vision","2021"
Snowflake,Senior,Cloud-Native Architecture,"Design database technology specifically for cloud computing environments","Describe a situation where you architected solutions specifically for cloud environments rather than adapting legacy approaches.","Problem Solving","Medium","Cloud-native isn't just running in the cloud, it's being designed for the cloud from the ground up.","Snowflake Engineering","Cloud Architecture","2022"
Snowflake,Mid Level,Data Sharing Economy,"Enable secure data sharing and collaboration between organizations","Tell me about a time when you created systems that enabled secure collaboration between different organizations or teams.","Problem Solving","Medium","Data silos limit innovation. We build technology that enables secure data sharing while maintaining governance.","Snowflake Data Sharing","Collaboration Platform","2023"
Snowflake,Entry Level,Performance and Scale,"Provide consistent performance as data and workloads scale","Describe a time when you optimized systems to maintain performance under increasing load or complexity.","Problem Solving","Easy","Scale shouldn't mean sacrifice. Performance should be consistent whether you're analyzing gigabytes or petabytes.","Snowflake Performance","Scale Optimization","2023"
Okta,Leadership,Identity for Everyone,"Make secure identity management accessible to every organization","Tell me about a time when you made enterprise-grade security accessible to smaller organizations or teams.","Leadership","Hard","Identity is the foundation of security. Every organization deserves enterprise-grade identity management.","Todd McKinnon, CEO","Okta Mission","2020"
Okta,Senior,Zero Trust Security,"Build identity systems that never assume trust and always verify","Describe a situation where you implemented security measures that verified trust rather than assuming it.","Values","Medium","Never trust, always verify. Modern security requires identity verification at every step.","Okta Security Team","Zero Trust Strategy","2023"
Okta,Mid Level,Integration Platform,"Connect identity with every application and service in the enterprise","Tell me about a time when you created integration solutions that connected diverse systems seamlessly.","Problem Solving","Medium","Identity should work everywhere. We build the connections between people and all their applications.","Okta Integration Team","Platform Strategy","2022"
Okta,Entry Level,User Experience Security,"Make security convenient and user-friendly rather than burdensome","Describe a time when you made a security or compliance process more user-friendly without compromising protection.","Culture Fit","Easy","Security that's hard to use doesn't get used. We make secure identity as easy as possible for everyone.","Okta UX Team","Security Experience","2023"
Zscaler,Leadership,Zero Trust Network,"Build security architecture that trusts no one and verifies everyone","Tell me about a time when you implemented security measures that required verification at every level rather than assuming trust.","Leadership","Hard","Trust nothing, verify everything. The traditional network perimeter is dead. Zero trust is the future of cybersecurity.","Jay Chaudhry, CEO","Zscaler Zero Trust","2021"
Zscaler,Senior,Cloud-First Security,"Design security solutions specifically for cloud and mobile-first organizations","Describe a situation where you designed solutions specifically for mobile and cloud environments rather than traditional networks.","Problem Solving","Medium","The world has gone mobile and cloud-first. Security architectures must be built for this new reality.","Zscaler Engineering","Cloud Security","2023"
Zscaler,Mid Level,User Experience Security,"Make security invisible to users while maintaining protection","Tell me about a time when you improved security while making the user experience more seamless.","Problem Solving","Medium","The best security is invisible to users. Strong protection shouldn't create friction for legitimate activities.","Zscaler Product Team","Security UX","2023"
Zscaler,Entry Level,Threat Intelligence,"Use real-time threat intelligence to prevent attacks before they happen","Describe a time when you used data and intelligence to prevent problems before they occurred.","Problem Solving","Easy","Prevention is better than detection. Real-time threat intelligence helps us stop attacks before they start.","Zscaler ThreatLabz","Threat Research","2023"
Palo Alto Networks,Leadership,Cybersecurity Platform,"Build integrated security platforms rather than point solutions","Tell me about a time when you chose to build an integrated solution rather than using multiple separate tools.","Leadership","Hard","Cybersecurity is too important for point solutions. Integrated platforms provide better protection and simpler management.","Nikesh Arora, CEO","Platform Strategy","2022"
Palo Alto Networks,Senior,AI-Powered Security,"Use artificial intelligence to enhance cybersecurity effectiveness","Describe a situation where you used AI or machine learning to improve system performance or decision-making.","Problem Solving","Medium","AI isn't just a buzzword in security, it's essential. Machine learning helps us stay ahead of evolving threats.","Palo Alto AI Team","AI Security","2023"
Palo Alto Networks,Mid Level,Prevention-First Approach,"Focus on preventing cyberattacks rather than just detecting them","Tell me about a time when you focused on preventing problems rather than just responding to them after they occurred.","Values","Medium","Detection is important, but prevention is better. We build security that stops attacks, not just finds them.","Palo Alto Security Research","Prevention Strategy","2023"
Palo Alto Networks,Entry Level,Security Automation,"Automate security responses to reduce human error and response time","Describe a time when you automated manual processes to improve speed and accuracy.","Problem Solving","Easy","Human response time isn't fast enough for modern threats. Automation helps us respond at machine speed.","Palo Alto Automation","Security Operations","2023"
Anduril Industries,Leadership,Defense Innovation,"Bring Silicon Valley innovation to national defense and security","Tell me about a time when you brought innovative approaches to a traditional industry or conservative environment.","Leadership","Hard","American defense needs Silicon Valley speed and innovation. We're building the future of defense technology.","Palmer Luckey, Founder","Anduril Mission","2020"
Anduril Industries,Senior,Autonomous Systems,"Build autonomous systems that enhance human decision-making in defense","Describe a situation where you built systems that augmented human capabilities rather than replacing human judgment.","Problem Solving","Medium","Autonomous systems should enhance human decision-making, not replace it. We build AI that makes humans more effective.","Anduril Engineering","Autonomous Defense","2023"
Anduril Industries,Mid Level,Mission-Critical Reliability,"Build defense systems with the highest standards of reliability and performance","Tell me about a time when you built systems that had to work perfectly in high-stakes situations.","Values","Medium","Defense systems don't get second chances. Every system we build must work perfectly when lives are on the line.","Anduril Quality Team","Mission Critical Systems","2022"
Anduril Industries,Entry Level,Rapid Deployment,"Deploy defense solutions quickly to meet urgent operational needs","Describe a time when you had to rapidly deploy a solution to meet urgent requirements.","Problem Solving","Easy","Speed matters in defense. We deploy solutions in months, not years, because threats don't wait for traditional timelines.","Anduril Operations","Rapid Deployment","2023"
Scale AI,Leadership,AI Data Infrastructure,"Build the data infrastructure that powers AI development","Tell me about a time when you built foundational infrastructure that enabled others to innovate more effectively.","Leadership","Hard","AI is only as good as its data. We're building the data infrastructure that powers the AI revolution.","Alexandr Wang, CEO","Scale AI Vision","2021"
Scale AI,Senior,Human-AI Collaboration,"Combine human intelligence with machine learning for optimal results","Describe a situation where you designed systems that effectively combined human expertise with automated processes.","Problem Solving","Medium","The best AI systems combine human intelligence with machine learning. We build platforms that bring out the best of both.","Scale AI Research","Human-AI Collaboration","2023"
Scale AI,Mid Level,Data Quality Obsession,"Maintain the highest standards of data quality for machine learning","Tell me about a time when you implemented rigorous quality control processes for important data or outputs.","Values","Medium","Garbage in, garbage out. Data quality isn't negotiable when you're training AI systems that will make important decisions.","Scale AI Quality","Data Excellence","2023"
Scale AI,Entry Level,Scalable Operations,"Build operations that can scale from thousands to millions of data points","Describe a time when you designed processes that could scale dramatically without breaking.","Problem Solving","Easy","AI data needs scale exponentially. We build operations that can grow from thousands to millions of annotations seamlessly.","Scale AI Operations","Scalable Systems","2023"
Beyond Meat,Leadership,Plant-Based Revolution,"Transform the global food system through plant-based innovation","Tell me about a time when you worked to transform an industry through innovative alternatives to traditional approaches.","Leadership","Hard","We're not just making plant-based meat, we're transforming the global food system for health, sustainability, and animals.","Ethan Brown, CEO","Beyond Meat Mission","2020"
Beyond Meat,Senior,Taste and Texture Innovation,"Create plant-based products that match or exceed animal products","Describe a situation where you had to match or exceed existing performance standards with innovative approaches.","Problem Solving","Medium","Plant-based meat must taste better than animal meat, not just good enough. Innovation means exceeding expectations.","Beyond Meat R&D","Product Innovation","2023"
Beyond Meat,Mid Level,Sustainability Focus,"Prioritize environmental impact in all product development decisions","Tell me about a time when you made decisions that prioritized long-term environmental benefits over short-term convenience.","Values","Medium","Every product decision should consider environmental impact. Sustainability isn't a nice-to-have, it's essential for our future.","Beyond Meat Sustainability","Environmental Impact","2023"
Beyond Meat,Entry Level,Consumer Education,"Educate consumers about the benefits of plant-based alternatives","Describe a time when you helped educate others about the benefits of a new approach or solution.","Culture Fit","Easy","Consumer education is key to adoption. We help people understand why plant-based is better for them and the planet.","Beyond Meat Marketing","Consumer Education","2023"
Impossible Foods,Leadership,Mission-Driven Innovation,"Use science to create food that's better for people and the planet","Tell me about a time when you used scientific innovation to address a major global challenge.","Leadership","Hard","We use science to make the global food system more sustainable. Every innovation should help solve the climate crisis.","Pat Brown, Founder","Impossible Foods Mission","2019"
Impossible Foods,Senior,Heme Innovation,"Develop breakthrough ingredients that make plant-based meat taste like animal meat","Describe a situation where you developed a breakthrough innovation that solved a fundamental technical challenge.","Problem Solving","Medium","Heme is what makes meat taste like meat. Our scientific breakthrough makes plant-based meat indistinguishable from animal meat.","Impossible Foods Science","Heme Technology","2022"
Impossible Foods,Mid Level,Scale Manufacturing,"Scale innovative food technology from lab to global production","Tell me about a time when you scaled an innovative process from small-scale testing to large-scale production.","Problem Solving","Medium","Lab innovation is just the beginning. Real impact comes from scaling new technology to feed millions of people.","Impossible Foods Manufacturing","Scale Operations","2023"
Impossible Foods,Entry Level,Culinary Partnership,"Work with chefs and restaurants to integrate plant-based meat into food culture","Describe a time when you worked with creative professionals to integrate new technology into traditional practices.","Culture Fit","Easy","Great technology needs great culinary partners. We work with chefs to make plant-based meat a natural part of food culture.","Impossible Foods Culinary","Chef Partnerships","2023"
Aurora,Leadership,Self-Driving Safety,"Build autonomous vehicle technology that's safer than human drivers","Tell me about a time when you built technology that had to meet safety standards higher than existing alternatives.","Leadership","Hard","Self-driving cars must be safer than human drivers, not just good enough. Safety is our top priority and competitive advantage.","Chris Urmson, CEO","Aurora Safety","2021"
Aurora,Senior,B2B Autonomous Solutions,"Build self-driving technology for commercial and logistics applications","Describe a situation where you designed solutions specifically for business customers rather than consumers.","Problem Solving","Medium","Commercial applications are the fastest path to autonomous vehicle deployment. We build for trucking and delivery first.","Aurora Commercial","B2B Strategy","2023"
Aurora,Mid Level,Partnership Strategy,"Collaborate with vehicle manufacturers and logistics companies","Tell me about a time when you built strategic partnerships that were essential to your product's success.","Problem Solving","Medium","Autonomous driving requires deep partnerships with manufacturers and fleet operators. Collaboration is key to deployment.","Aurora Partnerships","Strategic Alliances","2023"
Aurora,Entry Level,Continuous Learning,"Improve autonomous driving through continuous real-world learning","Describe a time when you built systems that continuously learned and improved from real-world experience.","Problem Solving","Easy","Every mile driven teaches our AI something new. Continuous learning is essential for autonomous vehicle improvement.","Aurora AI Team","Machine Learning","2023"