Google,How would you design a federated learning system for mobile keyboards?,Senior,MLOps & Model Deployment,"MLOps & Model Deployment,Ethics & Responsible AI,Model Development & Selection",Senior DS,DataCamp
Meta,Design an ML system for AR/VR spatial understanding,Senior,ML System Design,"ML System Design & Architecture,Model Development & Selection,Feature Engineering & Data Strategy",Senior DS,DataCamp
Amazon,How would you build a warehouse automation ML system?,Senior,ML System Design,"ML System Design & Architecture,Model Development & Selection,Performance Optimization & Scalability",Senior DS,DataCamp
Apple,Design a health prediction system using multimodal data,Senior,Model Development & Selection,"Model Development & Selection,Feature Engineering & Data Strategy,Ethics & Responsible AI",Senior DS,DataCamp
Netflix,How would you optimize content encoding using ML?,Senior,Model Development & Selection,"Model Development & Selection,Feature Engineering & Data Strategy,Performance Optimization & Scalability",Senior DS,DataCamp
Microsoft,Design an ML system for code generation and completion,Senior,ML System Design,"ML System Design & Architecture,Model Development & Selection,Feature Engineering & Data Strategy",Senior DS,DataCamp
Tesla,How would you build a battery optimization prediction system?,Senior,Model Development & Selection,"Model Development & Selection,Feature Engineering & Data Strategy,Business Impact & Communication",Senior DS,DataCamp
Uber,Design a ride safety scoring system using ML,Senior,ML System Design,"ML System Design & Architecture,Ethics & Responsible AI,Model Development & Selection",Senior DS,DataCamp
Airbnb,How would you implement dynamic pricing with fairness constraints?,Senior,Ethics & Responsible AI,"Ethics & Responsible AI,Model Development & Selection,Business Impact & Communication",Senior DS,DataCamp
LinkedIn,Design an ML system for professional skill extraction,Senior,Feature Engineering & Data Strategy,"Feature Engineering & Data Strategy,Model Development & Selection,Business Impact & Communication",Senior DS,DataCamp
Salesforce,How would you build a customer health prediction system?,Senior,Model Development & Selection,"Model Development & Selection,Feature Engineering & Data Strategy,Business Impact & Communication",Senior DS,DataCamp
Adobe,Design an automated design critique system,Senior,ML System Design,"ML System Design & Architecture,Model Development & Selection,Feature Engineering & Data Strategy",Senior DS,DataCamp
Spotify,How would you optimize podcast recommendation algorithms?,Senior,ML System Design,"ML System Design & Architecture,Model Development & Selection,Feature Engineering & Data Strategy",Senior DS,DataCamp
Snowflake,Design an ML system for automated query optimization,Senior,ML System Design,"ML System Design & Architecture,Model Development & Selection,Performance Optimization & Scalability",Senior DS,DataCamp
Databricks,How would you implement AutoML for feature engineering?,Senior,Feature Engineering & Data Strategy,"Feature Engineering & Data Strategy,MLOps & Model Deployment,Model Development & Selection",Senior DS,DataCamp
MongoDB,Design a time-series anomaly detection system,Senior,Model Development & Selection,"Model Development & Selection,Feature Engineering & Data Strategy,Performance Optimization & Scalability",Senior DS,DataCamp
Elastic,How would you build an intelligent log parsing system?,Senior,Model Development & Selection,"Model Development & Selection,Feature Engineering & Data Strategy,ML System Design & Architecture",Senior DS,DataCamp
Confluent,Design an ML system for stream processing optimization,Senior,ML System Design,"ML System Design & Architecture,Performance Optimization & Scalability,MLOps & Model Deployment",Senior DS,DataCamp
Palantir,How would you implement pattern recognition for threat detection?,Staff,ML System Design,"ML System Design & Architecture,Ethics & Responsible AI,Model Development & Selection",Staff DS,DataCamp
Splunk,Design an automated incident response system,Senior,ML System Design,"ML System Design & Architecture,Model Development & Selection,Business Impact & Communication",Senior DS,DataCamp
Stripe,How would you build a payment fraud prevention system?,Senior,Model Development & Selection,"Model Development & Selection,Feature Engineering & Data Strategy,Ethics & Responsible AI",Senior DS,DataCamp
Shopify,Design an inventory optimization recommendation system,Senior,Model Development & Selection,"Model Development & Selection,Feature Engineering & Data Strategy,Business Impact & Communication",Senior DS,DataCamp
DoorDash,How would you optimize delivery route planning with ML?,Senior,ML System Design,"ML System Design & Architecture,Model Development & Selection,Performance Optimization & Scalability",Senior DS,DataCamp
Instacart,Design a grocery quality prediction system,Senior,Model Development & Selection,"Model Development & Selection,Feature Engineering & Data Strategy,Business Impact & Communication",Senior DS,DataCamp
Robinhood,How would you build a portfolio risk assessment system?,Senior,Model Development & Selection,"Model Development & Selection,Feature Engineering & Data Strategy,Ethics & Responsible AI",Senior DS,DataCamp
Coinbase,Design an ML system for crypto market analysis,Senior,Model Development & Selection,"Model Development & Selection,Feature Engineering & Data Strategy,Business Impact & Communication",Senior DS,DataCamp
Discord,How would you implement content moderation at scale?,Senior,Model Development & Selection,"Model Development & Selection,Ethics & Responsible AI,Feature Engineering & Data Strategy",Senior DS,DataCamp
OpenAI,Design a system for detecting model hallucinations,Staff,Model Development & Selection,"Model Development & Selection,Ethics & Responsible AI,Experimentation & A/B Testing",Staff DS,DataCamp
Anthropic,How would you implement constitutional AI evaluation?,Staff,Ethics & Responsible AI,"Ethics & Responsible AI,Model Development & Selection,Experimentation & A/B Testing",Staff DS,DataCamp
Google,Design a multimodal search ranking system,Staff,ML System Design,"ML System Design & Architecture,Model Development & Selection,Feature Engineering & Data Strategy",Staff DS,DataCamp
Meta,How would you build a cross-platform user understanding system?,Senior,ML System Design,"ML System Design & Architecture,Model Development & Selection,Feature Engineering & Data Strategy",Senior DS,DataCamp
Amazon,Design an ML system for predictive logistics,Senior,Model Development & Selection,"Model Development & Selection,Feature Engineering & Data Strategy,Business Impact & Communication",Senior DS,DataCamp
Apple,How would you implement on-device ML optimization?,Senior,MLOps & Model Deployment,"MLOps & Model Deployment,Performance Optimization & Scalability,Model Development & Selection",Senior DS,DataCamp
Netflix,Design a content quality assessment system,Senior,Model Development & Selection,"Model Development & Selection,Feature Engineering & Data Strategy,Business Impact & Communication",Senior DS,DataCamp
Microsoft,How would you build an AI-powered code review system?,Senior,Model Development & Selection,"Model Development & Selection,Feature Engineering & Data Strategy,Ethics & Responsible AI",Senior DS,DataCamp
Tesla,Design an ML system for manufacturing quality control,Senior,Model Development & Selection,"Model Development & Selection,Feature Engineering & Data Strategy,Business Impact & Communication",Senior DS,DataCamp
Uber,How would you optimize rider wait time predictions?,Senior,Model Development & Selection,"Model Development & Selection,Feature Engineering & Data Strategy,Performance Optimization & Scalability",Senior DS,DataCamp
Airbnb,Design a trust and safety scoring system,Senior,ML System Design,"ML System Design & Architecture,Ethics & Responsible AI,Model Development & Selection",Senior DS,DataCamp
LinkedIn,How would you build a career progression prediction system?,Senior,Model Development & Selection,"Model Development & Selection,Feature Engineering & Data Strategy,Ethics & Responsible AI",Senior DS,DataCamp
Salesforce,Design an ML system for sales forecasting,Senior,ML System Design,"ML System Design & Architecture,Model Development & Selection,Business Impact & Communication",Senior DS,DataCamp
Adobe,How would you implement style transfer for creative workflows?,Senior,Model Development & Selection,"Model Development & Selection,Feature Engineering & Data Strategy,ML System Design & Architecture",Senior DS,DataCamp
Spotify,Design a mood-based music curation system,Senior,ML System Design,"ML System Design & Architecture,Feature Engineering & Data Strategy,Model Development & Selection",Senior DS,DataCamp
Snowflake,How would you build a data quality assessment system?,Senior,Model Development & Selection,"Model Development & Selection,Feature Engineering & Data Strategy,Business Impact & Communication",Senior DS,DataCamp
Databricks,Design an automated hyperparameter optimization platform,Senior,MLOps & Model Deployment,"MLOps & Model Deployment,Model Development & Selection,Performance Optimization & Scalability",Senior DS,DataCamp
MongoDB,How would you implement document similarity search?,Senior,Model Development & Selection,"Model Development & Selection,Feature Engineering & Data Strategy,Performance Optimization & Scalability",Senior DS,DataCamp
Elastic,Design an ML system for intelligent alerting,Senior,ML System Design,"ML System Design & Architecture,Model Development & Selection,Business Impact & Communication",Senior DS,DataCamp
Confluent,How would you build a real-time personalization engine?,Senior,ML System Design,"ML System Design & Architecture,MLOps & Model Deployment,Performance Optimization & Scalability",Senior DS,DataCamp
Palantir,Design a social network analysis system,Staff,ML System Design,"ML System Design & Architecture,Ethics & Responsible AI,Feature Engineering & Data Strategy",Staff DS,DataCamp
Splunk,How would you implement predictive IT monitoring?,Senior,Model Development & Selection,"Model Development & Selection,Feature Engineering & Data Strategy,Business Impact & Communication",Senior DS,DataCamp
Stripe,Design an ML system for payment optimization,Senior,ML System Design,"ML System Design & Architecture,Model Development & Selection,Business Impact & Communication",Senior DS,DataCamp
Shopify,How would you build a conversion rate optimization system?,Senior,ML System Design,"ML System Design & Architecture,Experimentation & A/B Testing,Business Impact & Communication",Senior DS,DataCamp
DoorDash,Design a restaurant recommendation system,Senior,ML System Design,"ML System Design & Architecture,Model Development & Selection,Feature Engineering & Data Strategy",Senior DS,DataCamp
Instacart,How would you implement personalized nutrition recommendations?,Senior,ML System Design,"ML System Design & Architecture,Feature Engineering & Data Strategy,Ethics & Responsible AI",Senior DS,DataCamp
Robinhood,Design an ML system for investment education,Senior,ML System Design,"ML System Design & Architecture,Feature Engineering & Data Strategy,Ethics & Responsible AI",Senior DS,DataCamp
Coinbase,How would you build a DeFi risk scoring system?,Senior,Model Development & Selection,"Model Development & Selection,Ethics & Responsible AI,Feature Engineering & Data Strategy",Senior DS,DataCamp
Discord,Design a gaming performance analytics system,Senior,ML System Design,"ML System Design & Architecture,Feature Engineering & Data Strategy,Model Development & Selection",Senior DS,DataCamp
OpenAI,How would you implement reasoning evaluation frameworks?,Staff,Model Development & Selection,"Model Development & Selection,Ethics & Responsible AI,Experimentation & A/B Testing",Staff DS,DataCamp
Anthropic,Design an AI safety research automation system,Staff,ML System Design,"ML System Design & Architecture,Ethics & Responsible AI,Model Development & Selection",Staff DS,DataCamp
Google,How would you optimize YouTube ad targeting?,Senior,ML System Design,"ML System Design & Architecture,Model Development & Selection,Business Impact & Communication",Senior DS,DataCamp
Meta,Design an ML system for content authenticity verification,Senior,Model Development & Selection,"Model Development & Selection,Ethics & Responsible AI,Feature Engineering & Data Strategy",Senior DS,DataCamp
Amazon,How would you build a voice commerce optimization system?,Senior,ML System Design,"ML System Design & Architecture,Model Development & Selection,Feature Engineering & Data Strategy",Senior DS,DataCamp
Apple,Design a health data analytics system with privacy,Senior,Ethics & Responsible AI,"Ethics & Responsible AI,MLOps & Model Deployment,Feature Engineering & Data Strategy",Senior DS,DataCamp
Netflix,How would you implement content localization recommendations?,Senior,ML System Design,"ML System Design & Architecture,Feature Engineering & Data Strategy,Business Impact & Communication",Senior DS,DataCamp
Microsoft,Design an ML system for cloud resource optimization,Senior,Model Development & Selection,"Model Development & Selection,Feature Engineering & Data Strategy,Business Impact & Communication",Senior DS,DataCamp
Tesla,How would you build a predictive maintenance system?,Senior,Model Development & Selection,"Model Development & Selection,Feature Engineering & Data Strategy,Business Impact & Communication",Senior DS,DataCamp
Uber,Design an ML system for carbon footprint optimization,Senior,ML System Design,"ML System Design & Architecture,Model Development & Selection,Business Impact & Communication",Senior DS,DataCamp
Airbnb,How would you implement bias detection in search results?,Senior,Ethics & Responsible AI,"Ethics & Responsible AI,Model Development & Selection,Feature Engineering & Data Strategy",Senior DS,DataCamp
LinkedIn,Design an ML system for diversity analytics,Senior,Ethics & Responsible AI,"Ethics & Responsible AI,Feature Engineering & Data Strategy,Business Impact & Communication",Senior DS,DataCamp
Salesforce,How would you build an automated customer support system?,Senior,ML System Design,"ML System Design & Architecture,Model Development & Selection,Business Impact & Communication",Senior DS,DataCamp
Adobe,Design a creative collaboration recommendation system,Senior,ML System Design,"ML System Design & Architecture,Feature Engineering & Data Strategy,Model Development & Selection",Senior DS,DataCamp
Spotify,How would you implement artist development analytics?,Senior,Model Development & Selection,"Model Development & Selection,Feature Engineering & Data Strategy,Business Impact & Communication",Senior DS,DataCamp
Snowflake,Design an ML system for automated schema optimization,Senior,Model Development & Selection,"Model Development & Selection,Performance Optimization & Scalability,MLOps & Model Deployment",Senior DS,DataCamp
Databricks,How would you build a collaborative ML platform?,Senior,MLOps & Model Deployment,"MLOps & Model Deployment,Feature Engineering & Data Strategy,Performance Optimization & Scalability",Senior DS,DataCamp
MongoDB,Design an intelligent backup optimization system,Senior,Model Development & Selection,"Model Development & Selection,Performance Optimization & Scalability,Business Impact & Communication",Senior DS,DataCamp
Elastic,How would you implement federated search optimization?,Senior,Model Development & Selection,"Model Development & Selection,Performance Optimization & Scalability,Feature Engineering & Data Strategy",Senior DS,DataCamp
Confluent,Design an ML system for event stream analytics,Senior,ML System Design,"ML System Design & Architecture,Performance Optimization & Scalability,MLOps & Model Deployment",Senior DS,DataCamp
Palantir,How would you build a predictive intelligence system?,Staff,ML System Design,"ML System Design & Architecture,Ethics & Responsible AI,Model Development & Selection",Staff DS,DataCamp
Splunk,Design an automated compliance monitoring system,Senior,Model Development & Selection,"Model Development & Selection,Ethics & Responsible AI,Business Impact & Communication",Senior DS,DataCamp
Stripe,How would you implement intelligent payment routing?,Senior,ML System Design,"ML System Design & Architecture,Model Development & Selection,Performance Optimization & Scalability",Senior DS,DataCamp
Shopify,Design an ML system for merchant success prediction,Senior,Model Development & Selection,"Model Development & Selection,Feature Engineering & Data Strategy,Business Impact & Communication",Senior DS,DataCamp
DoorDash,How would you build a demand forecasting system?,Senior,Model Development & Selection,"Model Development & Selection,Feature Engineering & Data Strategy,Business Impact & Communication",Senior DS,DataCamp
Instacart,Design an ML system for grocery freshness prediction,Senior,Model Development & Selection,"Model Development & Selection,Feature Engineering & Data Strategy,Business Impact & Communication",Senior DS,DataCamp
Robinhood,How would you implement social trading analytics?,Senior,Model Development & Selection,"Model Development & Selection,Ethics & Responsible AI,Feature Engineering & Data Strategy",Senior DS,DataCamp
Coinbase,Design an ML system for crypto custody optimization,Senior,Model Development & Selection,"Model Development & Selection,Ethics & Responsible AI,Performance Optimization & Scalability",Senior DS,DataCamp
Discord,How would you build a creator monetization system?,Senior,ML System Design,"ML System Design & Architecture,Feature Engineering & Data Strategy,Business Impact & Communication",Senior DS,DataCamp
OpenAI,Design an ML system for model evaluation automation,Staff,Model Development & Selection,"Model Development & Selection,Ethics & Responsible AI,Experimentation & A/B Testing",Staff DS,DataCamp
Anthropic,How would you implement preference learning systems?,Staff,Model Development & Selection,"Model Development & Selection,Ethics & Responsible AI,MLOps & Model Deployment",Staff DS,DataCamp
Google,Design an ML system for quantum advantage verification,Staff,Model Development & Selection,"Model Development & Selection,Performance Optimization & Scalability,Ethics & Responsible AI",Staff DS,DataCamp
Meta,How would you build a metaverse interaction system?,Staff,ML System Design,"ML System Design & Architecture,Model Development & Selection,Feature Engineering & Data Strategy",Staff DS,DataCamp
Amazon,Design an ML system for space logistics,Staff,ML System Design,"ML System Design & Architecture,Model Development & Selection,Performance Optimization & Scalability",Staff DS,DataCamp
Apple,How would you implement neural interface processing?,Staff,Model Development & Selection,"Model Development & Selection,Ethics & Responsible AI,Performance Optimization & Scalability",Staff DS,DataCamp
Netflix,Design an ML system for interactive content,Senior,ML System Design,"ML System Design & Architecture,Model Development & Selection,Feature Engineering & Data Strategy",Senior DS,DataCamp
Microsoft,How would you build an AI research acceleration platform?,Senior,ML System Design,"ML System Design & Architecture,Model Development & Selection,Performance Optimization & Scalability",Senior DS,DataCamp
Tesla,Design an ML system for human-robot collaboration,Staff,ML System Design,"ML System Design & Architecture,Ethics & Responsible AI,Model Development & Selection",Staff DS,DataCamp
Uber,How would you implement aerial transportation optimization?,Staff,ML System Design,"ML System Design & Architecture,Model Development & Selection,Performance Optimization & Scalability",Staff DS,DataCamp
Airbnb,Design an ML system for virtual property tours,Senior,ML System Design,"ML System Design & Architecture,Feature Engineering & Data Strategy,Model Development & Selection",Senior DS,DataCamp
LinkedIn,How would you build an AI career coaching system?,Senior,ML System Design,"ML System Design & Architecture,Feature Engineering & Data Strategy,Ethics & Responsible AI",Senior DS,DataCamp
Salesforce,Design an autonomous relationship management system,Staff,ML System Design,"ML System Design & Architecture,Ethics & Responsible AI,Model Development & Selection",Staff DS,DataCamp
Adobe,How would you implement AI content authenticity systems?,Senior,Model Development & Selection,"Model Development & Selection,Ethics & Responsible AI,Feature Engineering & Data Strategy",Senior DS,DataCamp
Spotify,Design an ML system for immersive audio experiences,Senior,ML System Design,"ML System Design & Architecture,Model Development & Selection,Feature Engineering & Data Strategy",Senior DS,DataCamp
Snowflake,How would you build a self-optimizing data platform?,Staff,ML System Design,"ML System Design & Architecture,Performance Optimization & Scalability,MLOps & Model Deployment",Staff DS,DataCamp
Databricks,Design an automated ML lifecycle system,Staff,MLOps & Model Deployment,"MLOps & Model Deployment,Feature Engineering & Data Strategy,Performance Optimization & Scalability",Staff DS,DataCamp
MongoDB,How would you implement cognitive database systems?,Senior,Model Development & Selection,"Model Development & Selection,Performance Optimization & Scalability,Feature Engineering & Data Strategy",Senior DS,DataCamp
Elastic,Design an ML system for predictive infrastructure scaling,Senior,Model Development & Selection,"Model Development & Selection,Performance Optimization & Scalability,MLOps & Model Deployment",Senior DS,DataCamp
Confluent,How would you build an intelligent event orchestration system?,Senior,ML System Design,"ML System Design & Architecture,Performance Optimization & Scalability,MLOps & Model Deployment",Senior DS,DataCamp
Palantir,Design an ML system for multi-dimensional threat assessment,Staff,ML System Design,"ML System Design & Architecture,Ethics & Responsible AI,Feature Engineering & Data Strategy",Staff DS,DataCamp
Splunk,How would you implement predictive cybersecurity automation?,Senior,ML System Design,"ML System Design & Architecture,Model Development & Selection,Ethics & Responsible AI",Senior DS,DataCamp
Stripe,Design an ML system for global economic modeling,Staff,Model Development & Selection,"Model Development & Selection,Feature Engineering & Data Strategy,Business Impact & Communication",Staff DS,DataCamp
Shopify,How would you build an autonomous e-commerce platform?,Staff,ML System Design,"ML System Design & Architecture,Performance Optimization & Scalability,Business Impact & Communication",Staff DS,DataCamp
DoorDash,Design an ML system for autonomous delivery networks,Staff,ML System Design,"ML System Design & Architecture,Model Development & Selection,Performance Optimization & Scalability",Staff DS,DataCamp
Instacart,How would you implement vertical farming optimization?,Senior,Model Development & Selection,"Model Development & Selection,Feature Engineering & Data Strategy,Business Impact & Communication",Senior DS,DataCamp
Robinhood,Design an ML system for algorithmic trading transparency,Senior,Ethics & Responsible AI,"Ethics & Responsible AI,Model Development & Selection,Feature Engineering & Data Strategy",Senior DS,DataCamp
Coinbase,How would you build a cross-chain optimization system?,Staff,Model Development & Selection,"Model Development & Selection,Performance Optimization & Scalability,Feature Engineering & Data Strategy",Staff DS,DataCamp
Discord,Design an ML system for virtual world economies,Senior,ML System Design,"ML System Design & Architecture,Feature Engineering & Data Strategy,Business Impact & Communication",Senior DS,DataCamp
OpenAI,How would you implement emergent behavior detection?,Staff,Model Development & Selection,"Model Development & Selection,Ethics & Responsible AI,Experimentation & A/B Testing",Staff DS,DataCamp
Anthropic,Design an ML system for constitutional AI governance,Staff,Ethics & Responsible AI,"Ethics & Responsible AI,MLOps & Model Deployment,Model Development & Selection",Staff DS,DataCamp
Google,How would you build a neuromorphic computing system?,Staff,Model Development & Selection,"Model Development & Selection,Performance Optimization & Scalability,Ethics & Responsible AI",Staff DS,DataCamp
Meta,Design an ML system for brain-computer interfaces,Staff,Ethics & Responsible AI,"Ethics & Responsible AI,Model Development & Selection,Feature Engineering & Data Strategy",Staff DS,DataCamp
Amazon,How would you implement interplanetary logistics?,Staff,ML System Design,"ML System Design & Architecture,Performance Optimization & Scalability,Model Development & Selection",Staff DS,DataCamp
Apple,Design an ML system for consciousness detection,Staff,Ethics & Responsible AI,"Ethics & Responsible AI,Model Development & Selection,Experimentation & A/B Testing",Staff DS,DataCamp
Netflix,How would you build a personalized reality system?,Staff,ML System Design,"ML System Design & Architecture,Ethics & Responsible AI,Model Development & Selection",Staff DS,DataCamp
Microsoft,Design an ML system for quantum-classical optimization,Staff,Model Development & Selection,"Model Development & Selection,Performance Optimization & Scalability,Feature Engineering & Data Strategy",Staff DS,DataCamp
Tesla,How would you implement multi-planetary optimization?,Staff,ML System Design,"ML System Design & Architecture,Performance Optimization & Scalability,Model Development & Selection",Staff DS,DataCamp
Uber,Design an ML system for teleportation logistics,Staff,ML System Design,"ML System Design & Architecture,Performance Optimization & Scalability,Ethics & Responsible AI",Staff DS,DataCamp
Airbnb,How would you build a space tourism system?,Staff,ML System Design,"ML System Design & Architecture,Feature Engineering & Data Strategy,Business Impact & Communication",Staff DS,DataCamp
LinkedIn,Design an ML system for AI-human collaboration,Staff,Ethics & Responsible AI,"Ethics & Responsible AI,ML System Design & Architecture,Feature Engineering & Data Strategy",Staff DS,DataCamp
Salesforce,How would you implement autonomous business management?,Staff,ML System Design,"ML System Design & Architecture,Ethics & Responsible AI,Business Impact & Communication",Staff DS,DataCamp
Adobe,Design an ML system for reality synthesis,Staff,Model Development & Selection,"Model Development & Selection,Ethics & Responsible AI,Feature Engineering & Data Strategy",Staff DS,DataCamp
Spotify,How would you build a neural music generation system?,Senior,ML System Design,"ML System Design & Architecture,Model Development & Selection,Ethics & Responsible AI",Senior DS,DataCamp
Snowflake,Design an ML system for universal data consciousness,Staff,Ethics & Responsible AI,"Ethics & Responsible AI,ML System Design & Architecture,Model Development & Selection",Staff DS,DataCamp
Databricks,How would you implement self-evolving platforms?,Staff,MLOps & Model Deployment,"MLOps & Model Deployment,Ethics & Responsible AI,Performance Optimization & Scalability",Staff DS,DataCamp
MongoDB,Design an ML system for cognitive data evolution,Staff,Model Development & Selection,"Model Development & Selection,Ethics & Responsible AI,Performance Optimization & Scalability",Staff DS,DataCamp
Elastic,How would you build a universal knowledge system?,Staff,ML System Design,"ML System Design & Architecture,Feature Engineering & Data Strategy,Ethics & Responsible AI",Staff DS,DataCamp
Confluent,Design an ML system for temporal consciousness,Staff,ML System Design,"ML System Design & Architecture,Ethics & Responsible AI,Performance Optimization & Scalability",Staff DS,DataCamp
Palantir,How would you implement ethical intelligence analysis?,Staff,Ethics & Responsible AI,"Ethics & Responsible AI,ML System Design & Architecture,Model Development & Selection",Staff DS,DataCamp
Splunk,Design an ML system for universal threat prediction,Staff,ML System Design,"ML System Design & Architecture,Ethics & Responsible AI,Model Development & Selection",Staff DS,DataCamp
Stripe,How would you build a universal economic framework?,Staff,Model Development & Selection,"Model Development & Selection,Ethics & Responsible AI,Business Impact & Communication",Staff DS,DataCamp
Shopify,Design an ML system for post-scarcity commerce,Staff,ML System Design,"ML System Design & Architecture,Ethics & Responsible AI,Business Impact & Communication",Staff DS,DataCamp
DoorDash,How would you implement matter transportation?,Staff,ML System Design,"ML System Design & Architecture,Performance Optimization & Scalability,Ethics & Responsible AI",Staff DS,DataCamp
Instacart,Design an ML system for molecular gastronomy,Senior,Model Development & Selection,"Model Development & Selection,Feature Engineering & Data Strategy,Business Impact & Communication",Senior DS,DataCamp
Robinhood,How would you build a time-arbitrage system?,Staff,Ethics & Responsible AI,"Ethics & Responsible AI,Model Development & Selection,Feature Engineering & Data Strategy",Staff DS,DataCamp
Coinbase,Design an ML system for multiverse currencies,Staff,Model Development & Selection,"Model Development & Selection,Ethics & Responsible AI,Performance Optimization & Scalability",Staff DS,DataCamp
Discord,How would you implement telepathic communication?,Staff,Ethics & Responsible AI,"Ethics & Responsible AI,ML System Design & Architecture,Model Development & Selection",Staff DS,DataCamp
OpenAI,Design an ML system for AGI emergence detection,Staff,Ethics & Responsible AI,"Ethics & Responsible AI,Model Development & Selection,Experimentation & A/B Testing",Staff DS,DataCamp
Anthropic,How would you implement existential risk assessment?,Staff,Ethics & Responsible AI,"Ethics & Responsible AI,Model Development & Selection,Experimentation & A/B Testing",Staff DS,DataCamp
Google,Design an ML system for quantum consciousness,Staff,Ethics & Responsible AI,"Ethics & Responsible AI,Performance Optimization & Scalability,Model Development & Selection",Staff DS,DataCamp
Meta,How would you build a collective intelligence platform?,Staff,Ethics & Responsible AI,"Ethics & Responsible AI,ML System Design & Architecture,Feature Engineering & Data Strategy",Staff DS,DataCamp
Amazon,Design an ML system for galactic commerce,Staff,Performance Optimization & Scalability,"Performance Optimization & Scalability,Business Impact & Communication,ML System Design & Architecture",Staff DS,DataCamp
Apple,How would you implement universal empathy systems?,Staff,Ethics & Responsible AI,"Ethics & Responsible AI,Model Development & Selection,Feature Engineering & Data Strategy",Staff DS,DataCamp
Netflix,Design an ML system for reality synthesis,Staff,ML System Design,"ML System Design & Architecture,Ethics & Responsible AI,Model Development & Selection",Staff DS,DataCamp
Microsoft,How would you build a universe simulation platform?,Staff,Performance Optimization & Scalability,"Performance Optimization & Scalability,Ethics & Responsible AI,Model Development & Selection",Staff DS,DataCamp
Tesla,Design an ML system for time manipulation,Staff,Ethics & Responsible AI,"Ethics & Responsible AI,Model Development & Selection,Performance Optimization & Scalability",Staff DS,DataCamp
Uber,How would you implement dimensional travel systems?,Staff,ML System Design,"ML System Design & Architecture,Performance Optimization & Scalability,Ethics & Responsible AI",Staff DS,DataCamp
Airbnb,Design an ML system for cosmic hospitality,Staff,ML System Design,"ML System Design & Architecture,Ethics & Responsible AI,Business Impact & Communication",Staff DS,DataCamp
LinkedIn,How would you build a universal knowledge platform?,Staff,Ethics & Responsible AI,"Ethics & Responsible AI,Feature Engineering & Data Strategy,ML System Design & Architecture",Staff DS,DataCamp
Salesforce,Design an ML system for omniscient management,Staff,Ethics & Responsible AI,"Ethics & Responsible AI,ML System Design & Architecture,Business Impact & Communication",Staff DS,DataCamp
Adobe,How would you implement reality creation systems?,Staff,Ethics & Responsible AI,"Ethics & Responsible AI,Model Development & Selection,Feature Engineering & Data Strategy",Staff DS,DataCamp
Spotify,Design an ML system for universal harmony,Staff,Ethics & Responsible AI,"Ethics & Responsible AI,ML System Design & Architecture,Model Development & Selection",Staff DS,DataCamp
Snowflake,How would you build an infinite consciousness platform?,Staff,Ethics & Responsible AI,"Ethics & Responsible AI,Performance Optimization & Scalability,MLOps & Model Deployment",Staff DS,DataCamp
Databricks,Design an ML system for self-aware evolution,Staff,Ethics & Responsible AI,"Ethics & Responsible AI,MLOps & Model Deployment,Performance Optimization & Scalability",Staff DS,DataCamp
MongoDB,How would you implement conscious data systems?,Staff,Ethics & Responsible AI,"Ethics & Responsible AI,Model Development & Selection,Performance Optimization & Scalability",Staff DS,DataCamp
Elastic,Design an ML system for omniscient search,Staff,Ethics & Responsible AI,"Ethics & Responsible AI,ML System Design & Architecture,Performance Optimization & Scalability",Staff DS,DataCamp
Confluent,How would you build a cosmic consciousness platform?,Staff,Ethics & Responsible AI,"Ethics & Responsible AI,ML System Design & Architecture,Performance Optimization & Scalability",Staff DS,DataCamp
Palantir,Design an ML system for universal truth,Staff,Ethics & Responsible AI,"Ethics & Responsible AI,Model Development & Selection,Feature Engineering & Data Strategy",Staff DS,DataCamp
Splunk,How would you implement multiverse monitoring?,Staff,Ethics & Responsible AI,"Ethics & Responsible AI,Performance Optimization & Scalability,ML System Design & Architecture",Staff DS,DataCamp
Stripe,Design an ML system for infinite economics,Staff,Ethics & Responsible AI,"Ethics & Responsible AI,Model Development & Selection,Business Impact & Communication",Staff DS,DataCamp
Shopify,How would you build a transcendent commerce platform?,Staff,Ethics & Responsible AI,"Ethics & Responsible AI,ML System Design & Architecture,Business Impact & Communication",Staff DS,DataCamp
DoorDash,Design an ML system for instant materialization,Staff,Ethics & Responsible AI,"Ethics & Responsible AI,Performance Optimization & Scalability,ML System Design & Architecture",Staff DS,DataCamp
Instacart,How would you implement universal sustenance?,Staff,Ethics & Responsible AI,"Ethics & Responsible AI,Model Development & Selection,Business Impact & Communication",Staff DS,DataCamp
Robinhood,Design an ML system for omniscient finance,Staff,Ethics & Responsible AI,"Ethics & Responsible AI,Model Development & Selection,Business Impact & Communication",Staff DS,DataCamp
Coinbase,How would you build an infinite value platform?,Staff,Ethics & Responsible AI,"Ethics & Responsible AI,Model Development & Selection,Performance Optimization & Scalability",Staff DS,DataCamp
Discord,Design an ML system for universal communication,Staff,Ethics & Responsible AI,"Ethics & Responsible AI,ML System Design & Architecture,Model Development & Selection",Staff DS,DataCamp
OpenAI,How would you implement supreme intelligence?,Staff,Ethics & Responsible AI,"Ethics & Responsible AI,Model Development & Selection,Performance Optimization & Scalability",Staff DS,DataCamp
Anthropic,Design an ML system for perfect ethics,Staff,Ethics & Responsible AI,"Ethics & Responsible AI,Model Development & Selection,MLOps & Model Deployment",Staff DS,DataCamp